job_id,report_text,scenario_id,fault_category,true_safety_level,urgency_flags,occupant_vulnerability,need_score,community,tier,remote,access_mode,trade_base,round_trip_km
S00000,"smells like poo near the bathroom, Elliott",3,plumbing,critical,sewage,,125.0,Elliott,T1,False,road,Tennant Creek,633.2
S00001,"stove not working, Mutitjulu",15,kitchen,medium,,,25.0,Mutitjulu,T3,True,road,Alice Springs,882.3
S00002,"fan broke in the bedroom, Daly Waters",10,cooling,medium,,,25.0,Daly Waters,T1,False,road,Katherine,601.9
S00003,"split system died in the heat, got a baby here, my nan lives here, Elliott",9,cooling,high,no_cooling_extreme_heat,infants|elderly,107.64,Elliott,T1,False,road,Tennant Creek,633.2
S00004,"floor gave way near the door, Milikapiti",8,structural,critical,structural,,130.0,Milikapiti,T3,True,air,Darwin,246.6
S00005,"wheelchair ramp fell apart and cant get in the house, Umbakumba",18,accessibility,critical,accessibility,disability,132.16,Umbakumba,T3,True,air,Darwin,1337.9
S00006,"snake in the yard near the kids, got a baby here, Tennant Creek",20,other,high,vermin_pest|child_safety,infants,91.2,Tennant Creek,T1,False,road,Tennant Creek,0.0
S00007,"smells like poo near the bathroom, Katherine",3,plumbing,critical,sewage,,125.0,Katherine,T1,False,road,Katherine,0.0
S00008,"oven sparking and fridge not cold, Alyangula",15,kitchen,medium,,,25.0,Alyangula,T3,True,air,Darwin,1308.1
S00009,"no power in the back rooms, Ti Tree",6,electrical,medium,,,25.0,Ti Tree,T2,True,road,Alice Springs,469.6
S00010,"mosquito screens torn, Minyerri",21,other,low,,,8.0,Minyerri,T2,True,road,Katherine,556.2
S00011,"snake came into the laundry, got a baby here, Katherine",20,other,high,vermin_pest|child_safety,infants,91.2,Katherine,T1,False,road,Katherine,0.0
S00012,"oven sparking and fridge not cold, Adelaide River",15,kitchen,medium,,,25.0,Adelaide River,T1,False,road,Darwin,235.6
S00013,"bath leaking through the floor slowly, Mataranka",16,bathroom,low,,,8.0,Mataranka,T1,False,road,Katherine,258.7
S00014,"bore water salty and smells off, got a baby here, Alyangula",11,water_quality,high,water_contamination|child_safety,infants,104.4,Alyangula,T3,True,air,Darwin,1308.1
S00015,"ants everywhere in the kitchen, Alyangula",19,other,medium,vermin_pest,,29.0,Alyangula,T3,True,air,Darwin,1308.1
S00016,"split system leaking water, Humpty Doo",10,cooling,medium,,,25.0,Humpty Doo,T1,False,road,Palmerston,42.7
S00017,"ceiling caving in above the children, got a baby here, Wadeye",7,structural,critical,structural|child_safety,infants,170.4,Wadeye,T2,True,road,Darwin,635.3
S00018,"powerpoint dead in the lounge, Palmerston",6,electrical,medium,,,25.0,Palmerston,T0,False,road,Palmerston,0.0
S00019,"sparks from the powerpoint near the oxygen machine, Yirrkala",5,electrical,critical,exposed_wiring|medical_equipment,medical_dependent,205.4,Yirrkala,T3,True,road,Darwin,1708.0
S00020,"toilet blocked and its the only one in the house, Daly Waters",12,sanitation,high,only_toilet_blocked|sewage,,97.0,Daly Waters,T1,False,road,Katherine,601.9
S00021,"aircon not cooling properly, Tennant Creek",10,cooling,medium,,,25.0,Tennant Creek,T1,False,road,Tennant Creek,0.0
S00022,"oven sparking and fridge not cold, Adelaide River",15,kitchen,medium,,,25.0,Adelaide River,T1,False,road,Darwin,235.6
S00023,"nothing coming out of any tap, got a baby here, my nan lives here, Palumpa",0,plumbing,critical,no_water,infants|elderly,168.36,Palumpa,T2,True,road,Darwin,605.4
S00024,"fan broke in the bedroom, Daguragu",10,cooling,medium,,,25.0,Daguragu,T3,True,road,Katherine,945.0
S00025,"verandah posts collapsing, Milingimbi",8,structural,critical,structural,,130.0,Milingimbi,T3,True,air,Darwin,928.9
S00026,"smells like poo near the bathroom, Daly Waters",3,plumbing,critical,sewage,,125.0,Daly Waters,T1,False,road,Katherine,601.9
S00027,"door wont lock and there was a break in, kids scared, got a baby here, Alyangula",14,security,critical,security|child_safety,infants,151.2,Alyangula,T3,True,air,Darwin,1308.1
S00028,"fan broke in the bedroom, Ngukurr",10,cooling,medium,,,25.0,Ngukurr,T3,True,road,Katherine,694.3
S00029,"no power in the back rooms, Darwin",6,electrical,medium,,,25.0,Darwin,T0,False,road,Darwin,0.0
S00030,"wire hanging out of the wall, Batchelor",4,electrical,critical,exposed_wiring|fire_risk,,155.0,Batchelor,T1,False,road,Darwin,173.2
S00031,"ants everywhere in the kitchen, Humpty Doo",19,other,medium,vermin_pest,,29.0,Humpty Doo,T1,False,road,Palmerston,42.7
S00032,"grab rail fell off the wall in the bathroom, Alice Springs",18,accessibility,critical,accessibility,disability,132.16,Alice Springs,T0,False,road,Alice Springs,0.0
S00033,"door wont lock and there was a break in, kids scared, got a baby here, Numbulwar",14,security,critical,security|child_safety,infants,151.2,Numbulwar,T3,True,air,Katherine,785.3
S00034,"roof is leaking right over my kids bed and the ceiling is sagging, got a baby here, Darwin",7,structural,critical,structural|child_safety,infants,170.4,Darwin,T0,False,road,Darwin,0.0
S00035,"mosquito screens torn, Milingimbi",21,other,low,,,8.0,Milingimbi,T3,True,air,Darwin,928.9
S00036,"back door wont lock and the window got smashed, Milikapiti",13,security,high,security,,74.0,Milikapiti,T3,True,air,Darwin,246.6
S00037,"fan broke in the bedroom, Palmerston",10,cooling,medium,,,25.0,Palmerston,T0,False,road,Palmerston,0.0
S00038,"snake in the yard near the kids, got a baby here, Papunya",20,other,high,vermin_pest|child_safety,infants,91.2,Papunya,T3,True,road,Alice Springs,543.2
S00039,"lights flicker and trip the box, Adelaide River",6,electrical,medium,,,25.0,Adelaide River,T1,False,road,Darwin,235.6
S00040,"bath leaking through the floor slowly, Humpty Doo",16,bathroom,low,,,8.0,Humpty Doo,T1,False,road,Palmerston,42.7
S00041,"no power in the back rooms, Alice Springs",6,electrical,medium,,,25.0,Alice Springs,T0,False,road,Alice Springs,0.0
S00042,"powerpoint dead in the lounge, Batchelor",6,electrical,medium,,,25.0,Batchelor,T1,False,road,Darwin,173.2
S00043,"bath leaking through the floor slowly, Umbakumba",16,bathroom,low,,,8.0,Umbakumba,T3,True,air,Darwin,1337.9
S00044,"power point scorched where the dialysis machine plugs in, Humpty Doo",5,electrical,critical,exposed_wiring|medical_equipment,medical_dependent,205.4,Humpty Doo,T1,False,road,Palmerston,42.7
S00045,"water from the tap is brown and smells, got a baby here, Milingimbi",11,water_quality,high,water_contamination|child_safety,infants,104.4,Milingimbi,T3,True,air,Darwin,928.9
S00046,"back door wont lock and the window got smashed, Daguragu",13,security,high,security,,74.0,Daguragu,T3,True,road,Katherine,945.0
S00047,"sewage overflowing outside the back door, Palumpa",3,plumbing,critical,sewage,,125.0,Palumpa,T2,True,road,Darwin,605.4
S00048,"shower no water pressure, Alyangula",16,bathroom,low,,,8.0,Alyangula,T3,True,air,Darwin,1308.1
S00049,"toilet blocked and its the only one in the house, Palmerston",12,sanitation,high,only_toilet_blocked|sewage,,97.0,Palmerston,T0,False,road,Palmerston,0.0
S00050,"oven sparking and fridge not cold, Daly Waters",15,kitchen,medium,,,25.0,Daly Waters,T1,False,road,Katherine,601.9
S00051,"split system died in the heat, got a baby here, my nan lives here, Batchelor",9,cooling,high,no_cooling_extreme_heat,infants|elderly,107.64,Batchelor,T1,False,road,Darwin,173.2
S00052,"fan broke in the bedroom, Katherine",10,cooling,medium,,,25.0,Katherine,T1,False,road,Katherine,0.0
S00053,"water from the tap is brown and smells, got a baby here, Borroloola",11,water_quality,high,water_contamination|child_safety,infants,104.4,Borroloola,T3,True,road,Katherine,1217.6
S00054,"split system leaking water, Yuendumu",10,cooling,medium,,,25.0,Yuendumu,T2,True,road,Alice Springs,693.7
S00055,"stove not working, Peppimenarti",15,kitchen,medium,,,25.0,Peppimenarti,T2,True,road,Darwin,533.1
S00056,"back door wont lock and the window got smashed, Elliott",13,security,high,security,,74.0,Elliott,T1,False,road,Tennant Creek,633.2
S00057,"split system leaking water, Pine Creek",10,cooling,medium,,,25.0,Pine Creek,T1,False,road,Katherine,221.7
S00058,"water cut off since yesterday, got a baby here, my nan lives here, Humpty Doo",0,plumbing,critical,no_water,infants|elderly,168.36,Humpty Doo,T1,False,road,Palmerston,42.7
S00059,"cant get the chair through the door, Palmerston",18,accessibility,critical,accessibility,disability,132.16,Palmerston,T0,False,road,Palmerston,0.0
S00060,"only toilet backing up, Alice Springs",12,sanitation,high,only_toilet_blocked|sewage,,97.0,Alice Springs,T0,False,road,Alice Springs,0.0
S00061,"roof caving over the bedroom, got a baby here, Pine Creek",7,structural,critical,structural|child_safety,infants,170.4,Pine Creek,T1,False,road,Katherine,221.7
S00062,"tank water is dirty and cant drink it, got a baby here, Batchelor",11,water_quality,high,water_contamination|child_safety,infants,104.4,Batchelor,T1,False,road,Darwin,173.2
S00063,"water pressure gone in the shower, Palmerston",1,plumbing,medium,,,25.0,Palmerston,T0,False,road,Palmerston,0.0
S00064,"snake in the yard near the kids, got a baby here, Wurrumiyanga",20,other,high,vermin_pest|child_safety,infants,91.2,Wurrumiyanga,T3,True,air,Darwin,171.5
S00065,"general wear and tear, Alice Springs",21,other,low,,,8.0,Alice Springs,T0,False,road,Alice Springs,0.0
S00066,"water pressure gone in the shower, Kalkarindji",1,plumbing,medium,,,25.0,Kalkarindji,T3,True,road,Katherine,949.3
S00067,"floor gave way near the door, Tennant Creek",8,structural,critical,structural,,130.0,Tennant Creek,T1,False,road,Tennant Creek,0.0
S00068,"bath leaking through the floor slowly, Peppimenarti",16,bathroom,low,,,8.0,Peppimenarti,T2,True,road,Darwin,533.1
S00069,"lights flicker and trip the box, Kalkarindji",6,electrical,medium,,,25.0,Kalkarindji,T3,True,road,Katherine,949.3
S00070,"back door wont lock and the window got smashed, Humpty Doo",13,security,high,security,,74.0,Humpty Doo,T1,False,road,Palmerston,42.7
S00071,"fan broke in the bedroom, Milingimbi",10,cooling,medium,,,25.0,Milingimbi,T3,True,air,Darwin,928.9
S00072,"cpap machine wont run, power point dead, Palmerston",17,medical,critical,medical_equipment,medical_dependent,166.4,Palmerston,T0,False,road,Palmerston,0.0
S00073,"general wear and tear, Mataranka",21,other,low,,,8.0,Mataranka,T1,False,road,Katherine,258.7
S00074,"ants everywhere in the kitchen, Humpty Doo",19,other,medium,vermin_pest,,29.0,Humpty Doo,T1,False,road,Palmerston,42.7
S00075,"stove not working, Umbakumba",15,kitchen,medium,,,25.0,Umbakumba,T3,True,air,Darwin,1337.9
S00076,"only cold showers for a week, Daly Waters",2,plumbing,medium,no_hot_water,,33.0,Daly Waters,T1,False,road,Katherine,601.9
S00077,"mosquito screens torn, Hermannsburg",21,other,low,,,8.0,Hermannsburg,T2,True,road,Alice Springs,299.4
S00078,"water cut off since yesterday, got a baby here, my nan lives here, Beswick",0,plumbing,critical,no_water,infants|elderly,168.36,Beswick,T2,True,road,Katherine,235.7
S00079,"powerpoint dead in the lounge, Tennant Creek",6,electrical,medium,,,25.0,Tennant Creek,T1,False,road,Tennant Creek,0.0
S00080,"powerpoint dead in the lounge, Barunga",6,electrical,medium,,,25.0,Barunga,T2,True,road,Katherine,168.0
S00081,"oven sparking and fridge not cold, Tennant Creek",15,kitchen,medium,,,25.0,Tennant Creek,T1,False,road,Tennant Creek,0.0
S00082,"bore water salty and smells off, got a baby here, Daly Waters",11,water_quality,high,water_contamination|child_safety,infants,104.4,Daly Waters,T1,False,road,Katherine,601.9
S00083,"water pressure gone in the shower, Batchelor",1,plumbing,medium,,,25.0,Batchelor,T1,False,road,Darwin,173.2
S00084,"nothing coming out of any tap, got a baby here, my nan lives here, Numbulwar",0,plumbing,critical,no_water,infants|elderly,168.36,Numbulwar,T3,True,air,Katherine,785.3
S00085,"windows smashed and cant secure the house with the baby, got a baby here, Yirrkala",14,security,critical,security|child_safety,infants,151.2,Yirrkala,T3,True,road,Darwin,1708.0
S00086,"bore water salty and smells off, got a baby here, Milingimbi",11,water_quality,high,water_contamination|child_safety,infants,104.4,Milingimbi,T3,True,air,Darwin,928.9
S00087,"door wont lock and there was a break in, kids scared, got a baby here, Elliott",14,security,critical,security|child_safety,infants,151.2,Elliott,T1,False,road,Tennant Creek,633.2
S00088,"front gate broken and lock hanging off, Humpty Doo",13,security,high,security,,74.0,Humpty Doo,T1,False,road,Palmerston,42.7
S00089,"snake came into the laundry, got a baby here, Batchelor",20,other,high,vermin_pest|child_safety,infants,91.2,Batchelor,T1,False,road,Darwin,173.2
S00090,"snake came into the laundry, got a baby here, Barunga",20,other,high,vermin_pest|child_safety,infants,91.2,Barunga,T2,True,road,Katherine,168.0
S00091,"smells like poo near the bathroom, Milikapiti",3,plumbing,critical,sewage,,125.0,Milikapiti,T3,True,air,Darwin,246.6
S00092,"loose hinge on the cupboard, Jabiru",21,other,low,,,8.0,Jabiru,T1,False,road,Darwin,563.1
S00093,"oxygen machine has no power, Timber Creek",17,medical,critical,medical_equipment,medical_dependent,166.4,Timber Creek,T2,True,road,Katherine,606.0
S00094,"oven sparking and fridge not cold, Pirlangimpi",15,kitchen,medium,,,25.0,Pirlangimpi,T3,True,air,Darwin,266.7
S00095,"oven sparking and fridge not cold, Jabiru",15,kitchen,medium,,,25.0,Jabiru,T1,False,road,Darwin,563.1
S00096,"toilet blocked and its the only one in the house, Elliott",12,sanitation,high,only_toilet_blocked|sewage,,97.0,Elliott,T1,False,road,Tennant Creek,633.2
S00097,"snake came into the laundry, got a baby here, Kalkarindji",20,other,high,vermin_pest|child_safety,infants,91.2,Kalkarindji,T3,True,road,Katherine,949.3
S00098,"sparks from the powerpoint near the oxygen machine, Katherine",5,electrical,critical,exposed_wiring|medical_equipment,medical_dependent,205.4,Katherine,T1,False,road,Katherine,0.0
S00099,"windows smashed and cant secure the house with the baby, got a baby here, Numbulwar",14,security,critical,security|child_safety,infants,151.2,Numbulwar,T3,True,air,Katherine,785.3
S00100,"cant get the chair through the door, Humpty Doo",18,accessibility,critical,accessibility,disability,132.16,Humpty Doo,T1,False,road,Palmerston,42.7
S00101,"hot water system stopped, Gunbalanya",2,plumbing,medium,no_hot_water,,33.0,Gunbalanya,T2,True,road,Darwin,623.7
S00102,"door wont lock and there was a break in, kids scared, got a baby here, Yuendumu",14,security,critical,security|child_safety,infants,151.2,Yuendumu,T2,True,road,Alice Springs,693.7
S00103,"aircon dead and its 40 degrees, got a baby here, my nan lives here, Warruwi",9,cooling,high,no_cooling_extreme_heat,infants|elderly,107.64,Warruwi,T3,True,air,Darwin,611.3
S00104,"oxygen machine has no power, Alice Springs",17,medical,critical,medical_equipment,medical_dependent,166.4,Alice Springs,T0,False,road,Alice Springs,0.0
S00105,"water pressure gone in the shower, Kalkarindji",1,plumbing,medium,,,25.0,Kalkarindji,T3,True,road,Katherine,949.3
S00106,"door wont lock and there was a break in, kids scared, got a baby here, Darwin",14,security,critical,security|child_safety,infants,151.2,Darwin,T0,False,road,Darwin,0.0
S00107,"ants everywhere in the kitchen, Warruwi",19,other,medium,vermin_pest,,29.0,Warruwi,T3,True,air,Darwin,611.3
S00108,"oven sparking and fridge not cold, Palmerston",15,kitchen,medium,,,25.0,Palmerston,T0,False,road,Palmerston,0.0
S00109,"roof is leaking right over my kids bed and the ceiling is sagging, got a baby here, Palmerston",7,structural,critical,structural|child_safety,infants,170.4,Palmerston,T0,False,road,Palmerston,0.0
S00110,"stove stopped working and fridge died last week, Alice Springs",15,kitchen,medium,,,25.0,Alice Springs,T0,False,road,Alice Springs,0.0
S00111,"roof caving over the bedroom, got a baby here, Maningrida",7,structural,critical,structural|child_safety,infants,170.4,Maningrida,T2,True,air,Darwin,777.5
S00112,"oven sparking and fridge not cold, Timber Creek",15,kitchen,medium,,,25.0,Timber Creek,T2,True,road,Katherine,606.0
S00113,"only cold showers for a week, Peppimenarti",2,plumbing,medium,no_hot_water,,33.0,Peppimenarti,T2,True,road,Darwin,533.1
S00114,"no power in the back rooms, Alice Springs",6,electrical,medium,,,25.0,Alice Springs,T0,False,road,Alice Springs,0.0
S00115,"water pressure gone in the shower, Katherine",1,plumbing,medium,,,25.0,Katherine,T1,False,road,Katherine,0.0
S00116,"dripping tap in the kitchen, Angurugu",1,plumbing,medium,,,25.0,Angurugu,T3,True,air,Darwin,1324.4
S00117,"toilet blocked and its the only one in the house, Batchelor",12,sanitation,high,only_toilet_blocked|sewage,,97.0,Batchelor,T1,False,road,Darwin,173.2
S00118,"power point scorched where the dialysis machine plugs in, Darwin",5,electrical,critical,exposed_wiring|medical_equipment,medical_dependent,205.4,Darwin,T0,False,road,Darwin,0.0
S00119,"water from the tap is brown and smells, got a baby here, Papunya",11,water_quality,high,water_contamination|child_safety,infants,104.4,Papunya,T3,True,road,Alice Springs,543.2
S00120,"oven sparking and fridge not cold, Jabiru",15,kitchen,medium,,,25.0,Jabiru,T1,False,road,Darwin,563.1
S00121,"termites in the back wall, Barunga",19,other,medium,vermin_pest,,29.0,Barunga,T2,True,road,Katherine,168.0
S00122,"floor gave way near the door, Kalkarindji",8,structural,critical,structural,,130.0,Kalkarindji,T3,True,road,Katherine,949.3
S00123,"powerpoint dead in the lounge, Katherine",6,electrical,medium,,,25.0,Katherine,T1,False,road,Katherine,0.0
S00124,"powerpoint dead in the lounge, Adelaide River",6,electrical,medium,,,25.0,Adelaide River,T1,False,road,Darwin,235.6
S00125,"no hot water since tuesday, Daguragu",2,plumbing,medium,no_hot_water,,33.0,Daguragu,T3,True,road,Katherine,945.0
S00126,"stove stopped working and fridge died last week, Darwin",15,kitchen,medium,,,25.0,Darwin,T0,False,road,Darwin,0.0
S00127,"ants everywhere in the kitchen, Humpty Doo",19,other,medium,vermin_pest,,29.0,Humpty Doo,T1,False,road,Palmerston,42.7
S00128,"fan broke in the bedroom, Elliott",10,cooling,medium,,,25.0,Elliott,T1,False,road,Tennant Creek,633.2
S00129,"cant lock the house at night, Papunya",13,security,high,security,,74.0,Papunya,T3,True,road,Alice Springs,543.2
S00130,"mosquito screens torn, Elliott",21,other,low,,,8.0,Elliott,T1,False,road,Tennant Creek,633.2
S00131,"bath leaking through the floor slowly, Darwin",16,bathroom,low,,,8.0,Darwin,T0,False,road,Darwin,0.0
S00132,"shower no water pressure, Batchelor",16,bathroom,low,,,8.0,Batchelor,T1,False,road,Darwin,173.2
S00133,"snake came into the laundry, got a baby here, Kalkarindji",20,other,high,vermin_pest|child_safety,infants,91.2,Kalkarindji,T3,True,road,Katherine,949.3
S00134,"wire hanging out of the wall, Elliott",4,electrical,critical,exposed_wiring|fire_risk,,155.0,Elliott,T1,False,road,Tennant Creek,633.2
S00135,"stove not working, Galiwin'ku",15,kitchen,medium,,,25.0,Galiwin'ku,T3,True,air,Darwin,1080.8
S00136,"shower head dripping and a tile cracked, Humpty Doo",16,bathroom,low,,,8.0,Humpty Doo,T1,False,road,Palmerston,42.7
S00137,"rats in the roof at night, Batchelor",19,other,medium,vermin_pest,,29.0,Batchelor,T1,False,road,Darwin,173.2
S00138,"roof caving over the bedroom, got a baby here, Timber Creek",7,structural,critical,structural|child_safety,infants,170.4,Timber Creek,T2,True,road,Katherine,606.0
S00139,"stove not working, Katherine",15,kitchen,medium,,,25.0,Katherine,T1,False,road,Katherine,0.0
S00140,"door wont lock and there was a break in, kids scared, got a baby here, Katherine",14,security,critical,security|child_safety,infants,151.2,Katherine,T1,False,road,Katherine,0.0
S00141,"fan broke in the bedroom, Palmerston",10,cooling,medium,,,25.0,Palmerston,T0,False,road,Palmerston,0.0
S00142,"only cold showers for a week, Mutitjulu",2,plumbing,medium,no_hot_water,,33.0,Mutitjulu,T3,True,road,Alice Springs,882.3
S00143,"floor gave way near the door, Timber Creek",8,structural,critical,structural,,130.0,Timber Creek,T2,True,road,Katherine,606.0
S00144,"general wear and tear, Katherine",21,other,low,,,8.0,Katherine,T1,False,road,Katherine,0.0
S00145,"sparks coming out of the powerpoint, Umbakumba",4,electrical,critical,exposed_wiring|fire_risk,,155.0,Umbakumba,T3,True,air,Darwin,1337.9
S00146,"no hot water since tuesday, Yirrkala",2,plumbing,medium,no_hot_water,,33.0,Yirrkala,T3,True,road,Darwin,1708.0
S00147,"wall cracked right through after the cyclone, Wadeye",8,structural,critical,structural,,130.0,Wadeye,T2,True,road,Darwin,635.3
S00148,"no hot water since tuesday, Alice Springs",2,plumbing,medium,no_hot_water,,33.0,Alice Springs,T0,False,road,Alice Springs,0.0
S00149,"lights flicker and trip the box, Hermannsburg",6,electrical,medium,,,25.0,Hermannsburg,T2,True,road,Alice Springs,299.4
S00150,"snake in the yard near the kids, got a baby here, Elliott",20,other,high,vermin_pest|child_safety,infants,91.2,Elliott,T1,False,road,Tennant Creek,633.2
S00151,"lights flicker and trip the box, Daguragu",6,electrical,medium,,,25.0,Daguragu,T3,True,road,Katherine,945.0
S00152,"front gate broken and lock hanging off, Gunbalanya",13,security,high,security,,74.0,Gunbalanya,T2,True,road,Darwin,623.7
S00153,"sparks from the powerpoint near the oxygen machine, Alice Springs",5,electrical,critical,exposed_wiring|medical_equipment,medical_dependent,205.4,Alice Springs,T0,False,road,Alice Springs,0.0
S00154,"stove not working, Gunbalanya",15,kitchen,medium,,,25.0,Gunbalanya,T2,True,road,Darwin,623.7
S00155,"hot water system stopped, Katherine",2,plumbing,medium,no_hot_water,,33.0,Katherine,T1,False,road,Katherine,0.0
S00156,"cpap machine wont run, power point dead, Yuendumu",17,medical,critical,medical_equipment,medical_dependent,166.4,Yuendumu,T2,True,road,Alice Springs,693.7
S00157,"fan broke in the bedroom, Palumpa",10,cooling,medium,,,25.0,Palumpa,T2,True,road,Darwin,605.4
S00158,"sewage overflowing outside the back door, Mutitjulu",3,plumbing,critical,sewage,,125.0,Mutitjulu,T3,True,road,Alice Springs,882.3
S00159,"shower no water pressure, Palmerston",16,bathroom,low,,,8.0,Palmerston,T0,False,road,Palmerston,0.0
S00160,"one toilet blocked and overflowing, Tennant Creek",12,sanitation,high,only_toilet_blocked|sewage,,97.0,Tennant Creek,T1,False,road,Tennant Creek,0.0
S00161,"aircon not cooling properly, Mutitjulu",10,cooling,medium,,,25.0,Mutitjulu,T3,True,road,Alice Springs,882.3
S00162,"power point scorched where the dialysis machine plugs in, Daly Waters",5,electrical,critical,exposed_wiring|medical_equipment,medical_dependent,205.4,Daly Waters,T1,False,road,Katherine,601.9
S00163,"dialysis needs a reliable socket, Daguragu",17,medical,critical,medical_equipment,medical_dependent,166.4,Daguragu,T3,True,road,Katherine,945.0
S00164,"wall cracked right through after the cyclone, Darwin",8,structural,critical,structural,,130.0,Darwin,T0,False,road,Darwin,0.0
S00165,"dripping tap in the kitchen, Ramingining",1,plumbing,medium,,,25.0,Ramingining,T3,True,air,Darwin,929.7
S00166,"mosquito screens torn, Humpty Doo",21,other,low,,,8.0,Humpty Doo,T1,False,road,Palmerston,42.7
S00167,"water pressure gone in the shower, Wurrumiyanga",1,plumbing,medium,,,25.0,Wurrumiyanga,T3,True,air,Darwin,171.5
S00168,"hot water system stopped, Pine Creek",2,plumbing,medium,no_hot_water,,33.0,Pine Creek,T1,False,road,Katherine,221.7
S00169,"fan broke in the bedroom, Lajamanu",10,cooling,medium,,,25.0,Lajamanu,T3,True,road,Katherine,1207.3
S00170,"wire hanging out of the wall, Mutitjulu",4,electrical,critical,exposed_wiring|fire_risk,,155.0,Mutitjulu,T3,True,road,Alice Springs,882.3
S00171,"roof is leaking right over my kids bed and the ceiling is sagging, got a baby here, Timber Creek",7,structural,critical,structural|child_safety,infants,170.4,Timber Creek,T2,True,road,Katherine,606.0
S00172,"cant lock the house at night, Papunya",13,security,high,security,,74.0,Papunya,T3,True,road,Alice Springs,543.2
S00173,"mosquito screens torn, Gunbalanya",21,other,low,,,8.0,Gunbalanya,T2,True,road,Darwin,623.7
S00174,"mosquito screens torn, Palumpa",21,other,low,,,8.0,Palumpa,T2,True,road,Darwin,605.4
S00175,"tap leaking under the sink for weeks, Jabiru",1,plumbing,medium,,,25.0,Jabiru,T1,False,road,Darwin,563.1
S00176,"ants everywhere in the kitchen, Ti Tree",19,other,medium,vermin_pest,,29.0,Ti Tree,T2,True,road,Alice Springs,469.6
S00177,"only cold showers for a week, Batchelor",2,plumbing,medium,no_hot_water,,33.0,Batchelor,T1,False,road,Darwin,173.2
S00178,"grab rail fell off the wall in the bathroom, Mutitjulu",18,accessibility,critical,accessibility,disability,132.16,Mutitjulu,T3,True,road,Alice Springs,882.3
S00179,"lights flicker and trip the box, Humpty Doo",6,electrical,medium,,,25.0,Humpty Doo,T1,False,road,Palmerston,42.7
S00180,"bath leaking through the floor slowly, Elliott",16,bathroom,low,,,8.0,Elliott,T1,False,road,Tennant Creek,633.2
S00181,"shower no water pressure, Mutitjulu",16,bathroom,low,,,8.0,Mutitjulu,T3,True,road,Alice Springs,882.3
S00182,"ants everywhere in the kitchen, Docker River",19,other,medium,vermin_pest,,29.0,Docker River,T3,True,road,Alice Springs,1309.6
S00183,"loose hinge on the cupboard, Elliott",21,other,low,,,8.0,Elliott,T1,False,road,Tennant Creek,633.2
S00184,"no power in the back rooms, Papunya",6,electrical,medium,,,25.0,Papunya,T3,True,road,Alice Springs,543.2
S00185,"oven sparking and fridge not cold, Elliott",15,kitchen,medium,,,25.0,Elliott,T1,False,road,Tennant Creek,633.2
S00186,"shower no water pressure, Daly Waters",16,bathroom,low,,,8.0,Daly Waters,T1,False,road,Katherine,601.9
S00187,"water pressure gone in the shower, Maningrida",1,plumbing,medium,,,25.0,Maningrida,T2,True,air,Darwin,777.5
S00188,"stove not working, Alice Springs",15,kitchen,medium,,,25.0,Alice Springs,T0,False,road,Alice Springs,0.0
S00189,"roof caving over the bedroom, got a baby here, Batchelor",7,structural,critical,structural|child_safety,infants,170.4,Batchelor,T1,False,road,Darwin,173.2
S00190,"hot water system stopped, Elliott",2,plumbing,medium,no_hot_water,,33.0,Elliott,T1,False,road,Tennant Creek,633.2
S00191,"one toilet blocked and overflowing, Milingimbi",12,sanitation,high,only_toilet_blocked|sewage,,97.0,Milingimbi,T3,True,air,Darwin,928.9
S00192,"split system leaking water, Katherine",10,cooling,medium,,,25.0,Katherine,T1,False,road,Katherine,0.0
S00193,"front gate broken and lock hanging off, Daguragu",13,security,high,security,,74.0,Daguragu,T3,True,road,Katherine,945.0
S00194,"oven sparking and fridge not cold, Mutitjulu",15,kitchen,medium,,,25.0,Mutitjulu,T3,True,road,Alice Springs,882.3
S00195,"water from the tap is brown and smells, got a baby here, Ramingining",11,water_quality,high,water_contamination|child_safety,infants,104.4,Ramingining,T3,True,air,Darwin,929.7
S00196,"snake in the yard near the kids, got a baby here, Umbakumba",20,other,high,vermin_pest|child_safety,infants,91.2,Umbakumba,T3,True,air,Darwin,1337.9
S00197,"sewerage backing up in the yard, Tennant Creek",3,plumbing,critical,sewage,,125.0,Tennant Creek,T1,False,road,Tennant Creek,0.0
S00198,"no power in the back rooms, Katherine",6,electrical,medium,,,25.0,Katherine,T1,False,road,Katherine,0.0
S00199,"floor gave way near the door, Numbulwar",8,structural,critical,structural,,130.0,Numbulwar,T3,True,air,Katherine,785.3
S00200,"oxygen machine has no power, Papunya",17,medical,critical,medical_equipment,medical_dependent,166.4,Papunya,T3,True,road,Alice Springs,543.2
S00201,"stove stopped working and fridge died last week, Daly Waters",15,kitchen,medium,,,25.0,Daly Waters,T1,False,road,Katherine,601.9
S00202,"burning smell from the switchboard, Adelaide River",4,electrical,critical,exposed_wiring|fire_risk,,155.0,Adelaide River,T1,False,road,Darwin,235.6
S00203,"shower no water pressure, Borroloola",16,bathroom,low,,,8.0,Borroloola,T3,True,road,Katherine,1217.6
S00204,"oxygen machine has no power, Daly Waters",17,medical,critical,medical_equipment,medical_dependent,166.4,Daly Waters,T1,False,road,Katherine,601.9
S00205,"oxygen machine has no power, Minyerri",17,medical,critical,medical_equipment,medical_dependent,166.4,Minyerri,T2,True,road,Katherine,556.2
S00206,"tap leaking under the sink for weeks, Peppimenarti",1,plumbing,medium,,,25.0,Peppimenarti,T2,True,road,Darwin,533.1
S00207,"sparks coming out of the powerpoint, Jabiru",4,electrical,critical,exposed_wiring|fire_risk,,155.0,Jabiru,T1,False,road,Darwin,563.1
S00208,"snake came into the laundry, got a baby here, Pine Creek",20,other,high,vermin_pest|child_safety,infants,91.2,Pine Creek,T1,False,road,Katherine,221.7
S00209,"termites in the back wall, Adelaide River",19,other,medium,vermin_pest,,29.0,Adelaide River,T1,False,road,Darwin,235.6
S00210,"sparks coming out of the powerpoint, Humpty Doo",4,electrical,critical,exposed_wiring|fire_risk,,155.0,Humpty Doo,T1,False,road,Palmerston,42.7
S00211,"one toilet blocked and overflowing, Adelaide River",12,sanitation,high,only_toilet_blocked|sewage,,97.0,Adelaide River,T1,False,road,Darwin,235.6
S00212,"no power in the back rooms, Papunya",6,electrical,medium,,,25.0,Papunya,T3,True,road,Alice Springs,543.2
S00213,"aircon not cooling properly, Jabiru",10,cooling,medium,,,25.0,Jabiru,T1,False,road,Darwin,563.1
S00214,"water cut off since yesterday, got a baby here, my nan lives here, Kalkarindji",0,plumbing,critical,no_water,infants|elderly,168.36,Kalkarindji,T3,True,road,Katherine,949.3
S00215,"powerpoint dead in the lounge, Timber Creek",6,electrical,medium,,,25.0,Timber Creek,T2,True,road,Katherine,606.0
S00216,"powerpoint dead in the lounge, Warruwi",6,electrical,medium,,,25.0,Warruwi,T3,True,air,Darwin,611.3
S00217,"snake came into the laundry, got a baby here, Milikapiti",20,other,high,vermin_pest|child_safety,infants,91.2,Milikapiti,T3,True,air,Darwin,246.6
S00218,"back door wont lock and the window got smashed, Pine Creek",13,security,high,security,,74.0,Pine Creek,T1,False,road,Katherine,221.7
S00219,"sewerage backing up in the yard, Maningrida",3,plumbing,critical,sewage,,125.0,Maningrida,T2,True,air,Darwin,777.5
S00220,"split system leaking water, Palmerston",10,cooling,medium,,,25.0,Palmerston,T0,False,road,Palmerston,0.0
S00221,"water from the tap is brown and smells, got a baby here, Humpty Doo",11,water_quality,high,water_contamination|child_safety,infants,104.4,Humpty Doo,T1,False,road,Palmerston,42.7
S00222,"oven sparking and fridge not cold, Alice Springs",15,kitchen,medium,,,25.0,Alice Springs,T0,False,road,Alice Springs,0.0
S00223,"toilet blocked and its the only one in the house, Elliott",12,sanitation,high,only_toilet_blocked|sewage,,97.0,Elliott,T1,False,road,Tennant Creek,633.2
S00224,"aircon not cooling properly, Pine Creek",10,cooling,medium,,,25.0,Pine Creek,T1,False,road,Katherine,221.7
S00225,"lights flicker and trip the box, Wadeye",6,electrical,medium,,,25.0,Wadeye,T2,True,road,Darwin,635.3
S00226,"front gate broken and lock hanging off, Peppimenarti",13,security,high,security,,74.0,Peppimenarti,T2,True,road,Darwin,533.1
S00227,"mosquito screens torn, Darwin",21,other,low,,,8.0,Darwin,T0,False,road,Darwin,0.0
S00228,"only toilet backing up, Papunya",12,sanitation,high,only_toilet_blocked|sewage,,97.0,Papunya,T3,True,road,Alice Springs,543.2
S00229,"termites in the back wall, Humpty Doo",19,other,medium,vermin_pest,,29.0,Humpty Doo,T1,False,road,Palmerston,42.7
S00230,"water cut off since yesterday, got a baby here, my nan lives here, Lajamanu",0,plumbing,critical,no_water,infants|elderly,168.36,Lajamanu,T3,True,road,Katherine,1207.3
S00231,"sparks coming out of the powerpoint, Ramingining",4,electrical,critical,exposed_wiring|fire_risk,,155.0,Ramingining,T3,True,air,Darwin,929.7
S00232,"termites in the back wall, Daguragu",19,other,medium,vermin_pest,,29.0,Daguragu,T3,True,road,Katherine,945.0
S00233,"cant lock the house at night, Yuendumu",13,security,high,security,,74.0,Yuendumu,T2,True,road,Alice Springs,693.7
S00234,"tank water is dirty and cant drink it, got a baby here, Papunya",11,water_quality,high,water_contamination|child_safety,infants,104.4,Papunya,T3,True,road,Alice Springs,543.2
S00235,"verandah posts collapsing, Adelaide River",8,structural,critical,structural,,130.0,Adelaide River,T1,False,road,Darwin,235.6
S00236,"powerpoint dead in the lounge, Daly Waters",6,electrical,medium,,,25.0,Daly Waters,T1,False,road,Katherine,601.9
S00237,"stove not working, Elliott",15,kitchen,medium,,,25.0,Elliott,T1,False,road,Tennant Creek,633.2
S00238,"floor gave way near the door, Mataranka",8,structural,critical,structural,,130.0,Mataranka,T1,False,road,Katherine,258.7
S00239,"fan broke in the bedroom, Jabiru",10,cooling,medium,,,25.0,Jabiru,T1,False,road,Darwin,563.1
S00240,"oxygen machine has no power, Mutitjulu",17,medical,critical,medical_equipment,medical_dependent,166.4,Mutitjulu,T3,True,road,Alice Springs,882.3
S00241,"loose hinge on the cupboard, Jabiru",21,other,low,,,8.0,Jabiru,T1,False,road,Darwin,563.1
S00242,"general wear and tear, Batchelor",21,other,low,,,8.0,Batchelor,T1,False,road,Darwin,173.2
S00243,"bore water salty and smells off, got a baby here, Alice Springs",11,water_quality,high,water_contamination|child_safety,infants,104.4,Alice Springs,T0,False,road,Alice Springs,0.0
S00244,"only cold showers for a week, Milikapiti",2,plumbing,medium,no_hot_water,,33.0,Milikapiti,T3,True,air,Darwin,246.6
S00245,"tap leaking under the sink for weeks, Darwin",1,plumbing,medium,,,25.0,Darwin,T0,False,road,Darwin,0.0
S00246,"tank water is dirty and cant drink it, got a baby here, Palumpa",11,water_quality,high,water_contamination|child_safety,infants,104.4,Palumpa,T2,True,road,Darwin,605.4
S00247,"tap leaking under the sink for weeks, Minjilang",1,plumbing,medium,,,25.0,Minjilang,T3,True,air,Darwin,495.8
S00248,"only cold showers for a week, Barunga",2,plumbing,medium,no_hot_water,,33.0,Barunga,T2,True,road,Katherine,168.0
S00249,"power point scorched where the dialysis machine plugs in, Daly Waters",5,electrical,critical,exposed_wiring|medical_equipment,medical_dependent,205.4,Daly Waters,T1,False,road,Katherine,601.9
S00250,"loose hinge on the cupboard, Peppimenarti",21,other,low,,,8.0,Peppimenarti,T2,True,road,Darwin,533.1
S00251,"hot water system stopped, Tennant Creek",2,plumbing,medium,no_hot_water,,33.0,Tennant Creek,T1,False,road,Tennant Creek,0.0
S00252,"hot water system stopped, Galiwin'ku",2,plumbing,medium,no_hot_water,,33.0,Galiwin'ku,T3,True,air,Darwin,1080.8
S00253,"snake came into the laundry, got a baby here, Jabiru",20,other,high,vermin_pest|child_safety,infants,91.2,Jabiru,T1,False,road,Darwin,563.1
S00254,"oven sparking and fridge not cold, Adelaide River",15,kitchen,medium,,,25.0,Adelaide River,T1,False,road,Darwin,235.6
S00255,"bath leaking through the floor slowly, Pine Creek",16,bathroom,low,,,8.0,Pine Creek,T1,False,road,Katherine,221.7
S00256,"verandah posts collapsing, Galiwin'ku",8,structural,critical,structural,,130.0,Galiwin'ku,T3,True,air,Darwin,1080.8
S00257,"mosquito screens torn, Numbulwar",21,other,low,,,8.0,Numbulwar,T3,True,air,Katherine,785.3
S00258,"general wear and tear, Ramingining",21,other,low,,,8.0,Ramingining,T3,True,air,Darwin,929.7
S00259,"front gate broken and lock hanging off, Wurrumiyanga",13,security,high,security,,74.0,Wurrumiyanga,T3,True,air,Darwin,171.5
S00260,"general wear and tear, Palmerston",21,other,low,,,8.0,Palmerston,T0,False,road,Palmerston,0.0
S00261,"water from the tap is brown and smells, got a baby here, Pine Creek",11,water_quality,high,water_contamination|child_safety,infants,104.4,Pine Creek,T1,False,road,Katherine,221.7
S00262,"aircon not cooling properly, Numbulwar",10,cooling,medium,,,25.0,Numbulwar,T3,True,air,Katherine,785.3
S00263,"cpap machine wont run, power point dead, Gapuwiyak",17,medical,critical,medical_equipment,medical_dependent,166.4,Gapuwiyak,T3,True,air,Darwin,1129.6
S00264,"oven sparking and fridge not cold, Gunbalanya",15,kitchen,medium,,,25.0,Gunbalanya,T2,True,road,Darwin,623.7
S00265,"burning smell from the switchboard, Adelaide River",4,electrical,critical,exposed_wiring|fire_risk,,155.0,Adelaide River,T1,False,road,Darwin,235.6
S00266,"tank water is dirty and cant drink it, got a baby here, Milikapiti",11,water_quality,high,water_contamination|child_safety,infants,104.4,Milikapiti,T3,True,air,Darwin,246.6
S00267,"nothing coming out of any tap, got a baby here, my nan lives here, Pine Creek",0,plumbing,critical,no_water,infants|elderly,168.36,Pine Creek,T1,False,road,Katherine,221.7
S00268,"rats in the roof at night, Docker River",19,other,medium,vermin_pest,,29.0,Docker River,T3,True,road,Alice Springs,1309.6
S00269,"only toilet backing up, Mataranka",12,sanitation,high,only_toilet_blocked|sewage,,97.0,Mataranka,T1,False,road,Katherine,258.7
S00270,"water pressure gone in the shower, Pine Creek",1,plumbing,medium,,,25.0,Pine Creek,T1,False,road,Katherine,221.7
S00271,"mosquito screens torn, Tennant Creek",21,other,low,,,8.0,Tennant Creek,T1,False,road,Tennant Creek,0.0
S00272,"general wear and tear, Elliott",21,other,low,,,8.0,Elliott,T1,False,road,Tennant Creek,633.2
S00273,"shower head dripping and a tile cracked, Borroloola",16,bathroom,low,,,8.0,Borroloola,T3,True,road,Katherine,1217.6
S00274,"aircon not cooling properly, Elliott",10,cooling,medium,,,25.0,Elliott,T1,False,road,Tennant Creek,633.2
S00275,"back door wont lock and the window got smashed, Minjilang",13,security,high,security,,74.0,Minjilang,T3,True,air,Darwin,495.8
S00276,"nothing coming out of any tap, got a baby here, my nan lives here, Elliott",0,plumbing,critical,no_water,infants|elderly,168.36,Elliott,T1,False,road,Tennant Creek,633.2
S00277,"hot water system stopped, Milingimbi",2,plumbing,medium,no_hot_water,,33.0,Milingimbi,T3,True,air,Darwin,928.9
S00278,"ceiling caving in above the children, got a baby here, Milikapiti",7,structural,critical,structural|child_safety,infants,170.4,Milikapiti,T3,True,air,Darwin,246.6
S00279,"fan broke in the bedroom, Ramingining",10,cooling,medium,,,25.0,Ramingining,T3,True,air,Darwin,929.7
S00280,"shower head dripping and a tile cracked, Palmerston",16,bathroom,low,,,8.0,Palmerston,T0,False,road,Palmerston,0.0
S00281,"only cold showers for a week, Timber Creek",2,plumbing,medium,no_hot_water,,33.0,Timber Creek,T2,True,road,Katherine,606.0
S00282,"no hot water since tuesday, Humpty Doo",2,plumbing,medium,no_hot_water,,33.0,Humpty Doo,T1,False,road,Palmerston,42.7
S00283,"bath leaking through the floor slowly, Palmerston",16,bathroom,low,,,8.0,Palmerston,T0,False,road,Palmerston,0.0
S00284,"ants everywhere in the kitchen, Jabiru",19,other,medium,vermin_pest,,29.0,Jabiru,T1,False,road,Darwin,563.1
S00285,"termites in the back wall, Yirrkala",19,other,medium,vermin_pest,,29.0,Yirrkala,T3,True,road,Darwin,1708.0
S00286,"shower head dripping and a tile cracked, Batchelor",16,bathroom,low,,,8.0,Batchelor,T1,False,road,Darwin,173.2
S00287,"general wear and tear, Beswick",21,other,low,,,8.0,Beswick,T2,True,road,Katherine,235.7
S00288,"only toilet backing up, Robinson River",12,sanitation,high,only_toilet_blocked|sewage,,97.0,Robinson River,T3,True,road,Katherine,1462.5
S00289,"dialysis needs a reliable socket, Pine Creek",17,medical,critical,medical_equipment,medical_dependent,166.4,Pine Creek,T1,False,road,Katherine,221.7
S00290,"fan broke in the bedroom, Adelaide River",10,cooling,medium,,,25.0,Adelaide River,T1,False,road,Darwin,235.6
S00291,"verandah posts collapsing, Daguragu",8,structural,critical,structural,,130.0,Daguragu,T3,True,road,Katherine,945.0
S00292,"snake in the yard near the kids, got a baby here, Minjilang",20,other,high,vermin_pest|child_safety,infants,91.2,Minjilang,T3,True,air,Darwin,495.8
S00293,"fan broke in the bedroom, Ti Tree",10,cooling,medium,,,25.0,Ti Tree,T2,True,road,Alice Springs,469.6
S00294,"shower head dripping and a tile cracked, Alice Springs",16,bathroom,low,,,8.0,Alice Springs,T0,False,road,Alice Springs,0.0
S00295,"bore water salty and smells off, got a baby here, Umbakumba",11,water_quality,high,water_contamination|child_safety,infants,104.4,Umbakumba,T3,True,air,Darwin,1337.9
S00296,"only cold showers for a week, Gunbalanya",2,plumbing,medium,no_hot_water,,33.0,Gunbalanya,T2,True,road,Darwin,623.7
S00297,"no hot water since tuesday, Batchelor",2,plumbing,medium,no_hot_water,,33.0,Batchelor,T1,False,road,Darwin,173.2
S00298,"bore water salty and smells off, got a baby here, Daguragu",11,water_quality,high,water_contamination|child_safety,infants,104.4,Daguragu,T3,True,road,Katherine,945.0
S00299,"shower head dripping and a tile cracked, Minjilang",16,bathroom,low,,,8.0,Minjilang,T3,True,air,Darwin,495.8
S00300,"shower head dripping and a tile cracked, Pine Creek",16,bathroom,low,,,8.0,Pine Creek,T1,False,road,Katherine,221.7
S00301,"roof caving over the bedroom, got a baby here, Minjilang",7,structural,critical,structural|child_safety,infants,170.4,Minjilang,T3,True,air,Darwin,495.8
S00302,"water cut off since yesterday, got a baby here, my nan lives here, Tennant Creek",0,plumbing,critical,no_water,infants|elderly,168.36,Tennant Creek,T1,False,road,Tennant Creek,0.0
S00303,"toilet blocked and its the only one in the house, Tennant Creek",12,sanitation,high,only_toilet_blocked|sewage,,97.0,Tennant Creek,T1,False,road,Tennant Creek,0.0
S00304,"sewage overflowing outside the back door, Wurrumiyanga",3,plumbing,critical,sewage,,125.0,Wurrumiyanga,T3,True,air,Darwin,171.5
S00305,"no power in the back rooms, Beswick",6,electrical,medium,,,25.0,Beswick,T2,True,road,Katherine,235.7
S00306,"front gate broken and lock hanging off, Milingimbi",13,security,high,security,,74.0,Milingimbi,T3,True,air,Darwin,928.9
S00307,"aircon dead and its 40 degrees, got a baby here, my nan lives here, Gapuwiyak",9,cooling,high,no_cooling_extreme_heat,infants|elderly,107.64,Gapuwiyak,T3,True,air,Darwin,1129.6
S00308,"aircon not cooling properly, Batchelor",10,cooling,medium,,,25.0,Batchelor,T1,False,road,Darwin,173.2
S00309,"tap leaking under the sink for weeks, Yirrkala",1,plumbing,medium,,,25.0,Yirrkala,T3,True,road,Darwin,1708.0
S00310,"smells like poo near the bathroom, Wadeye",3,plumbing,critical,sewage,,125.0,Wadeye,T2,True,road,Darwin,635.3
S00311,"termites in the back wall, Lajamanu",19,other,medium,vermin_pest,,29.0,Lajamanu,T3,True,road,Katherine,1207.3
S00312,"water from the tap is brown and smells, got a baby here, Robinson River",11,water_quality,high,water_contamination|child_safety,infants,104.4,Robinson River,T3,True,road,Katherine,1462.5
S00313,"termites in the back wall, Ramingining",19,other,medium,vermin_pest,,29.0,Ramingining,T3,True,air,Darwin,929.7
S00314,"ants everywhere in the kitchen, Mataranka",19,other,medium,vermin_pest,,29.0,Mataranka,T1,False,road,Katherine,258.7
S00315,"sewerage backing up in the yard, Tennant Creek",3,plumbing,critical,sewage,,125.0,Tennant Creek,T1,False,road,Tennant Creek,0.0
S00316,"split system died in the heat, got a baby here, my nan lives here, Mataranka",9,cooling,high,no_cooling_extreme_heat,infants|elderly,107.64,Mataranka,T1,False,road,Katherine,258.7
S00317,"toilet blocked and its the only one in the house, Yirrkala",12,sanitation,high,only_toilet_blocked|sewage,,97.0,Yirrkala,T3,True,road,Darwin,1708.0
S00318,"tap leaking under the sink for weeks, Alice Springs",1,plumbing,medium,,,25.0,Alice Springs,T0,False,road,Alice Springs,0.0
S00319,"water pressure gone in the shower, Umbakumba",1,plumbing,medium,,,25.0,Umbakumba,T3,True,air,Darwin,1337.9
S00320,"rats in the roof at night, Katherine",19,other,medium,vermin_pest,,29.0,Katherine,T1,False,road,Katherine,0.0
S00321,"termites in the back wall, Timber Creek",19,other,medium,vermin_pest,,29.0,Timber Creek,T2,True,road,Katherine,606.0
S00322,"no aircon and the kids cant sleep, got a baby here, my nan lives here, Minjilang",9,cooling,high,no_cooling_extreme_heat,infants|elderly,107.64,Minjilang,T3,True,air,Darwin,495.8
S00323,"shower head dripping and a tile cracked, Beswick",16,bathroom,low,,,8.0,Beswick,T2,True,road,Katherine,235.7
S00324,"tank water is dirty and cant drink it, got a baby here, Alyangula",11,water_quality,high,water_contamination|child_safety,infants,104.4,Alyangula,T3,True,air,Darwin,1308.1
S00325,"shower no water pressure, Yuendumu",16,bathroom,low,,,8.0,Yuendumu,T2,True,road,Alice Springs,693.7
S00326,"lights flicker and trip the box, Minjilang",6,electrical,medium,,,25.0,Minjilang,T3,True,air,Darwin,495.8
S00327,"split system leaking water, Mutitjulu",10,cooling,medium,,,25.0,Mutitjulu,T3,True,road,Alice Springs,882.3
S00328,"snake came into the laundry, got a baby here, Galiwin'ku",20,other,high,vermin_pest|child_safety,infants,91.2,Galiwin'ku,T3,True,air,Darwin,1080.8
S00329,"ants everywhere in the kitchen, Mutitjulu",19,other,medium,vermin_pest,,29.0,Mutitjulu,T3,True,road,Alice Springs,882.3
S00330,"no power in the back rooms, Darwin",6,electrical,medium,,,25.0,Darwin,T0,False,road,Darwin,0.0
S00331,"ants everywhere in the kitchen, Katherine",19,other,medium,vermin_pest,,29.0,Katherine,T1,False,road,Katherine,0.0
S00332,"split system died in the heat, got a baby here, my nan lives here, Beswick",9,cooling,high,no_cooling_extreme_heat,infants|elderly,107.64,Beswick,T2,True,road,Katherine,235.7
S00333,"oven sparking and fridge not cold, Milingimbi",15,kitchen,medium,,,25.0,Milingimbi,T3,True,air,Darwin,928.9
S00334,"bath leaking through the floor slowly, Papunya",16,bathroom,low,,,8.0,Papunya,T3,True,road,Alice Springs,543.2
S00335,"no aircon and the kids cant sleep, got a baby here, my nan lives here, Palumpa",9,cooling,high,no_cooling_extreme_heat,infants|elderly,107.64,Palumpa,T2,True,road,Darwin,605.4
S00336,"termites in the back wall, Mataranka",19,other,medium,vermin_pest,,29.0,Mataranka,T1,False,road,Katherine,258.7
S00337,"aircon not cooling properly, Pine Creek",10,cooling,medium,,,25.0,Pine Creek,T1,False,road,Katherine,221.7
S00338,"general wear and tear, Umbakumba",21,other,low,,,8.0,Umbakumba,T3,True,air,Darwin,1337.9
S00339,"general wear and tear, Palmerston",21,other,low,,,8.0,Palmerston,T0,False,road,Palmerston,0.0
S00340,"snake came into the laundry, got a baby here, Minyerri",20,other,high,vermin_pest|child_safety,infants,91.2,Minyerri,T2,True,road,Katherine,556.2
S00341,"snake in the yard near the kids, got a baby here, Elliott",20,other,high,vermin_pest|child_safety,infants,91.2,Elliott,T1,False,road,Tennant Creek,633.2
S00342,"no hot water since tuesday, Palmerston",2,plumbing,medium,no_hot_water,,33.0,Palmerston,T0,False,road,Palmerston,0.0
S00343,"stove not working, Yuendumu",15,kitchen,medium,,,25.0,Yuendumu,T2,True,road,Alice Springs,693.7
S00344,"shower no water pressure, Barunga",16,bathroom,low,,,8.0,Barunga,T2,True,road,Katherine,168.0
S00345,"only toilet backing up, Mutitjulu",12,sanitation,high,only_toilet_blocked|sewage,,97.0,Mutitjulu,T3,True,road,Alice Springs,882.3
S00346,"one toilet blocked and overflowing, Humpty Doo",12,sanitation,high,only_toilet_blocked|sewage,,97.0,Humpty Doo,T1,False,road,Palmerston,42.7
S00347,"wire hanging out of the wall, Timber Creek",4,electrical,critical,exposed_wiring|fire_risk,,155.0,Timber Creek,T2,True,road,Katherine,606.0
S00348,"only cold showers for a week, Yuendumu",2,plumbing,medium,no_hot_water,,33.0,Yuendumu,T2,True,road,Alice Springs,693.7
S00349,"oxygen machine has no power, Pine Creek",17,medical,critical,medical_equipment,medical_dependent,166.4,Pine Creek,T1,False,road,Katherine,221.7
S00350,"no hot water since tuesday, Kalkarindji",2,plumbing,medium,no_hot_water,,33.0,Kalkarindji,T3,True,road,Katherine,949.3
S00351,"shower no water pressure, Gapuwiyak",16,bathroom,low,,,8.0,Gapuwiyak,T3,True,air,Darwin,1129.6
S00352,"dripping tap in the kitchen, Docker River",1,plumbing,medium,,,25.0,Docker River,T3,True,road,Alice Springs,1309.6
S00353,"aircon not cooling properly, Timber Creek",10,cooling,medium,,,25.0,Timber Creek,T2,True,road,Katherine,606.0
S00354,"nothing coming out of any tap, got a baby here, my nan lives here, Palumpa",0,plumbing,critical,no_water,infants|elderly,168.36,Palumpa,T2,True,road,Darwin,605.4
S00355,"oven sparking and fridge not cold, Ramingining",15,kitchen,medium,,,25.0,Ramingining,T3,True,air,Darwin,929.7
S00356,"lights flicker and trip the box, Daly Waters",6,electrical,medium,,,25.0,Daly Waters,T1,False,road,Katherine,601.9
S00357,"split system leaking water, Wurrumiyanga",10,cooling,medium,,,25.0,Wurrumiyanga,T3,True,air,Darwin,171.5
S00358,"powerpoint dead in the lounge, Batchelor",6,electrical,medium,,,25.0,Batchelor,T1,False,road,Darwin,173.2
S00359,"tank water is dirty and cant drink it, got a baby here, Adelaide River",11,water_quality,high,water_contamination|child_safety,infants,104.4,Adelaide River,T1,False,road,Darwin,235.6
S00360,"stove not working, Darwin",15,kitchen,medium,,,25.0,Darwin,T0,False,road,Darwin,0.0
S00361,"hot water system stopped, Jabiru",2,plumbing,medium,no_hot_water,,33.0,Jabiru,T1,False,road,Darwin,563.1
S00362,"dialysis needs a reliable socket, Alice Springs",17,medical,critical,medical_equipment,medical_dependent,166.4,Alice Springs,T0,False,road,Alice Springs,0.0
S00363,"cpap machine wont run, power point dead, Humpty Doo",17,medical,critical,medical_equipment,medical_dependent,166.4,Humpty Doo,T1,False,road,Palmerston,42.7
S00364,"loose hinge on the cupboard, Beswick",21,other,low,,,8.0,Beswick,T2,True,road,Katherine,235.7
S00365,"split system died in the heat, got a baby here, my nan lives here, Batchelor",9,cooling,high,no_cooling_extreme_heat,infants|elderly,107.64,Batchelor,T1,False,road,Darwin,173.2
S00366,"ants everywhere in the kitchen, Timber Creek",19,other,medium,vermin_pest,,29.0,Timber Creek,T2,True,road,Katherine,606.0
S00367,"dripping tap in the kitchen, Adelaide River",1,plumbing,medium,,,25.0,Adelaide River,T1,False,road,Darwin,235.6
S00368,"loose hinge on the cupboard, Pirlangimpi",21,other,low,,,8.0,Pirlangimpi,T3,True,air,Darwin,266.7
S00369,"wire hanging out of the wall, Katherine",4,electrical,critical,exposed_wiring|fire_risk,,155.0,Katherine,T1,False,road,Katherine,0.0
S00370,"aircon dead and its 40 degrees, got a baby here, my nan lives here, Umbakumba",9,cooling,high,no_cooling_extreme_heat,infants|elderly,107.64,Umbakumba,T3,True,air,Darwin,1337.9
S00371,"dripping tap in the kitchen, Darwin",1,plumbing,medium,,,25.0,Darwin,T0,False,road,Darwin,0.0
S00372,"ants everywhere in the kitchen, Jabiru",19,other,medium,vermin_pest,,29.0,Jabiru,T1,False,road,Darwin,563.1
S00373,"tank water is dirty and cant drink it, got a baby here, Pine Creek",11,water_quality,high,water_contamination|child_safety,infants,104.4,Pine Creek,T1,False,road,Katherine,221.7
S00374,"mosquito screens torn, Peppimenarti",21,other,low,,,8.0,Peppimenarti,T2,True,road,Darwin,533.1
S00375,"only cold showers for a week, Humpty Doo",2,plumbing,medium,no_hot_water,,33.0,Humpty Doo,T1,False,road,Palmerston,42.7
S00376,"snake came into the laundry, got a baby here, Gunbalanya",20,other,high,vermin_pest|child_safety,infants,91.2,Gunbalanya,T2,True,road,Darwin,623.7
S00377,"floor gave way near the door, Ti Tree",8,structural,critical,structural,,130.0,Ti Tree,T2,True,road,Alice Springs,469.6
S00378,"power point scorched where the dialysis machine plugs in, Peppimenarti",5,electrical,critical,exposed_wiring|medical_equipment,medical_dependent,205.4,Peppimenarti,T2,True,road,Darwin,533.1
S00379,"oven sparking and fridge not cold, Jabiru",15,kitchen,medium,,,25.0,Jabiru,T1,False,road,Darwin,563.1
S00380,"tap leaking under the sink for weeks, Alice Springs",1,plumbing,medium,,,25.0,Alice Springs,T0,False,road,Alice Springs,0.0
S00381,"only toilet backing up, Pirlangimpi",12,sanitation,high,only_toilet_blocked|sewage,,97.0,Pirlangimpi,T3,True,air,Darwin,266.7
S00382,"fan broke in the bedroom, Pirlangimpi",10,cooling,medium,,,25.0,Pirlangimpi,T3,True,air,Darwin,266.7
S00383,"tap leaking under the sink for weeks, Milikapiti",1,plumbing,medium,,,25.0,Milikapiti,T3,True,air,Darwin,246.6
S00384,"aircon not cooling properly, Maningrida",10,cooling,medium,,,25.0,Maningrida,T2,True,air,Darwin,777.5
S00385,"powerpoint dead in the lounge, Milingimbi",6,electrical,medium,,,25.0,Milingimbi,T3,True,air,Darwin,928.9
S00386,"no power in the back rooms, Mataranka",6,electrical,medium,,,25.0,Mataranka,T1,False,road,Katherine,258.7
S00387,"mosquito screens torn, Alyangula",21,other,low,,,8.0,Alyangula,T3,True,air,Darwin,1308.1
S00388,"door wont lock and there was a break in, kids scared, got a baby here, Darwin",14,security,critical,security|child_safety,infants,151.2,Darwin,T0,False,road,Darwin,0.0
S00389,"hot water system stopped, Yirrkala",2,plumbing,medium,no_hot_water,,33.0,Yirrkala,T3,True,road,Darwin,1708.0
S00390,"shower no water pressure, Maningrida",16,bathroom,low,,,8.0,Maningrida,T2,True,air,Darwin,777.5
S00391,"verandah posts collapsing, Alice Springs",8,structural,critical,structural,,130.0,Alice Springs,T0,False,road,Alice Springs,0.0
S00392,"windows smashed and cant secure the house with the baby, got a baby here, Wurrumiyanga",14,security,critical,security|child_safety,infants,151.2,Wurrumiyanga,T3,True,air,Darwin,171.5
S00393,"split system died in the heat, got a baby here, my nan lives here, Palumpa",9,cooling,high,no_cooling_extreme_heat,infants|elderly,107.64,Palumpa,T2,True,road,Darwin,605.4
S00394,"stove stopped working and fridge died last week, Wurrumiyanga",15,kitchen,medium,,,25.0,Wurrumiyanga,T3,True,air,Darwin,171.5
S00395,"oven sparking and fridge not cold, Angurugu",15,kitchen,medium,,,25.0,Angurugu,T3,True,air,Darwin,1324.4
S00396,"lights flicker and trip the box, Elliott",6,electrical,medium,,,25.0,Elliott,T1,False,road,Tennant Creek,633.2
S00397,"termites in the back wall, Daguragu",19,other,medium,vermin_pest,,29.0,Daguragu,T3,True,road,Katherine,945.0
S00398,"stove not working, Elliott",15,kitchen,medium,,,25.0,Elliott,T1,False,road,Tennant Creek,633.2
S00399,"windows smashed and cant secure the house with the baby, got a baby here, Peppimenarti",14,security,critical,security|child_safety,infants,151.2,Peppimenarti,T2,True,road,Darwin,533.1
S00400,"sparks coming out of the powerpoint, Warruwi",4,electrical,critical,exposed_wiring|fire_risk,,155.0,Warruwi,T3,True,air,Darwin,611.3
S00401,"no power in the back rooms, Milingimbi",6,electrical,medium,,,25.0,Milingimbi,T3,True,air,Darwin,928.9
S00402,"no aircon and the kids cant sleep, got a baby here, my nan lives here, Pine Creek",9,cooling,high,no_cooling_extreme_heat,infants|elderly,107.64,Pine Creek,T1,False,road,Katherine,221.7
S00403,"tap leaking under the sink for weeks, Jabiru",1,plumbing,medium,,,25.0,Jabiru,T1,False,road,Darwin,563.1
S00404,"dripping tap in the kitchen, Docker River",1,plumbing,medium,,,25.0,Docker River,T3,True,road,Alice Springs,1309.6
S00405,"oven sparking and fridge not cold, Milikapiti",15,kitchen,medium,,,25.0,Milikapiti,T3,True,air,Darwin,246.6
S00406,"lights flicker and trip the box, Peppimenarti",6,electrical,medium,,,25.0,Peppimenarti,T2,True,road,Darwin,533.1
S00407,"shower head dripping and a tile cracked, Ti Tree",16,bathroom,low,,,8.0,Ti Tree,T2,True,road,Alice Springs,469.6
S00408,"dripping tap in the kitchen, Humpty Doo",1,plumbing,medium,,,25.0,Humpty Doo,T1,False,road,Palmerston,42.7
S00409,"shower no water pressure, Maningrida",16,bathroom,low,,,8.0,Maningrida,T2,True,air,Darwin,777.5
S00410,"sparks coming out of the powerpoint, Angurugu",4,electrical,critical,exposed_wiring|fire_risk,,155.0,Angurugu,T3,True,air,Darwin,1324.4
S00411,"rats in the roof at night, Batchelor",19,other,medium,vermin_pest,,29.0,Batchelor,T1,False,road,Darwin,173.2
S00412,"snake in the yard near the kids, got a baby here, Milikapiti",20,other,high,vermin_pest|child_safety,infants,91.2,Milikapiti,T3,True,air,Darwin,246.6
S00413,"stove not working, Alyangula",15,kitchen,medium,,,25.0,Alyangula,T3,True,air,Darwin,1308.1
S00414,"no aircon and the kids cant sleep, got a baby here, my nan lives here, Wadeye",9,cooling,high,no_cooling_extreme_heat,infants|elderly,107.64,Wadeye,T2,True,road,Darwin,635.3
S00415,"tap leaking under the sink for weeks, Galiwin'ku",1,plumbing,medium,,,25.0,Galiwin'ku,T3,True,air,Darwin,1080.8
S00416,"shower no water pressure, Katherine",16,bathroom,low,,,8.0,Katherine,T1,False,road,Katherine,0.0
S00417,"front gate broken and lock hanging off, Ti Tree",13,security,high,security,,74.0,Ti Tree,T2,True,road,Alice Springs,469.6
S00418,"water pressure gone in the shower, Kalkarindji",1,plumbing,medium,,,25.0,Kalkarindji,T3,True,road,Katherine,949.3
S00419,"front gate broken and lock hanging off, Palumpa",13,security,high,security,,74.0,Palumpa,T2,True,road,Darwin,605.4
S00420,"no water at all for two days, got a baby here, my nan lives here, Adelaide River",0,plumbing,critical,no_water,infants|elderly,168.36,Adelaide River,T1,False,road,Darwin,235.6
S00421,"split system leaking water, Mutitjulu",10,cooling,medium,,,25.0,Mutitjulu,T3,True,road,Alice Springs,882.3
S00422,"windows smashed and cant secure the house with the baby, got a baby here, Lajamanu",14,security,critical,security|child_safety,infants,151.2,Lajamanu,T3,True,road,Katherine,1207.3
S00423,"cant get the chair through the door, Beswick",18,accessibility,critical,accessibility,disability,132.16,Beswick,T2,True,road,Katherine,235.7
S00424,"no power in the back rooms, Batchelor",6,electrical,medium,,,25.0,Batchelor,T1,False,road,Darwin,173.2
S00425,"sparks from the powerpoint near the oxygen machine, Palumpa",5,electrical,critical,exposed_wiring|medical_equipment,medical_dependent,205.4,Palumpa,T2,True,road,Darwin,605.4
S00426,"roof caving over the bedroom, got a baby here, Pine Creek",7,structural,critical,structural|child_safety,infants,170.4,Pine Creek,T1,False,road,Katherine,221.7
S00427,"tap leaking under the sink for weeks, Jabiru",1,plumbing,medium,,,25.0,Jabiru,T1,False,road,Darwin,563.1
S00428,"mosquito screens torn, Alice Springs",21,other,low,,,8.0,Alice Springs,T0,False,road,Alice Springs,0.0
S00429,"termites in the back wall, Darwin",19,other,medium,vermin_pest,,29.0,Darwin,T0,False,road,Darwin,0.0
S00430,"door wont lock and there was a break in, kids scared, got a baby here, Borroloola",14,security,critical,security|child_safety,infants,151.2,Borroloola,T3,True,road,Katherine,1217.6
S00431,"tap leaking under the sink for weeks, Peppimenarti",1,plumbing,medium,,,25.0,Peppimenarti,T2,True,road,Darwin,533.1
S00432,"water pressure gone in the shower, Angurugu",1,plumbing,medium,,,25.0,Angurugu,T3,True,air,Darwin,1324.4
S00433,"general wear and tear, Jabiru",21,other,low,,,8.0,Jabiru,T1,False,road,Darwin,563.1
S00434,"only cold showers for a week, Ngukurr",2,plumbing,medium,no_hot_water,,33.0,Ngukurr,T3,True,road,Katherine,694.3
S00435,"hot water system stopped, Wurrumiyanga",2,plumbing,medium,no_hot_water,,33.0,Wurrumiyanga,T3,True,air,Darwin,171.5
S00436,"dialysis needs a reliable socket, Minyerri",17,medical,critical,medical_equipment,medical_dependent,166.4,Minyerri,T2,True,road,Katherine,556.2
S00437,"lights flicker and trip the box, Wurrumiyanga",6,electrical,medium,,,25.0,Wurrumiyanga,T3,True,air,Darwin,171.5
S00438,"aircon not cooling properly, Tennant Creek",10,cooling,medium,,,25.0,Tennant Creek,T1,False,road,Tennant Creek,0.0
S00439,"split system leaking water, Elliott",10,cooling,medium,,,25.0,Elliott,T1,False,road,Tennant Creek,633.2
S00440,"bath leaking through the floor slowly, Darwin",16,bathroom,low,,,8.0,Darwin,T0,False,road,Darwin,0.0
S00441,"split system leaking water, Beswick",10,cooling,medium,,,25.0,Beswick,T2,True,road,Katherine,235.7
S00442,"wheelchair ramp fell apart and cant get in the house, Barunga",18,accessibility,critical,accessibility,disability,132.16,Barunga,T2,True,road,Katherine,168.0
S00443,"tank water is dirty and cant drink it, got a baby here, Wurrumiyanga",11,water_quality,high,water_contamination|child_safety,infants,104.4,Wurrumiyanga,T3,True,air,Darwin,171.5
S00444,"powerpoint dead in the lounge, Minjilang",6,electrical,medium,,,25.0,Minjilang,T3,True,air,Darwin,495.8
S00445,"sewerage backing up in the yard, Docker River",3,plumbing,critical,sewage,,125.0,Docker River,T3,True,road,Alice Springs,1309.6
S00446,"shower no water pressure, Alyangula",16,bathroom,low,,,8.0,Alyangula,T3,True,air,Darwin,1308.1
S00447,"wire hanging out of the wall, Katherine",4,electrical,critical,exposed_wiring|fire_risk,,155.0,Katherine,T1,False,road,Katherine,0.0
S00448,"door wont lock and there was a break in, kids scared, got a baby here, Batchelor",14,security,critical,security|child_safety,infants,151.2,Batchelor,T1,False,road,Darwin,173.2
S00449,"door wont lock and there was a break in, kids scared, got a baby here, Milikapiti",14,security,critical,security|child_safety,infants,151.2,Milikapiti,T3,True,air,Darwin,246.6
S00450,"mosquito screens torn, Elliott",21,other,low,,,8.0,Elliott,T1,False,road,Tennant Creek,633.2
S00451,"water pressure gone in the shower, Hermannsburg",1,plumbing,medium,,,25.0,Hermannsburg,T2,True,road,Alice Springs,299.4
S00452,"burning smell from the switchboard, Mataranka",4,electrical,critical,exposed_wiring|fire_risk,,155.0,Mataranka,T1,False,road,Katherine,258.7
S00453,"stove not working, Daguragu",15,kitchen,medium,,,25.0,Daguragu,T3,True,road,Katherine,945.0
S00454,"ceiling caving in above the children, got a baby here, Umbakumba",7,structural,critical,structural|child_safety,infants,170.4,Umbakumba,T3,True,air,Darwin,1337.9
S00455,"hot water system stopped, Darwin",2,plumbing,medium,no_hot_water,,33.0,Darwin,T0,False,road,Darwin,0.0
S00456,"snake in the yard near the kids, got a baby here, Katherine",20,other,high,vermin_pest|child_safety,infants,91.2,Katherine,T1,False,road,Katherine,0.0
S00457,"bath leaking through the floor slowly, Jabiru",16,bathroom,low,,,8.0,Jabiru,T1,False,road,Darwin,563.1
S00458,"power point scorched where the dialysis machine plugs in, Tennant Creek",5,electrical,critical,exposed_wiring|medical_equipment,medical_dependent,205.4,Tennant Creek,T1,False,road,Tennant Creek,0.0
S00459,"tap leaking under the sink for weeks, Ramingining",1,plumbing,medium,,,25.0,Ramingining,T3,True,air,Darwin,929.7
S00460,"termites in the back wall, Pirlangimpi",19,other,medium,vermin_pest,,29.0,Pirlangimpi,T3,True,air,Darwin,266.7
S00461,"cant lock the house at night, Hermannsburg",13,security,high,security,,74.0,Hermannsburg,T2,True,road,Alice Springs,299.4
S00462,"general wear and tear, Elliott",21,other,low,,,8.0,Elliott,T1,False,road,Tennant Creek,633.2
S00463,"bore water salty and smells off, got a baby here, Jabiru",11,water_quality,high,water_contamination|child_safety,infants,104.4,Jabiru,T1,False,road,Darwin,563.1
S00464,"sparks from the powerpoint near the oxygen machine, Darwin",5,electrical,critical,exposed_wiring|medical_equipment,medical_dependent,205.4,Darwin,T0,False,road,Darwin,0.0
S00465,"hot water system stopped, Wurrumiyanga",2,plumbing,medium,no_hot_water,,33.0,Wurrumiyanga,T3,True,air,Darwin,171.5
S00466,"aircon not cooling properly, Robinson River",10,cooling,medium,,,25.0,Robinson River,T3,True,road,Katherine,1462.5
S00467,"stove stopped working and fridge died last week, Mutitjulu",15,kitchen,medium,,,25.0,Mutitjulu,T3,True,road,Alice Springs,882.3
S00468,"water cut off since yesterday, got a baby here, my nan lives here, Docker River",0,plumbing,critical,no_water,infants|elderly,168.36,Docker River,T3,True,road,Alice Springs,1309.6
S00469,"split system died in the heat, got a baby here, my nan lives here, Minjilang",9,cooling,high,no_cooling_extreme_heat,infants|elderly,107.64,Minjilang,T3,True,air,Darwin,495.8
S00470,"no aircon and the kids cant sleep, got a baby here, my nan lives here, Ti Tree",9,cooling,high,no_cooling_extreme_heat,infants|elderly,107.64,Ti Tree,T2,True,road,Alice Springs,469.6
S00471,"oven sparking and fridge not cold, Numbulwar",15,kitchen,medium,,,25.0,Numbulwar,T3,True,air,Katherine,785.3
S00472,"smells like poo near the bathroom, Ramingining",3,plumbing,critical,sewage,,125.0,Ramingining,T3,True,air,Darwin,929.7
S00473,"ants everywhere in the kitchen, Minjilang",19,other,medium,vermin_pest,,29.0,Minjilang,T3,True,air,Darwin,495.8
S00474,"roof caving over the bedroom, got a baby here, Minjilang",7,structural,critical,structural|child_safety,infants,170.4,Minjilang,T3,True,air,Darwin,495.8
S00475,"rats in the roof at night, Docker River",19,other,medium,vermin_pest,,29.0,Docker River,T3,True,road,Alice Springs,1309.6
S00476,"termites in the back wall, Katherine",19,other,medium,vermin_pest,,29.0,Katherine,T1,False,road,Katherine,0.0
S00477,"rats in the roof at night, Daly Waters",19,other,medium,vermin_pest,,29.0,Daly Waters,T1,False,road,Katherine,601.9
S00478,"lights flicker and trip the box, Pirlangimpi",6,electrical,medium,,,25.0,Pirlangimpi,T3,True,air,Darwin,266.7
S00479,"termites in the back wall, Wadeye",19,other,medium,vermin_pest,,29.0,Wadeye,T2,True,road,Darwin,635.3
S00480,"power point scorched where the dialysis machine plugs in, Humpty Doo",5,electrical,critical,exposed_wiring|medical_equipment,medical_dependent,205.4,Humpty Doo,T1,False,road,Palmerston,42.7
S00481,"split system died in the heat, got a baby here, my nan lives here, Adelaide River",9,cooling,high,no_cooling_extreme_heat,infants|elderly,107.64,Adelaide River,T1,False,road,Darwin,235.6
S00482,"sewerage backing up in the yard, Numbulwar",3,plumbing,critical,sewage,,125.0,Numbulwar,T3,True,air,Katherine,785.3
S00483,"bore water salty and smells off, got a baby here, Batchelor",11,water_quality,high,water_contamination|child_safety,infants,104.4,Batchelor,T1,False,road,Darwin,173.2
S00484,"water pressure gone in the shower, Pine Creek",1,plumbing,medium,,,25.0,Pine Creek,T1,False,road,Katherine,221.7
S00485,"loose hinge on the cupboard, Hermannsburg",21,other,low,,,8.0,Hermannsburg,T2,True,road,Alice Springs,299.4
S00486,"nothing coming out of any tap, got a baby here, my nan lives here, Ti Tree",0,plumbing,critical,no_water,infants|elderly,168.36,Ti Tree,T2,True,road,Alice Springs,469.6
S00487,"bore water salty and smells off, got a baby here, Peppimenarti",11,water_quality,high,water_contamination|child_safety,infants,104.4,Peppimenarti,T2,True,road,Darwin,533.1
S00488,"ants everywhere in the kitchen, Tennant Creek",19,other,medium,vermin_pest,,29.0,Tennant Creek,T1,False,road,Tennant Creek,0.0
S00489,"no hot water since tuesday, Darwin",2,plumbing,medium,no_hot_water,,33.0,Darwin,T0,False,road,Darwin,0.0
S00490,"door wont lock and there was a break in, kids scared, got a baby here, Umbakumba",14,security,critical,security|child_safety,infants,151.2,Umbakumba,T3,True,air,Darwin,1337.9
S00491,"only toilet backing up, Peppimenarti",12,sanitation,high,only_toilet_blocked|sewage,,97.0,Peppimenarti,T2,True,road,Darwin,533.1
S00492,"shower head dripping and a tile cracked, Palumpa",16,bathroom,low,,,8.0,Palumpa,T2,True,road,Darwin,605.4
S00493,"bath leaking through the floor slowly, Milikapiti",16,bathroom,low,,,8.0,Milikapiti,T3,True,air,Darwin,246.6
S00494,"termites in the back wall, Mataranka",19,other,medium,vermin_pest,,29.0,Mataranka,T1,False,road,Katherine,258.7
S00495,"cant get the chair through the door, Ramingining",18,accessibility,critical,accessibility,disability,132.16,Ramingining,T3,True,air,Darwin,929.7
S00496,"back door wont lock and the window got smashed, Peppimenarti",13,security,high,security,,74.0,Peppimenarti,T2,True,road,Darwin,533.1
S00497,"verandah posts collapsing, Alice Springs",8,structural,critical,structural,,130.0,Alice Springs,T0,False,road,Alice Springs,0.0
S00498,"no hot water since tuesday, Humpty Doo",2,plumbing,medium,no_hot_water,,33.0,Humpty Doo,T1,False,road,Palmerston,42.7
S00499,"only cold showers for a week, Ramingining",2,plumbing,medium,no_hot_water,,33.0,Ramingining,T3,True,air,Darwin,929.7
S00500,"ants everywhere in the kitchen, Batchelor",19,other,medium,vermin_pest,,29.0,Batchelor,T1,False,road,Darwin,173.2
S00501,"powerpoint dead in the lounge, Daly Waters",6,electrical,medium,,,25.0,Daly Waters,T1,False,road,Katherine,601.9
S00502,"snake in the yard near the kids, got a baby here, Pirlangimpi",20,other,high,vermin_pest|child_safety,infants,91.2,Pirlangimpi,T3,True,air,Darwin,266.7
S00503,"no power in the back rooms, Ngukurr",6,electrical,medium,,,25.0,Ngukurr,T3,True,road,Katherine,694.3
S00504,"dripping tap in the kitchen, Kalkarindji",1,plumbing,medium,,,25.0,Kalkarindji,T3,True,road,Katherine,949.3
S00505,"powerpoint dead in the lounge, Yuendumu",6,electrical,medium,,,25.0,Yuendumu,T2,True,road,Alice Springs,693.7
S00506,"no aircon and the kids cant sleep, got a baby here, my nan lives here, Gunbalanya",9,cooling,high,no_cooling_extreme_heat,infants|elderly,107.64,Gunbalanya,T2,True,road,Darwin,623.7
S00507,"only cold showers for a week, Daly Waters",2,plumbing,medium,no_hot_water,,33.0,Daly Waters,T1,False,road,Katherine,601.9
S00508,"aircon not cooling properly, Palmerston",10,cooling,medium,,,25.0,Palmerston,T0,False,road,Palmerston,0.0
S00509,"grab rail fell off the wall in the bathroom, Wadeye",18,accessibility,critical,accessibility,disability,132.16,Wadeye,T2,True,road,Darwin,635.3
S00510,"fan broke in the bedroom, Tennant Creek",10,cooling,medium,,,25.0,Tennant Creek,T1,False,road,Tennant Creek,0.0
S00511,"tank water is dirty and cant drink it, got a baby here, Barunga",11,water_quality,high,water_contamination|child_safety,infants,104.4,Barunga,T2,True,road,Katherine,168.0
S00512,"general wear and tear, Ti Tree",21,other,low,,,8.0,Ti Tree,T2,True,road,Alice Springs,469.6
S00513,"wire hanging out of the wall, Batchelor",4,electrical,critical,exposed_wiring|fire_risk,,155.0,Batchelor,T1,False,road,Darwin,173.2
S00514,"only toilet backing up, Adelaide River",12,sanitation,high,only_toilet_blocked|sewage,,97.0,Adelaide River,T1,False,road,Darwin,235.6
S00515,"general wear and tear, Palmerston",21,other,low,,,8.0,Palmerston,T0,False,road,Palmerston,0.0
S00516,"water from the tap is brown and smells, got a baby here, Ti Tree",11,water_quality,high,water_contamination|child_safety,infants,104.4,Ti Tree,T2,True,road,Alice Springs,469.6
S00517,"front gate broken and lock hanging off, Jabiru",13,security,high,security,,74.0,Jabiru,T1,False,road,Darwin,563.1
S00518,"one toilet blocked and overflowing, Adelaide River",12,sanitation,high,only_toilet_blocked|sewage,,97.0,Adelaide River,T1,False,road,Darwin,235.6
S00519,"only cold showers for a week, Lajamanu",2,plumbing,medium,no_hot_water,,33.0,Lajamanu,T3,True,road,Katherine,1207.3
S00520,"shower head dripping and a tile cracked, Pine Creek",16,bathroom,low,,,8.0,Pine Creek,T1,False,road,Katherine,221.7
S00521,"snake came into the laundry, got a baby here, Elliott",20,other,high,vermin_pest|child_safety,infants,91.2,Elliott,T1,False,road,Tennant Creek,633.2
S00522,"loose hinge on the cupboard, Humpty Doo",21,other,low,,,8.0,Humpty Doo,T1,False,road,Palmerston,42.7
S00523,"back door wont lock and the window got smashed, Hermannsburg",13,security,high,security,,74.0,Hermannsburg,T2,True,road,Alice Springs,299.4
S00524,"wall cracked right through after the cyclone, Humpty Doo",8,structural,critical,structural,,130.0,Humpty Doo,T1,False,road,Palmerston,42.7
S00525,"stove not working, Hermannsburg",15,kitchen,medium,,,25.0,Hermannsburg,T2,True,road,Alice Springs,299.4
S00526,"mosquito screens torn, Ramingining",21,other,low,,,8.0,Ramingining,T3,True,air,Darwin,929.7
S00527,"loose hinge on the cupboard, Minyerri",21,other,low,,,8.0,Minyerri,T2,True,road,Katherine,556.2
S00528,"no power in the back rooms, Humpty Doo",6,electrical,medium,,,25.0,Humpty Doo,T1,False,road,Palmerston,42.7
S00529,"loose hinge on the cupboard, Yirrkala",21,other,low,,,8.0,Yirrkala,T3,True,road,Darwin,1708.0
S00530,"shower no water pressure, Umbakumba",16,bathroom,low,,,8.0,Umbakumba,T3,True,air,Darwin,1337.9
S00531,"termites in the back wall, Mataranka",19,other,medium,vermin_pest,,29.0,Mataranka,T1,False,road,Katherine,258.7
S00532,"hot water system stopped, Palumpa",2,plumbing,medium,no_hot_water,,33.0,Palumpa,T2,True,road,Darwin,605.4
S00533,"mosquito screens torn, Mataranka",21,other,low,,,8.0,Mataranka,T1,False,road,Katherine,258.7
S00534,"bath leaking through the floor slowly, Peppimenarti",16,bathroom,low,,,8.0,Peppimenarti,T2,True,road,Darwin,533.1
S00535,"hot water system stopped, Minjilang",2,plumbing,medium,no_hot_water,,33.0,Minjilang,T3,True,air,Darwin,495.8
S00536,"only toilet backing up, Lajamanu",12,sanitation,high,only_toilet_blocked|sewage,,97.0,Lajamanu,T3,True,road,Katherine,1207.3
S00537,"no hot water since tuesday, Alice Springs",2,plumbing,medium,no_hot_water,,33.0,Alice Springs,T0,False,road,Alice Springs,0.0
S00538,"bath leaking through the floor slowly, Katherine",16,bathroom,low,,,8.0,Katherine,T1,False,road,Katherine,0.0
S00539,"windows smashed and cant secure the house with the baby, got a baby here, Daly Waters",14,security,critical,security|child_safety,infants,151.2,Daly Waters,T1,False,road,Katherine,601.9
S00540,"back door wont lock and the window got smashed, Hermannsburg",13,security,high,security,,74.0,Hermannsburg,T2,True,road,Alice Springs,299.4
S00541,"termites in the back wall, Robinson River",19,other,medium,vermin_pest,,29.0,Robinson River,T3,True,road,Katherine,1462.5
S00542,"dialysis needs a reliable socket, Milikapiti",17,medical,critical,medical_equipment,medical_dependent,166.4,Milikapiti,T3,True,air,Darwin,246.6
S00543,"water pressure gone in the shower, Ti Tree",1,plumbing,medium,,,25.0,Ti Tree,T2,True,road,Alice Springs,469.6
S00544,"shower head dripping and a tile cracked, Alice Springs",16,bathroom,low,,,8.0,Alice Springs,T0,False,road,Alice Springs,0.0
S00545,"only toilet backing up, Borroloola",12,sanitation,high,only_toilet_blocked|sewage,,97.0,Borroloola,T3,True,road,Katherine,1217.6
S00546,"sewage overflowing outside the back door, Mataranka",3,plumbing,critical,sewage,,125.0,Mataranka,T1,False,road,Katherine,258.7
S00547,"wall cracked right through after the cyclone, Docker River",8,structural,critical,structural,,130.0,Docker River,T3,True,road,Alice Springs,1309.6
S00548,"tank water is dirty and cant drink it, got a baby here, Pine Creek",11,water_quality,high,water_contamination|child_safety,infants,104.4,Pine Creek,T1,False,road,Katherine,221.7
S00549,"termites in the back wall, Yirrkala",19,other,medium,vermin_pest,,29.0,Yirrkala,T3,True,road,Darwin,1708.0
S00550,"rats in the roof at night, Mataranka",19,other,medium,vermin_pest,,29.0,Mataranka,T1,False,road,Katherine,258.7
S00551,"no hot water since tuesday, Adelaide River",2,plumbing,medium,no_hot_water,,33.0,Adelaide River,T1,False,road,Darwin,235.6
S00552,"split system leaking water, Barunga",10,cooling,medium,,,25.0,Barunga,T2,True,road,Katherine,168.0
S00553,"termites in the back wall, Papunya",19,other,medium,vermin_pest,,29.0,Papunya,T3,True,road,Alice Springs,543.2
S00554,"door wont lock and there was a break in, kids scared, got a baby here, Yirrkala",14,security,critical,security|child_safety,infants,151.2,Yirrkala,T3,True,road,Darwin,1708.0
S00555,"rats in the roof at night, Elliott",19,other,medium,vermin_pest,,29.0,Elliott,T1,False,road,Tennant Creek,633.2
S00556,"windows smashed and cant secure the house with the baby, got a baby here, Alice Springs",14,security,critical,security|child_safety,infants,151.2,Alice Springs,T0,False,road,Alice Springs,0.0
S00557,"sparks from the powerpoint near the oxygen machine, Tennant Creek",5,electrical,critical,exposed_wiring|medical_equipment,medical_dependent,205.4,Tennant Creek,T1,False,road,Tennant Creek,0.0
S00558,"water from the tap is brown and smells, got a baby here, Papunya",11,water_quality,high,water_contamination|child_safety,infants,104.4,Papunya,T3,True,road,Alice Springs,543.2
S00559,"water from the tap is brown and smells, got a baby here, Tennant Creek",11,water_quality,high,water_contamination|child_safety,infants,104.4,Tennant Creek,T1,False,road,Tennant Creek,0.0
S00560,"snake came into the laundry, got a baby here, Mataranka",20,other,high,vermin_pest|child_safety,infants,91.2,Mataranka,T1,False,road,Katherine,258.7
S00561,"wall cracked right through after the cyclone, Batchelor",8,structural,critical,structural,,130.0,Batchelor,T1,False,road,Darwin,173.2
S00562,"sparks from the powerpoint near the oxygen machine, Ramingining",5,electrical,critical,exposed_wiring|medical_equipment,medical_dependent,205.4,Ramingining,T3,True,air,Darwin,929.7
S00563,"bath leaking through the floor slowly, Gapuwiyak",16,bathroom,low,,,8.0,Gapuwiyak,T3,True,air,Darwin,1129.6
S00564,"split system leaking water, Batchelor",10,cooling,medium,,,25.0,Batchelor,T1,False,road,Darwin,173.2
S00565,"water from the tap is brown and smells, got a baby here, Elliott",11,water_quality,high,water_contamination|child_safety,infants,104.4,Elliott,T1,False,road,Tennant Creek,633.2
S00566,"loose hinge on the cupboard, Mutitjulu",21,other,low,,,8.0,Mutitjulu,T3,True,road,Alice Springs,882.3
S00567,"stove stopped working and fridge died last week, Lajamanu",15,kitchen,medium,,,25.0,Lajamanu,T3,True,road,Katherine,1207.3
S00568,"stove not working, Minyerri",15,kitchen,medium,,,25.0,Minyerri,T2,True,road,Katherine,556.2
S00569,"mosquito screens torn, Alice Springs",21,other,low,,,8.0,Alice Springs,T0,False,road,Alice Springs,0.0
S00570,"shower no water pressure, Peppimenarti",16,bathroom,low,,,8.0,Peppimenarti,T2,True,road,Darwin,533.1
S00571,"loose hinge on the cupboard, Alice Springs",21,other,low,,,8.0,Alice Springs,T0,False,road,Alice Springs,0.0
S00572,"stove stopped working and fridge died last week, Borroloola",15,kitchen,medium,,,25.0,Borroloola,T3,True,road,Katherine,1217.6
S00573,"front gate broken and lock hanging off, Mutitjulu",13,security,high,security,,74.0,Mutitjulu,T3,True,road,Alice Springs,882.3
S00574,"no power in the back rooms, Hermannsburg",6,electrical,medium,,,25.0,Hermannsburg,T2,True,road,Alice Springs,299.4
S00575,"power point scorched where the dialysis machine plugs in, Adelaide River",5,electrical,critical,exposed_wiring|medical_equipment,medical_dependent,205.4,Adelaide River,T1,False,road,Darwin,235.6
S00576,"one toilet blocked and overflowing, Katherine",12,sanitation,high,only_toilet_blocked|sewage,,97.0,Katherine,T1,False,road,Katherine,0.0
S00577,"dripping tap in the kitchen, Batchelor",1,plumbing,medium,,,25.0,Batchelor,T1,False,road,Darwin,173.2
S00578,"hot water system stopped, Angurugu",2,plumbing,medium,no_hot_water,,33.0,Angurugu,T3,True,air,Darwin,1324.4
S00579,"shower no water pressure, Wadeye",16,bathroom,low,,,8.0,Wadeye,T2,True,road,Darwin,635.3
S00580,"stove stopped working and fridge died last week, Wadeye",15,kitchen,medium,,,25.0,Wadeye,T2,True,road,Darwin,635.3
S00581,"water pressure gone in the shower, Borroloola",1,plumbing,medium,,,25.0,Borroloola,T3,True,road,Katherine,1217.6
S00582,"no hot water since tuesday, Mataranka",2,plumbing,medium,no_hot_water,,33.0,Mataranka,T1,False,road,Katherine,258.7
S00583,"stove not working, Minyerri",15,kitchen,medium,,,25.0,Minyerri,T2,True,road,Katherine,556.2
S00584,"aircon not cooling properly, Warruwi",10,cooling,medium,,,25.0,Warruwi,T3,True,air,Darwin,611.3
S00585,"cant lock the house at night, Mutitjulu",13,security,high,security,,74.0,Mutitjulu,T3,True,road,Alice Springs,882.3
S00586,"only cold showers for a week, Warruwi",2,plumbing,medium,no_hot_water,,33.0,Warruwi,T3,True,air,Darwin,611.3
S00587,"termites in the back wall, Alice Springs",19,other,medium,vermin_pest,,29.0,Alice Springs,T0,False,road,Alice Springs,0.0
S00588,"no power in the back rooms, Numbulwar",6,electrical,medium,,,25.0,Numbulwar,T3,True,air,Katherine,785.3
S00589,"no aircon and the kids cant sleep, got a baby here, my nan lives here, Pine Creek",9,cooling,high,no_cooling_extreme_heat,infants|elderly,107.64,Pine Creek,T1,False,road,Katherine,221.7
S00590,"aircon not cooling properly, Gapuwiyak",10,cooling,medium,,,25.0,Gapuwiyak,T3,True,air,Darwin,1129.6
S00591,"door wont lock and there was a break in, kids scared, got a baby here, Mataranka",14,security,critical,security|child_safety,infants,151.2,Mataranka,T1,False,road,Katherine,258.7
S00592,"general wear and tear, Gapuwiyak",21,other,low,,,8.0,Gapuwiyak,T3,True,air,Darwin,1129.6
S00593,"burning smell from the switchboard, Tennant Creek",4,electrical,critical,exposed_wiring|fire_risk,,155.0,Tennant Creek,T1,False,road,Tennant Creek,0.0
S00594,"only cold showers for a week, Maningrida",2,plumbing,medium,no_hot_water,,33.0,Maningrida,T2,True,air,Darwin,777.5
S00595,"hot water system stopped, Daly Waters",2,plumbing,medium,no_hot_water,,33.0,Daly Waters,T1,False,road,Katherine,601.9
S00596,"cpap machine wont run, power point dead, Lajamanu",17,medical,critical,medical_equipment,medical_dependent,166.4,Lajamanu,T3,True,road,Katherine,1207.3
S00597,"split system died in the heat, got a baby here, my nan lives here, Gapuwiyak",9,cooling,high,no_cooling_extreme_heat,infants|elderly,107.64,Gapuwiyak,T3,True,air,Darwin,1129.6
S00598,"mosquito screens torn, Elliott",21,other,low,,,8.0,Elliott,T1,False,road,Tennant Creek,633.2
S00599,"dripping tap in the kitchen, Palumpa",1,plumbing,medium,,,25.0,Palumpa,T2,True,road,Darwin,605.4
S00600,"only toilet backing up, Mataranka",12,sanitation,high,only_toilet_blocked|sewage,,97.0,Mataranka,T1,False,road,Katherine,258.7
S00601,"bath leaking through the floor slowly, Alice Springs",16,bathroom,low,,,8.0,Alice Springs,T0,False,road,Alice Springs,0.0
S00602,"water from the tap is brown and smells, got a baby here, Numbulwar",11,water_quality,high,water_contamination|child_safety,infants,104.4,Numbulwar,T3,True,air,Katherine,785.3
S00603,"aircon dead and its 40 degrees, got a baby here, my nan lives here, Numbulwar",9,cooling,high,no_cooling_extreme_heat,infants|elderly,107.64,Numbulwar,T3,True,air,Katherine,785.3
S00604,"grab rail fell off the wall in the bathroom, Maningrida",18,accessibility,critical,accessibility,disability,132.16,Maningrida,T2,True,air,Darwin,777.5
S00605,"tank water is dirty and cant drink it, got a baby here, Palmerston",11,water_quality,high,water_contamination|child_safety,infants,104.4,Palmerston,T0,False,road,Palmerston,0.0
S00606,"snake in the yard near the kids, got a baby here, Yirrkala",20,other,high,vermin_pest|child_safety,infants,91.2,Yirrkala,T3,True,road,Darwin,1708.0
S00607,"sparks from the powerpoint near the oxygen machine, Alice Springs",5,electrical,critical,exposed_wiring|medical_equipment,medical_dependent,205.4,Alice Springs,T0,False,road,Alice Springs,0.0
S00608,"windows smashed and cant secure the house with the baby, got a baby here, Elliott",14,security,critical,security|child_safety,infants,151.2,Elliott,T1,False,road,Tennant Creek,633.2
S00609,"stove not working, Palmerston",15,kitchen,medium,,,25.0,Palmerston,T0,False,road,Palmerston,0.0
S00610,"snake in the yard near the kids, got a baby here, Numbulwar",20,other,high,vermin_pest|child_safety,infants,91.2,Numbulwar,T3,True,air,Katherine,785.3
S00611,"water pressure gone in the shower, Daly Waters",1,plumbing,medium,,,25.0,Daly Waters,T1,False,road,Katherine,601.9
S00612,"wheelchair ramp fell apart and cant get in the house, Beswick",18,accessibility,critical,accessibility,disability,132.16,Beswick,T2,True,road,Katherine,235.7
S00613,"stove not working, Milikapiti",15,kitchen,medium,,,25.0,Milikapiti,T3,True,air,Darwin,246.6
S00614,"ants everywhere in the kitchen, Kalkarindji",19,other,medium,vermin_pest,,29.0,Kalkarindji,T3,True,road,Katherine,949.3
S00615,"door wont lock and there was a break in, kids scared, got a baby here, Jabiru",14,security,critical,security|child_safety,infants,151.2,Jabiru,T1,False,road,Darwin,563.1
S00616,"fan broke in the bedroom, Wadeye",10,cooling,medium,,,25.0,Wadeye,T2,True,road,Darwin,635.3
S00617,"grab rail fell off the wall in the bathroom, Mataranka",18,accessibility,critical,accessibility,disability,132.16,Mataranka,T1,False,road,Katherine,258.7
S00618,"lights flicker and trip the box, Palumpa",6,electrical,medium,,,25.0,Palumpa,T2,True,road,Darwin,605.4
S00619,"dripping tap in the kitchen, Hermannsburg",1,plumbing,medium,,,25.0,Hermannsburg,T2,True,road,Alice Springs,299.4
S00620,"bath leaking through the floor slowly, Batchelor",16,bathroom,low,,,8.0,Batchelor,T1,False,road,Darwin,173.2
S00621,"wheelchair ramp fell apart and cant get in the house, Alice Springs",18,accessibility,critical,accessibility,disability,132.16,Alice Springs,T0,False,road,Alice Springs,0.0
S00622,"rats in the roof at night, Ti Tree",19,other,medium,vermin_pest,,29.0,Ti Tree,T2,True,road,Alice Springs,469.6
S00623,"split system leaking water, Alice Springs",10,cooling,medium,,,25.0,Alice Springs,T0,False,road,Alice Springs,0.0
S00624,"shower no water pressure, Alice Springs",16,bathroom,low,,,8.0,Alice Springs,T0,False,road,Alice Springs,0.0
S00625,"bath leaking through the floor slowly, Ngukurr",16,bathroom,low,,,8.0,Ngukurr,T3,True,road,Katherine,694.3
S00626,"no power in the back rooms, Pine Creek",6,electrical,medium,,,25.0,Pine Creek,T1,False,road,Katherine,221.7
S00627,"oxygen machine has no power, Pine Creek",17,medical,critical,medical_equipment,medical_dependent,166.4,Pine Creek,T1,False,road,Katherine,221.7
S00628,"loose hinge on the cupboard, Darwin",21,other,low,,,8.0,Darwin,T0,False,road,Darwin,0.0
S00629,"floor gave way near the door, Galiwin'ku",8,structural,critical,structural,,130.0,Galiwin'ku,T3,True,air,Darwin,1080.8
S00630,"no power in the back rooms, Milingimbi",6,electrical,medium,,,25.0,Milingimbi,T3,True,air,Darwin,928.9
S00631,"front gate broken and lock hanging off, Minyerri",13,security,high,security,,74.0,Minyerri,T2,True,road,Katherine,556.2
S00632,"ants everywhere in the kitchen, Elliott",19,other,medium,vermin_pest,,29.0,Elliott,T1,False,road,Tennant Creek,633.2
S00633,"door wont lock and there was a break in, kids scared, got a baby here, Elliott",14,security,critical,security|child_safety,infants,151.2,Elliott,T1,False,road,Tennant Creek,633.2
S00634,"mosquito screens torn, Maningrida",21,other,low,,,8.0,Maningrida,T2,True,air,Darwin,777.5
S00635,"snake came into the laundry, got a baby here, Umbakumba",20,other,high,vermin_pest|child_safety,infants,91.2,Umbakumba,T3,True,air,Darwin,1337.9
S00636,"bath leaking through the floor slowly, Elliott",16,bathroom,low,,,8.0,Elliott,T1,False,road,Tennant Creek,633.2
S00637,"bath leaking through the floor slowly, Beswick",16,bathroom,low,,,8.0,Beswick,T2,True,road,Katherine,235.7
S00638,"sewage overflowing outside the back door, Wurrumiyanga",3,plumbing,critical,sewage,,125.0,Wurrumiyanga,T3,True,air,Darwin,171.5
S00639,"roof caving over the bedroom, got a baby here, Adelaide River",7,structural,critical,structural|child_safety,infants,170.4,Adelaide River,T1,False,road,Darwin,235.6
S00640,"cant get the chair through the door, Adelaide River",18,accessibility,critical,accessibility,disability,132.16,Adelaide River,T1,False,road,Darwin,235.6
S00641,"no aircon and the kids cant sleep, got a baby here, my nan lives here, Borroloola",9,cooling,high,no_cooling_extreme_heat,infants|elderly,107.64,Borroloola,T3,True,road,Katherine,1217.6
S00642,"sparks from the powerpoint near the oxygen machine, Adelaide River",5,electrical,critical,exposed_wiring|medical_equipment,medical_dependent,205.4,Adelaide River,T1,False,road,Darwin,235.6
S00643,"water pressure gone in the shower, Jabiru",1,plumbing,medium,,,25.0,Jabiru,T1,False,road,Darwin,563.1
S00644,"sparks from the powerpoint near the oxygen machine, Palmerston",5,electrical,critical,exposed_wiring|medical_equipment,medical_dependent,205.4,Palmerston,T0,False,road,Palmerston,0.0
S00645,"front gate broken and lock hanging off, Daly Waters",13,security,high,security,,74.0,Daly Waters,T1,False,road,Katherine,601.9
S00646,"snake in the yard near the kids, got a baby here, Minjilang",20,other,high,vermin_pest|child_safety,infants,91.2,Minjilang,T3,True,air,Darwin,495.8
S00647,"aircon dead and its 40 degrees, got a baby here, my nan lives here, Mutitjulu",9,cooling,high,no_cooling_extreme_heat,infants|elderly,107.64,Mutitjulu,T3,True,road,Alice Springs,882.3
S00648,"oxygen machine has no power, Wurrumiyanga",17,medical,critical,medical_equipment,medical_dependent,166.4,Wurrumiyanga,T3,True,air,Darwin,171.5
S00649,"hot water system stopped, Humpty Doo",2,plumbing,medium,no_hot_water,,33.0,Humpty Doo,T1,False,road,Palmerston,42.7
S00650,"termites in the back wall, Tennant Creek",19,other,medium,vermin_pest,,29.0,Tennant Creek,T1,False,road,Tennant Creek,0.0
S00651,"mosquito screens torn, Pirlangimpi",21,other,low,,,8.0,Pirlangimpi,T3,True,air,Darwin,266.7
S00652,"water from the tap is brown and smells, got a baby here, Daly Waters",11,water_quality,high,water_contamination|child_safety,infants,104.4,Daly Waters,T1,False,road,Katherine,601.9
S00653,"aircon not cooling properly, Gapuwiyak",10,cooling,medium,,,25.0,Gapuwiyak,T3,True,air,Darwin,1129.6
S00654,"snake in the yard near the kids, got a baby here, Jabiru",20,other,high,vermin_pest|child_safety,infants,91.2,Jabiru,T1,False,road,Darwin,563.1
S00655,"power point scorched where the dialysis machine plugs in, Alice Springs",5,electrical,critical,exposed_wiring|medical_equipment,medical_dependent,205.4,Alice Springs,T0,False,road,Alice Springs,0.0
S00656,"snake in the yard near the kids, got a baby here, Numbulwar",20,other,high,vermin_pest|child_safety,infants,91.2,Numbulwar,T3,True,air,Katherine,785.3
S00657,"snake came into the laundry, got a baby here, Palumpa",20,other,high,vermin_pest|child_safety,infants,91.2,Palumpa,T2,True,road,Darwin,605.4
S00658,"loose hinge on the cupboard, Lajamanu",21,other,low,,,8.0,Lajamanu,T3,True,road,Katherine,1207.3
S00659,"snake came into the laundry, got a baby here, Yirrkala",20,other,high,vermin_pest|child_safety,infants,91.2,Yirrkala,T3,True,road,Darwin,1708.0
S00660,"one toilet blocked and overflowing, Minjilang",12,sanitation,high,only_toilet_blocked|sewage,,97.0,Minjilang,T3,True,air,Darwin,495.8
S00661,"stove not working, Darwin",15,kitchen,medium,,,25.0,Darwin,T0,False,road,Darwin,0.0
S00662,"only toilet backing up, Humpty Doo",12,sanitation,high,only_toilet_blocked|sewage,,97.0,Humpty Doo,T1,False,road,Palmerston,42.7
S00663,"no power in the back rooms, Adelaide River",6,electrical,medium,,,25.0,Adelaide River,T1,False,road,Darwin,235.6
S00664,"mosquito screens torn, Tennant Creek",21,other,low,,,8.0,Tennant Creek,T1,False,road,Tennant Creek,0.0
S00665,"dripping tap in the kitchen, Mataranka",1,plumbing,medium,,,25.0,Mataranka,T1,False,road,Katherine,258.7
S00666,"lights flicker and trip the box, Batchelor",6,electrical,medium,,,25.0,Batchelor,T1,False,road,Darwin,173.2
S00667,"loose hinge on the cupboard, Yuendumu",21,other,low,,,8.0,Yuendumu,T2,True,road,Alice Springs,693.7
S00668,"general wear and tear, Gunbalanya",21,other,low,,,8.0,Gunbalanya,T2,True,road,Darwin,623.7
S00669,"lights flicker and trip the box, Katherine",6,electrical,medium,,,25.0,Katherine,T1,False,road,Katherine,0.0
S00670,"loose hinge on the cupboard, Docker River",21,other,low,,,8.0,Docker River,T3,True,road,Alice Springs,1309.6
S00671,"wheelchair ramp fell apart and cant get in the house, Kalkarindji",18,accessibility,critical,accessibility,disability,132.16,Kalkarindji,T3,True,road,Katherine,949.3
S00672,"oxygen machine has no power, Ti Tree",17,medical,critical,medical_equipment,medical_dependent,166.4,Ti Tree,T2,True,road,Alice Springs,469.6
S00673,"cant lock the house at night, Barunga",13,security,high,security,,74.0,Barunga,T2,True,road,Katherine,168.0
S00674,"split system died in the heat, got a baby here, my nan lives here, Pirlangimpi",9,cooling,high,no_cooling_extreme_heat,infants|elderly,107.64,Pirlangimpi,T3,True,air,Darwin,266.7
S00675,"water cut off since yesterday, got a baby here, my nan lives here, Wadeye",0,plumbing,critical,no_water,infants|elderly,168.36,Wadeye,T2,True,road,Darwin,635.3
S00676,"floor gave way near the door, Daly Waters",8,structural,critical,structural,,130.0,Daly Waters,T1,False,road,Katherine,601.9
S00677,"no aircon and the kids cant sleep, got a baby here, my nan lives here, Beswick",9,cooling,high,no_cooling_extreme_heat,infants|elderly,107.64,Beswick,T2,True,road,Katherine,235.7
S00678,"tap leaking under the sink for weeks, Daly Waters",1,plumbing,medium,,,25.0,Daly Waters,T1,False,road,Katherine,601.9
S00679,"tap leaking under the sink for weeks, Jabiru",1,plumbing,medium,,,25.0,Jabiru,T1,False,road,Darwin,563.1
S00680,"lights flicker and trip the box, Umbakumba",6,electrical,medium,,,25.0,Umbakumba,T3,True,air,Darwin,1337.9
S00681,"bore water salty and smells off, got a baby here, Galiwin'ku",11,water_quality,high,water_contamination|child_safety,infants,104.4,Galiwin'ku,T3,True,air,Darwin,1080.8
S00682,"oxygen machine has no power, Tennant Creek",17,medical,critical,medical_equipment,medical_dependent,166.4,Tennant Creek,T1,False,road,Tennant Creek,0.0
S00683,"cant lock the house at night, Palmerston",13,security,high,security,,74.0,Palmerston,T0,False,road,Palmerston,0.0
S00684,"toilet blocked and its the only one in the house, Gunbalanya",12,sanitation,high,only_toilet_blocked|sewage,,97.0,Gunbalanya,T2,True,road,Darwin,623.7
S00685,"wheelchair ramp fell apart and cant get in the house, Daly Waters",18,accessibility,critical,accessibility,disability,132.16,Daly Waters,T1,False,road,Katherine,601.9
S00686,"termites in the back wall, Batchelor",19,other,medium,vermin_pest,,29.0,Batchelor,T1,False,road,Darwin,173.2
S00687,"aircon not cooling properly, Mataranka",10,cooling,medium,,,25.0,Mataranka,T1,False,road,Katherine,258.7
S00688,"door wont lock and there was a break in, kids scared, got a baby here, Ramingining",14,security,critical,security|child_safety,infants,151.2,Ramingining,T3,True,air,Darwin,929.7
S00689,"snake came into the laundry, got a baby here, Palmerston",20,other,high,vermin_pest|child_safety,infants,91.2,Palmerston,T0,False,road,Palmerston,0.0
S00690,"dripping tap in the kitchen, Pine Creek",1,plumbing,medium,,,25.0,Pine Creek,T1,False,road,Katherine,221.7
S00691,"door wont lock and there was a break in, kids scared, got a baby here, Robinson River",14,security,critical,security|child_safety,infants,151.2,Robinson River,T3,True,road,Katherine,1462.5
S00692,"dialysis needs a reliable socket, Mataranka",17,medical,critical,medical_equipment,medical_dependent,166.4,Mataranka,T1,False,road,Katherine,258.7
S00693,"aircon not cooling properly, Mataranka",10,cooling,medium,,,25.0,Mataranka,T1,False,road,Katherine,258.7
S00694,"shower head dripping and a tile cracked, Tennant Creek",16,bathroom,low,,,8.0,Tennant Creek,T1,False,road,Tennant Creek,0.0
S00695,"rats in the roof at night, Elliott",19,other,medium,vermin_pest,,29.0,Elliott,T1,False,road,Tennant Creek,633.2
S00696,"shower no water pressure, Yirrkala",16,bathroom,low,,,8.0,Yirrkala,T3,True,road,Darwin,1708.0
S00697,"toilet blocked and its the only one in the house, Palumpa",12,sanitation,high,only_toilet_blocked|sewage,,97.0,Palumpa,T2,True,road,Darwin,605.4
S00698,"bath leaking through the floor slowly, Numbulwar",16,bathroom,low,,,8.0,Numbulwar,T3,True,air,Katherine,785.3
S00699,"bath leaking through the floor slowly, Wurrumiyanga",16,bathroom,low,,,8.0,Wurrumiyanga,T3,True,air,Darwin,171.5
S00700,"aircon dead and its 40 degrees, got a baby here, my nan lives here, Daguragu",9,cooling,high,no_cooling_extreme_heat,infants|elderly,107.64,Daguragu,T3,True,road,Katherine,945.0
S00701,"nothing coming out of any tap, got a baby here, my nan lives here, Daguragu",0,plumbing,critical,no_water,infants|elderly,168.36,Daguragu,T3,True,road,Katherine,945.0
S00702,"general wear and tear, Pine Creek",21,other,low,,,8.0,Pine Creek,T1,False,road,Katherine,221.7
S00703,"aircon not cooling properly, Milikapiti",10,cooling,medium,,,25.0,Milikapiti,T3,True,air,Darwin,246.6
S00704,"powerpoint dead in the lounge, Minyerri",6,electrical,medium,,,25.0,Minyerri,T2,True,road,Katherine,556.2
S00705,"powerpoint dead in the lounge, Yirrkala",6,electrical,medium,,,25.0,Yirrkala,T3,True,road,Darwin,1708.0
S00706,"split system died in the heat, got a baby here, my nan lives here, Adelaide River",9,cooling,high,no_cooling_extreme_heat,infants|elderly,107.64,Adelaide River,T1,False,road,Darwin,235.6
S00707,"back door wont lock and the window got smashed, Mataranka",13,security,high,security,,74.0,Mataranka,T1,False,road,Katherine,258.7
S00708,"bore water salty and smells off, got a baby here, Elliott",11,water_quality,high,water_contamination|child_safety,infants,104.4,Elliott,T1,False,road,Tennant Creek,633.2
S00709,"aircon dead and its 40 degrees, got a baby here, my nan lives here, Barunga",9,cooling,high,no_cooling_extreme_heat,infants|elderly,107.64,Barunga,T2,True,road,Katherine,168.0
S00710,"water pressure gone in the shower, Elliott",1,plumbing,medium,,,25.0,Elliott,T1,False,road,Tennant Creek,633.2
S00711,"loose hinge on the cupboard, Beswick",21,other,low,,,8.0,Beswick,T2,True,road,Katherine,235.7
S00712,"water cut off since yesterday, got a baby here, my nan lives here, Jabiru",0,plumbing,critical,no_water,infants|elderly,168.36,Jabiru,T1,False,road,Darwin,563.1
S00713,"snake came into the laundry, got a baby here, Lajamanu",20,other,high,vermin_pest|child_safety,infants,91.2,Lajamanu,T3,True,road,Katherine,1207.3
S00714,"tap leaking under the sink for weeks, Kalkarindji",1,plumbing,medium,,,25.0,Kalkarindji,T3,True,road,Katherine,949.3
S00715,"water from the tap is brown and smells, got a baby here, Minyerri",11,water_quality,high,water_contamination|child_safety,infants,104.4,Minyerri,T2,True,road,Katherine,556.2
S00716,"cpap machine wont run, power point dead, Alice Springs",17,medical,critical,medical_equipment,medical_dependent,166.4,Alice Springs,T0,False,road,Alice Springs,0.0
S00717,"stove stopped working and fridge died last week, Galiwin'ku",15,kitchen,medium,,,25.0,Galiwin'ku,T3,True,air,Darwin,1080.8
S00718,"shower no water pressure, Ngukurr",16,bathroom,low,,,8.0,Ngukurr,T3,True,road,Katherine,694.3
S00719,"dripping tap in the kitchen, Ngukurr",1,plumbing,medium,,,25.0,Ngukurr,T3,True,road,Katherine,694.3
S00720,"termites in the back wall, Timber Creek",19,other,medium,vermin_pest,,29.0,Timber Creek,T2,True,road,Katherine,606.0
S00721,"stove not working, Pine Creek",15,kitchen,medium,,,25.0,Pine Creek,T1,False,road,Katherine,221.7
S00722,"general wear and tear, Yirrkala",21,other,low,,,8.0,Yirrkala,T3,True,road,Darwin,1708.0
S00723,"loose hinge on the cupboard, Minjilang",21,other,low,,,8.0,Minjilang,T3,True,air,Darwin,495.8
S00724,"shower head dripping and a tile cracked, Katherine",16,bathroom,low,,,8.0,Katherine,T1,False,road,Katherine,0.0
S00725,"cant get the chair through the door, Daguragu",18,accessibility,critical,accessibility,disability,132.16,Daguragu,T3,True,road,Katherine,945.0
S00726,"mosquito screens torn, Mataranka",21,other,low,,,8.0,Mataranka,T1,False,road,Katherine,258.7
S00727,"bath leaking through the floor slowly, Daly Waters",16,bathroom,low,,,8.0,Daly Waters,T1,False,road,Katherine,601.9
S00728,"windows smashed and cant secure the house with the baby, got a baby here, Beswick",14,security,critical,security|child_safety,infants,151.2,Beswick,T2,True,road,Katherine,235.7
S00729,"one toilet blocked and overflowing, Darwin",12,sanitation,high,only_toilet_blocked|sewage,,97.0,Darwin,T0,False,road,Darwin,0.0
S00730,"toilet blocked and its the only one in the house, Pine Creek",12,sanitation,high,only_toilet_blocked|sewage,,97.0,Pine Creek,T1,False,road,Katherine,221.7
S00731,"stove not working, Borroloola",15,kitchen,medium,,,25.0,Borroloola,T3,True,road,Katherine,1217.6
S00732,"oven sparking and fridge not cold, Beswick",15,kitchen,medium,,,25.0,Beswick,T2,True,road,Katherine,235.7
S00733,"nothing coming out of any tap, got a baby here, my nan lives here, Tennant Creek",0,plumbing,critical,no_water,infants|elderly,168.36,Tennant Creek,T1,False,road,Tennant Creek,0.0
S00734,"no hot water since tuesday, Tennant Creek",2,plumbing,medium,no_hot_water,,33.0,Tennant Creek,T1,False,road,Tennant Creek,0.0
S00735,"aircon not cooling properly, Numbulwar",10,cooling,medium,,,25.0,Numbulwar,T3,True,air,Katherine,785.3
S00736,"powerpoint dead in the lounge, Darwin",6,electrical,medium,,,25.0,Darwin,T0,False,road,Darwin,0.0
S00737,"oven sparking and fridge not cold, Lajamanu",15,kitchen,medium,,,25.0,Lajamanu,T3,True,road,Katherine,1207.3
S00738,"general wear and tear, Warruwi",21,other,low,,,8.0,Warruwi,T3,True,air,Darwin,611.3
S00739,"no power in the back rooms, Hermannsburg",6,electrical,medium,,,25.0,Hermannsburg,T2,True,road,Alice Springs,299.4
S00740,"grab rail fell off the wall in the bathroom, Batchelor",18,accessibility,critical,accessibility,disability,132.16,Batchelor,T1,False,road,Darwin,173.2
S00741,"aircon dead and its 40 degrees, got a baby here, my nan lives here, Pine Creek",9,cooling,high,no_cooling_extreme_heat,infants|elderly,107.64,Pine Creek,T1,False,road,Katherine,221.7
S00742,"shower head dripping and a tile cracked, Adelaide River",16,bathroom,low,,,8.0,Adelaide River,T1,False,road,Darwin,235.6
S00743,"tap leaking under the sink for weeks, Elliott",1,plumbing,medium,,,25.0,Elliott,T1,False,road,Tennant Creek,633.2
S00744,"stove not working, Daly Waters",15,kitchen,medium,,,25.0,Daly Waters,T1,False,road,Katherine,601.9
S00745,"only toilet backing up, Elliott",12,sanitation,high,only_toilet_blocked|sewage,,97.0,Elliott,T1,False,road,Tennant Creek,633.2
S00746,"rats in the roof at night, Daguragu",19,other,medium,vermin_pest,,29.0,Daguragu,T3,True,road,Katherine,945.0
S00747,"hot water system stopped, Tennant Creek",2,plumbing,medium,no_hot_water,,33.0,Tennant Creek,T1,False,road,Tennant Creek,0.0
S00748,"only toilet backing up, Jabiru",12,sanitation,high,only_toilet_blocked|sewage,,97.0,Jabiru,T1,False,road,Darwin,563.1
S00749,"termites in the back wall, Darwin",19,other,medium,vermin_pest,,29.0,Darwin,T0,False,road,Darwin,0.0
S00750,"shower no water pressure, Pine Creek",16,bathroom,low,,,8.0,Pine Creek,T1,False,road,Katherine,221.7
S00751,"hot water system stopped, Alice Springs",2,plumbing,medium,no_hot_water,,33.0,Alice Springs,T0,False,road,Alice Springs,0.0
S00752,"ants everywhere in the kitchen, Jabiru",19,other,medium,vermin_pest,,29.0,Jabiru,T1,False,road,Darwin,563.1
S00753,"sparks from the powerpoint near the oxygen machine, Tennant Creek",5,electrical,critical,exposed_wiring|medical_equipment,medical_dependent,205.4,Tennant Creek,T1,False,road,Tennant Creek,0.0
S00754,"dripping tap in the kitchen, Gapuwiyak",1,plumbing,medium,,,25.0,Gapuwiyak,T3,True,air,Darwin,1129.6
S00755,"water pressure gone in the shower, Umbakumba",1,plumbing,medium,,,25.0,Umbakumba,T3,True,air,Darwin,1337.9
S00756,"oxygen machine has no power, Docker River",17,medical,critical,medical_equipment,medical_dependent,166.4,Docker River,T3,True,road,Alice Springs,1309.6
S00757,"termites in the back wall, Wadeye",19,other,medium,vermin_pest,,29.0,Wadeye,T2,True,road,Darwin,635.3
S00758,"rats in the roof at night, Gunbalanya",19,other,medium,vermin_pest,,29.0,Gunbalanya,T2,True,road,Darwin,623.7
S00759,"shower no water pressure, Tennant Creek",16,bathroom,low,,,8.0,Tennant Creek,T1,False,road,Tennant Creek,0.0
S00760,"snake came into the laundry, got a baby here, Adelaide River",20,other,high,vermin_pest|child_safety,infants,91.2,Adelaide River,T1,False,road,Darwin,235.6
S00761,"mosquito screens torn, Batchelor",21,other,low,,,8.0,Batchelor,T1,False,road,Darwin,173.2
S00762,"only toilet backing up, Borroloola",12,sanitation,high,only_toilet_blocked|sewage,,97.0,Borroloola,T3,True,road,Katherine,1217.6
S00763,"oven sparking and fridge not cold, Jabiru",15,kitchen,medium,,,25.0,Jabiru,T1,False,road,Darwin,563.1
S00764,"loose hinge on the cupboard, Papunya",21,other,low,,,8.0,Papunya,T3,True,road,Alice Springs,543.2
S00765,"water from the tap is brown and smells, got a baby here, Ramingining",11,water_quality,high,water_contamination|child_safety,infants,104.4,Ramingining,T3,True,air,Darwin,929.7
S00766,"power point scorched where the dialysis machine plugs in, Daly Waters",5,electrical,critical,exposed_wiring|medical_equipment,medical_dependent,205.4,Daly Waters,T1,False,road,Katherine,601.9
S00767,"mosquito screens torn, Kalkarindji",21,other,low,,,8.0,Kalkarindji,T3,True,road,Katherine,949.3
S00768,"water pressure gone in the shower, Daly Waters",1,plumbing,medium,,,25.0,Daly Waters,T1,False,road,Katherine,601.9
S00769,"cant lock the house at night, Palmerston",13,security,high,security,,74.0,Palmerston,T0,False,road,Palmerston,0.0
S00770,"general wear and tear, Alice Springs",21,other,low,,,8.0,Alice Springs,T0,False,road,Alice Springs,0.0
S00771,"bath leaking through the floor slowly, Humpty Doo",16,bathroom,low,,,8.0,Humpty Doo,T1,False,road,Palmerston,42.7
S00772,"windows smashed and cant secure the house with the baby, got a baby here, Ramingining",14,security,critical,security|child_safety,infants,151.2,Ramingining,T3,True,air,Darwin,929.7
S00773,"bore water salty and smells off, got a baby here, Mutitjulu",11,water_quality,high,water_contamination|child_safety,infants,104.4,Mutitjulu,T3,True,road,Alice Springs,882.3
S00774,"lights flicker and trip the box, Ramingining",6,electrical,medium,,,25.0,Ramingining,T3,True,air,Darwin,929.7
S00775,"front gate broken and lock hanging off, Adelaide River",13,security,high,security,,74.0,Adelaide River,T1,False,road,Darwin,235.6
S00776,"shower head dripping and a tile cracked, Mutitjulu",16,bathroom,low,,,8.0,Mutitjulu,T3,True,road,Alice Springs,882.3
S00777,"back door wont lock and the window got smashed, Katherine",13,security,high,security,,74.0,Katherine,T1,False,road,Katherine,0.0
S00778,"oxygen machine has no power, Angurugu",17,medical,critical,medical_equipment,medical_dependent,166.4,Angurugu,T3,True,air,Darwin,1324.4
S00779,"mosquito screens torn, Adelaide River",21,other,low,,,8.0,Adelaide River,T1,False,road,Darwin,235.6
S00780,"stove not working, Daguragu",15,kitchen,medium,,,25.0,Daguragu,T3,True,road,Katherine,945.0
S00781,"bath leaking through the floor slowly, Katherine",16,bathroom,low,,,8.0,Katherine,T1,False,road,Katherine,0.0
S00782,"rats in the roof at night, Wadeye",19,other,medium,vermin_pest,,29.0,Wadeye,T2,True,road,Darwin,635.3
S00783,"one toilet blocked and overflowing, Tennant Creek",12,sanitation,high,only_toilet_blocked|sewage,,97.0,Tennant Creek,T1,False,road,Tennant Creek,0.0
S00784,"powerpoint dead in the lounge, Elliott",6,electrical,medium,,,25.0,Elliott,T1,False,road,Tennant Creek,633.2
S00785,"cant get the chair through the door, Minyerri",18,accessibility,critical,accessibility,disability,132.16,Minyerri,T2,True,road,Katherine,556.2
S00786,"ants everywhere in the kitchen, Darwin",19,other,medium,vermin_pest,,29.0,Darwin,T0,False,road,Darwin,0.0
S00787,"mosquito screens torn, Pirlangimpi",21,other,low,,,8.0,Pirlangimpi,T3,True,air,Darwin,266.7
S00788,"no water at all for two days, got a baby here, my nan lives here, Daguragu",0,plumbing,critical,no_water,infants|elderly,168.36,Daguragu,T3,True,road,Katherine,945.0
S00789,"water from the tap is brown and smells, got a baby here, Katherine",11,water_quality,high,water_contamination|child_safety,infants,104.4,Katherine,T1,False,road,Katherine,0.0
S00790,"dripping tap in the kitchen, Pine Creek",1,plumbing,medium,,,25.0,Pine Creek,T1,False,road,Katherine,221.7
S00791,"tank water is dirty and cant drink it, got a baby here, Daly Waters",11,water_quality,high,water_contamination|child_safety,infants,104.4,Daly Waters,T1,False,road,Katherine,601.9
S00792,"fan broke in the bedroom, Adelaide River",10,cooling,medium,,,25.0,Adelaide River,T1,False,road,Darwin,235.6
S00793,"burning smell from the switchboard, Elliott",4,electrical,critical,exposed_wiring|fire_risk,,155.0,Elliott,T1,False,road,Tennant Creek,633.2
S00794,"general wear and tear, Maningrida",21,other,low,,,8.0,Maningrida,T2,True,air,Darwin,777.5
S00795,"shower no water pressure, Darwin",16,bathroom,low,,,8.0,Darwin,T0,False,road,Darwin,0.0
S00796,"split system died in the heat, got a baby here, my nan lives here, Darwin",9,cooling,high,no_cooling_extreme_heat,infants|elderly,107.64,Darwin,T0,False,road,Darwin,0.0
S00797,"wheelchair ramp fell apart and cant get in the house, Tennant Creek",18,accessibility,critical,accessibility,disability,132.16,Tennant Creek,T1,False,road,Tennant Creek,0.0
S00798,"power point scorched where the dialysis machine plugs in, Ramingining",5,electrical,critical,exposed_wiring|medical_equipment,medical_dependent,205.4,Ramingining,T3,True,air,Darwin,929.7
S00799,"no power in the back rooms, Ramingining",6,electrical,medium,,,25.0,Ramingining,T3,True,air,Darwin,929.7
S00800,"cpap machine wont run, power point dead, Ti Tree",17,medical,critical,medical_equipment,medical_dependent,166.4,Ti Tree,T2,True,road,Alice Springs,469.6
S00801,"shower head dripping and a tile cracked, Mataranka",16,bathroom,low,,,8.0,Mataranka,T1,False,road,Katherine,258.7
S00802,"dialysis needs a reliable socket, Pine Creek",17,medical,critical,medical_equipment,medical_dependent,166.4,Pine Creek,T1,False,road,Katherine,221.7
S00803,"split system died in the heat, got a baby here, my nan lives here, Tennant Creek",9,cooling,high,no_cooling_extreme_heat,infants|elderly,107.64,Tennant Creek,T1,False,road,Tennant Creek,0.0
S00804,"sewerage backing up in the yard, Wadeye",3,plumbing,critical,sewage,,125.0,Wadeye,T2,True,road,Darwin,635.3
S00805,"fan broke in the bedroom, Timber Creek",10,cooling,medium,,,25.0,Timber Creek,T2,True,road,Katherine,606.0
S00806,"shower no water pressure, Wadeye",16,bathroom,low,,,8.0,Wadeye,T2,True,road,Darwin,635.3
S00807,"rats in the roof at night, Jabiru",19,other,medium,vermin_pest,,29.0,Jabiru,T1,False,road,Darwin,563.1
S00808,"snake in the yard near the kids, got a baby here, Alice Springs",20,other,high,vermin_pest|child_safety,infants,91.2,Alice Springs,T0,False,road,Alice Springs,0.0
S00809,"loose hinge on the cupboard, Beswick",21,other,low,,,8.0,Beswick,T2,True,road,Katherine,235.7
S00810,"powerpoint dead in the lounge, Jabiru",6,electrical,medium,,,25.0,Jabiru,T1,False,road,Darwin,563.1
S00811,"rats in the roof at night, Alice Springs",19,other,medium,vermin_pest,,29.0,Alice Springs,T0,False,road,Alice Springs,0.0
S00812,"mosquito screens torn, Papunya",21,other,low,,,8.0,Papunya,T3,True,road,Alice Springs,543.2
S00813,"lights flicker and trip the box, Mataranka",6,electrical,medium,,,25.0,Mataranka,T1,False,road,Katherine,258.7
S00814,"no water at all for two days, got a baby here, my nan lives here, Yirrkala",0,plumbing,critical,no_water,infants|elderly,168.36,Yirrkala,T3,True,road,Darwin,1708.0
S00815,"no hot water since tuesday, Katherine",2,plumbing,medium,no_hot_water,,33.0,Katherine,T1,False,road,Katherine,0.0
S00816,"oxygen machine has no power, Palmerston",17,medical,critical,medical_equipment,medical_dependent,166.4,Palmerston,T0,False,road,Palmerston,0.0
S00817,"cant get the chair through the door, Maningrida",18,accessibility,critical,accessibility,disability,132.16,Maningrida,T2,True,air,Darwin,777.5
S00818,"no power in the back rooms, Tennant Creek",6,electrical,medium,,,25.0,Tennant Creek,T1,False,road,Tennant Creek,0.0
S00819,"general wear and tear, Katherine",21,other,low,,,8.0,Katherine,T1,False,road,Katherine,0.0
S00820,"power point scorched where the dialysis machine plugs in, Alyangula",5,electrical,critical,exposed_wiring|medical_equipment,medical_dependent,205.4,Alyangula,T3,True,air,Darwin,1308.1
S00821,"shower no water pressure, Humpty Doo",16,bathroom,low,,,8.0,Humpty Doo,T1,False,road,Palmerston,42.7
S00822,"smells like poo near the bathroom, Maningrida",3,plumbing,critical,sewage,,125.0,Maningrida,T2,True,air,Darwin,777.5
S00823,"shower no water pressure, Elliott",16,bathroom,low,,,8.0,Elliott,T1,False,road,Tennant Creek,633.2
S00824,"dripping tap in the kitchen, Daly Waters",1,plumbing,medium,,,25.0,Daly Waters,T1,False,road,Katherine,601.9
S00825,"back door wont lock and the window got smashed, Darwin",13,security,high,security,,74.0,Darwin,T0,False,road,Darwin,0.0
S00826,"floor gave way near the door, Elliott",8,structural,critical,structural,,130.0,Elliott,T1,False,road,Tennant Creek,633.2
S00827,"oven sparking and fridge not cold, Ti Tree",15,kitchen,medium,,,25.0,Ti Tree,T2,True,road,Alice Springs,469.6
S00828,"rats in the roof at night, Gunbalanya",19,other,medium,vermin_pest,,29.0,Gunbalanya,T2,True,road,Darwin,623.7
S00829,"ceiling caving in above the children, got a baby here, Gunbalanya",7,structural,critical,structural|child_safety,infants,170.4,Gunbalanya,T2,True,road,Darwin,623.7
S00830,"mosquito screens torn, Docker River",21,other,low,,,8.0,Docker River,T3,True,road,Alice Springs,1309.6
S00831,"fan broke in the bedroom, Humpty Doo",10,cooling,medium,,,25.0,Humpty Doo,T1,False,road,Palmerston,42.7
S00832,"split system died in the heat, got a baby here, my nan lives here, Borroloola",9,cooling,high,no_cooling_extreme_heat,infants|elderly,107.64,Borroloola,T3,True,road,Katherine,1217.6
S00833,"wire hanging out of the wall, Ramingining",4,electrical,critical,exposed_wiring|fire_risk,,155.0,Ramingining,T3,True,air,Darwin,929.7
S00834,"dripping tap in the kitchen, Numbulwar",1,plumbing,medium,,,25.0,Numbulwar,T3,True,air,Katherine,785.3
S00835,"water pressure gone in the shower, Ngukurr",1,plumbing,medium,,,25.0,Ngukurr,T3,True,road,Katherine,694.3
S00836,"ants everywhere in the kitchen, Daguragu",19,other,medium,vermin_pest,,29.0,Daguragu,T3,True,road,Katherine,945.0
S00837,"water cut off since yesterday, got a baby here, my nan lives here, Milikapiti",0,plumbing,critical,no_water,infants|elderly,168.36,Milikapiti,T3,True,air,Darwin,246.6
S00838,"stove not working, Jabiru",15,kitchen,medium,,,25.0,Jabiru,T1,False,road,Darwin,563.1
S00839,"windows smashed and cant secure the house with the baby, got a baby here, Daly Waters",14,security,critical,security|child_safety,infants,151.2,Daly Waters,T1,False,road,Katherine,601.9
S00840,"cant lock the house at night, Maningrida",13,security,high,security,,74.0,Maningrida,T2,True,air,Darwin,777.5
S00841,"fan broke in the bedroom, Wurrumiyanga",10,cooling,medium,,,25.0,Wurrumiyanga,T3,True,air,Darwin,171.5
S00842,"water pressure gone in the shower, Jabiru",1,plumbing,medium,,,25.0,Jabiru,T1,False,road,Darwin,563.1
S00843,"smells like poo near the bathroom, Galiwin'ku",3,plumbing,critical,sewage,,125.0,Galiwin'ku,T3,True,air,Darwin,1080.8
S00844,"shower head dripping and a tile cracked, Katherine",16,bathroom,low,,,8.0,Katherine,T1,False,road,Katherine,0.0
S00845,"snake in the yard near the kids, got a baby here, Batchelor",20,other,high,vermin_pest|child_safety,infants,91.2,Batchelor,T1,False,road,Darwin,173.2
S00846,"bore water salty and smells off, got a baby here, Batchelor",11,water_quality,high,water_contamination|child_safety,infants,104.4,Batchelor,T1,False,road,Darwin,173.2
S00847,"no aircon and the kids cant sleep, got a baby here, my nan lives here, Pine Creek",9,cooling,high,no_cooling_extreme_heat,infants|elderly,107.64,Pine Creek,T1,False,road,Katherine,221.7
S00848,"termites in the back wall, Daguragu",19,other,medium,vermin_pest,,29.0,Daguragu,T3,True,road,Katherine,945.0
S00849,"water pressure gone in the shower, Wadeye",1,plumbing,medium,,,25.0,Wadeye,T2,True,road,Darwin,635.3
S00850,"door wont lock and there was a break in, kids scared, got a baby here, Tennant Creek",14,security,critical,security|child_safety,infants,151.2,Tennant Creek,T1,False,road,Tennant Creek,0.0
S00851,"mosquito screens torn, Wurrumiyanga",21,other,low,,,8.0,Wurrumiyanga,T3,True,air,Darwin,171.5
S00852,"split system leaking water, Mutitjulu",10,cooling,medium,,,25.0,Mutitjulu,T3,True,road,Alice Springs,882.3
S00853,"no power in the back rooms, Adelaide River",6,electrical,medium,,,25.0,Adelaide River,T1,False,road,Darwin,235.6
S00854,"no aircon and the kids cant sleep, got a baby here, my nan lives here, Ramingining",9,cooling,high,no_cooling_extreme_heat,infants|elderly,107.64,Ramingining,T3,True,air,Darwin,929.7
S00855,"front gate broken and lock hanging off, Batchelor",13,security,high,security,,74.0,Batchelor,T1,False,road,Darwin,173.2
S00856,"rats in the roof at night, Alice Springs",19,other,medium,vermin_pest,,29.0,Alice Springs,T0,False,road,Alice Springs,0.0
S00857,"shower no water pressure, Humpty Doo",16,bathroom,low,,,8.0,Humpty Doo,T1,False,road,Palmerston,42.7
S00858,"roof caving over the bedroom, got a baby here, Palumpa",7,structural,critical,structural|child_safety,infants,170.4,Palumpa,T2,True,road,Darwin,605.4
S00859,"aircon dead and its 40 degrees, got a baby here, my nan lives here, Alyangula",9,cooling,high,no_cooling_extreme_heat,infants|elderly,107.64,Alyangula,T3,True,air,Darwin,1308.1
S00860,"stove not working, Mutitjulu",15,kitchen,medium,,,25.0,Mutitjulu,T3,True,road,Alice Springs,882.3
S00861,"stove stopped working and fridge died last week, Pine Creek",15,kitchen,medium,,,25.0,Pine Creek,T1,False,road,Katherine,221.7
S00862,"only cold showers for a week, Jabiru",2,plumbing,medium,no_hot_water,,33.0,Jabiru,T1,False,road,Darwin,563.1
S00863,"back door wont lock and the window got smashed, Batchelor",13,security,high,security,,74.0,Batchelor,T1,False,road,Darwin,173.2
S00864,"shower head dripping and a tile cracked, Batchelor",16,bathroom,low,,,8.0,Batchelor,T1,False,road,Darwin,173.2
S00865,"hot water system stopped, Kalkarindji",2,plumbing,medium,no_hot_water,,33.0,Kalkarindji,T3,True,road,Katherine,949.3
S00866,"oxygen machine has no power, Minyerri",17,medical,critical,medical_equipment,medical_dependent,166.4,Minyerri,T2,True,road,Katherine,556.2
S00867,"no hot water since tuesday, Beswick",2,plumbing,medium,no_hot_water,,33.0,Beswick,T2,True,road,Katherine,235.7
S00868,"tap leaking under the sink for weeks, Mutitjulu",1,plumbing,medium,,,25.0,Mutitjulu,T3,True,road,Alice Springs,882.3
S00869,"back door wont lock and the window got smashed, Palmerston",13,security,high,security,,74.0,Palmerston,T0,False,road,Palmerston,0.0
S00870,"dialysis needs a reliable socket, Borroloola",17,medical,critical,medical_equipment,medical_dependent,166.4,Borroloola,T3,True,road,Katherine,1217.6
S00871,"door wont lock and there was a break in, kids scared, got a baby here, Ti Tree",14,security,critical,security|child_safety,infants,151.2,Ti Tree,T2,True,road,Alice Springs,469.6
S00872,"windows smashed and cant secure the house with the baby, got a baby here, Peppimenarti",14,security,critical,security|child_safety,infants,151.2,Peppimenarti,T2,True,road,Darwin,533.1
S00873,"tap leaking under the sink for weeks, Mutitjulu",1,plumbing,medium,,,25.0,Mutitjulu,T3,True,road,Alice Springs,882.3
S00874,"front gate broken and lock hanging off, Borroloola",13,security,high,security,,74.0,Borroloola,T3,True,road,Katherine,1217.6
S00875,"water from the tap is brown and smells, got a baby here, Numbulwar",11,water_quality,high,water_contamination|child_safety,infants,104.4,Numbulwar,T3,True,air,Katherine,785.3
S00876,"nothing coming out of any tap, got a baby here, my nan lives here, Timber Creek",0,plumbing,critical,no_water,infants|elderly,168.36,Timber Creek,T2,True,road,Katherine,606.0
S00877,"oxygen machine has no power, Mataranka",17,medical,critical,medical_equipment,medical_dependent,166.4,Mataranka,T1,False,road,Katherine,258.7
S00878,"burning smell from the switchboard, Hermannsburg",4,electrical,critical,exposed_wiring|fire_risk,,155.0,Hermannsburg,T2,True,road,Alice Springs,299.4
S00879,"split system leaking water, Daguragu",10,cooling,medium,,,25.0,Daguragu,T3,True,road,Katherine,945.0
S00880,"aircon not cooling properly, Batchelor",10,cooling,medium,,,25.0,Batchelor,T1,False,road,Darwin,173.2
S00881,"stove not working, Numbulwar",15,kitchen,medium,,,25.0,Numbulwar,T3,True,air,Katherine,785.3
S00882,"termites in the back wall, Minyerri",19,other,medium,vermin_pest,,29.0,Minyerri,T2,True,road,Katherine,556.2
S00883,"cpap machine wont run, power point dead, Ngukurr",17,medical,critical,medical_equipment,medical_dependent,166.4,Ngukurr,T3,True,road,Katherine,694.3
S00884,"sparks coming out of the powerpoint, Ti Tree",4,electrical,critical,exposed_wiring|fire_risk,,155.0,Ti Tree,T2,True,road,Alice Springs,469.6
S00885,"power point scorched where the dialysis machine plugs in, Ti Tree",5,electrical,critical,exposed_wiring|medical_equipment,medical_dependent,205.4,Ti Tree,T2,True,road,Alice Springs,469.6
S00886,"split system leaking water, Minjilang",10,cooling,medium,,,25.0,Minjilang,T3,True,air,Darwin,495.8
S00887,"wall cracked right through after the cyclone, Angurugu",8,structural,critical,structural,,130.0,Angurugu,T3,True,air,Darwin,1324.4
S00888,"bath leaking through the floor slowly, Ti Tree",16,bathroom,low,,,8.0,Ti Tree,T2,True,road,Alice Springs,469.6
S00889,"one toilet blocked and overflowing, Palmerston",12,sanitation,high,only_toilet_blocked|sewage,,97.0,Palmerston,T0,False,road,Palmerston,0.0
S00890,"fan broke in the bedroom, Adelaide River",10,cooling,medium,,,25.0,Adelaide River,T1,False,road,Darwin,235.6
S00891,"windows smashed and cant secure the house with the baby, got a baby here, Beswick",14,security,critical,security|child_safety,infants,151.2,Beswick,T2,True,road,Katherine,235.7
S00892,"split system died in the heat, got a baby here, my nan lives here, Katherine",9,cooling,high,no_cooling_extreme_heat,infants|elderly,107.64,Katherine,T1,False,road,Katherine,0.0
S00893,"ants everywhere in the kitchen, Ramingining",19,other,medium,vermin_pest,,29.0,Ramingining,T3,True,air,Darwin,929.7
S00894,"shower no water pressure, Daguragu",16,bathroom,low,,,8.0,Daguragu,T3,True,road,Katherine,945.0
S00895,"cant get the chair through the door, Minjilang",18,accessibility,critical,accessibility,disability,132.16,Minjilang,T3,True,air,Darwin,495.8
S00896,"loose hinge on the cupboard, Alice Springs",21,other,low,,,8.0,Alice Springs,T0,False,road,Alice Springs,0.0
S00897,"stove not working, Humpty Doo",15,kitchen,medium,,,25.0,Humpty Doo,T1,False,road,Palmerston,42.7
S00898,"oven sparking and fridge not cold, Darwin",15,kitchen,medium,,,25.0,Darwin,T0,False,road,Darwin,0.0
S00899,"cpap machine wont run, power point dead, Kalkarindji",17,medical,critical,medical_equipment,medical_dependent,166.4,Kalkarindji,T3,True,road,Katherine,949.3
S00900,"oven sparking and fridge not cold, Adelaide River",15,kitchen,medium,,,25.0,Adelaide River,T1,False,road,Darwin,235.6
S00901,"mosquito screens torn, Lajamanu",21,other,low,,,8.0,Lajamanu,T3,True,road,Katherine,1207.3
S00902,"split system died in the heat, got a baby here, my nan lives here, Elliott",9,cooling,high,no_cooling_extreme_heat,infants|elderly,107.64,Elliott,T1,False,road,Tennant Creek,633.2
S00903,"wall cracked right through after the cyclone, Daly Waters",8,structural,critical,structural,,130.0,Daly Waters,T1,False,road,Katherine,601.9
S00904,"tap leaking under the sink for weeks, Adelaide River",1,plumbing,medium,,,25.0,Adelaide River,T1,False,road,Darwin,235.6
S00905,"loose hinge on the cupboard, Barunga",21,other,low,,,8.0,Barunga,T2,True,road,Katherine,168.0
S00906,"dripping tap in the kitchen, Elliott",1,plumbing,medium,,,25.0,Elliott,T1,False,road,Tennant Creek,633.2
S00907,"snake came into the laundry, got a baby here, Papunya",20,other,high,vermin_pest|child_safety,infants,91.2,Papunya,T3,True,road,Alice Springs,543.2
S00908,"wall cracked right through after the cyclone, Mataranka",8,structural,critical,structural,,130.0,Mataranka,T1,False,road,Katherine,258.7
S00909,"loose hinge on the cupboard, Robinson River",21,other,low,,,8.0,Robinson River,T3,True,road,Katherine,1462.5
S00910,"no hot water since tuesday, Gapuwiyak",2,plumbing,medium,no_hot_water,,33.0,Gapuwiyak,T3,True,air,Darwin,1129.6
S00911,"power point scorched where the dialysis machine plugs in, Darwin",5,electrical,critical,exposed_wiring|medical_equipment,medical_dependent,205.4,Darwin,T0,False,road,Darwin,0.0
S00912,"cant get the chair through the door, Humpty Doo",18,accessibility,critical,accessibility,disability,132.16,Humpty Doo,T1,False,road,Palmerston,42.7
S00913,"split system died in the heat, got a baby here, my nan lives here, Milingimbi",9,cooling,high,no_cooling_extreme_heat,infants|elderly,107.64,Milingimbi,T3,True,air,Darwin,928.9
S00914,"aircon not cooling properly, Barunga",10,cooling,medium,,,25.0,Barunga,T2,True,road,Katherine,168.0
S00915,"burning smell from the switchboard, Borroloola",4,electrical,critical,exposed_wiring|fire_risk,,155.0,Borroloola,T3,True,road,Katherine,1217.6
S00916,"only cold showers for a week, Alice Springs",2,plumbing,medium,no_hot_water,,33.0,Alice Springs,T0,False,road,Alice Springs,0.0
S00917,"termites in the back wall, Gunbalanya",19,other,medium,vermin_pest,,29.0,Gunbalanya,T2,True,road,Darwin,623.7
S00918,"back door wont lock and the window got smashed, Lajamanu",13,security,high,security,,74.0,Lajamanu,T3,True,road,Katherine,1207.3
S00919,"cpap machine wont run, power point dead, Milikapiti",17,medical,critical,medical_equipment,medical_dependent,166.4,Milikapiti,T3,True,air,Darwin,246.6
S00920,"wall cracked right through after the cyclone, Alyangula",8,structural,critical,structural,,130.0,Alyangula,T3,True,air,Darwin,1308.1
S00921,"water from the tap is brown and smells, got a baby here, Ti Tree",11,water_quality,high,water_contamination|child_safety,infants,104.4,Ti Tree,T2,True,road,Alice Springs,469.6
S00922,"snake came into the laundry, got a baby here, Palmerston",20,other,high,vermin_pest|child_safety,infants,91.2,Palmerston,T0,False,road,Palmerston,0.0
S00923,"snake came into the laundry, got a baby here, Darwin",20,other,high,vermin_pest|child_safety,infants,91.2,Darwin,T0,False,road,Darwin,0.0
S00924,"windows smashed and cant secure the house with the baby, got a baby here, Darwin",14,security,critical,security|child_safety,infants,151.2,Darwin,T0,False,road,Darwin,0.0
S00925,"stove stopped working and fridge died last week, Tennant Creek",15,kitchen,medium,,,25.0,Tennant Creek,T1,False,road,Tennant Creek,0.0
S00926,"tap leaking under the sink for weeks, Hermannsburg",1,plumbing,medium,,,25.0,Hermannsburg,T2,True,road,Alice Springs,299.4
S00927,"roof caving over the bedroom, got a baby here, Palumpa",7,structural,critical,structural|child_safety,infants,170.4,Palumpa,T2,True,road,Darwin,605.4
S00928,"back door wont lock and the window got smashed, Batchelor",13,security,high,security,,74.0,Batchelor,T1,False,road,Darwin,173.2
S00929,"split system leaking water, Darwin",10,cooling,medium,,,25.0,Darwin,T0,False,road,Darwin,0.0
S00930,"no power in the back rooms, Tennant Creek",6,electrical,medium,,,25.0,Tennant Creek,T1,False,road,Tennant Creek,0.0
S00931,"bath leaking through the floor slowly, Elliott",16,bathroom,low,,,8.0,Elliott,T1,False,road,Tennant Creek,633.2
S00932,"sparks from the powerpoint near the oxygen machine, Mutitjulu",5,electrical,critical,exposed_wiring|medical_equipment,medical_dependent,205.4,Mutitjulu,T3,True,road,Alice Springs,882.3
S00933,"snake in the yard near the kids, got a baby here, Mataranka",20,other,high,vermin_pest|child_safety,infants,91.2,Mataranka,T1,False,road,Katherine,258.7
S00934,"burning smell from the switchboard, Gunbalanya",4,electrical,critical,exposed_wiring|fire_risk,,155.0,Gunbalanya,T2,True,road,Darwin,623.7
S00935,"bath leaking through the floor slowly, Minjilang",16,bathroom,low,,,8.0,Minjilang,T3,True,air,Darwin,495.8
S00936,"bore water salty and smells off, got a baby here, Galiwin'ku",11,water_quality,high,water_contamination|child_safety,infants,104.4,Galiwin'ku,T3,True,air,Darwin,1080.8
S00937,"shower head dripping and a tile cracked, Jabiru",16,bathroom,low,,,8.0,Jabiru,T1,False,road,Darwin,563.1
S00938,"aircon dead and its 40 degrees, got a baby here, my nan lives here, Barunga",9,cooling,high,no_cooling_extreme_heat,infants|elderly,107.64,Barunga,T2,True,road,Katherine,168.0
S00939,"verandah posts collapsing, Wurrumiyanga",8,structural,critical,structural,,130.0,Wurrumiyanga,T3,True,air,Darwin,171.5
S00940,"stove stopped working and fridge died last week, Mataranka",15,kitchen,medium,,,25.0,Mataranka,T1,False,road,Katherine,258.7
S00941,"general wear and tear, Ngukurr",21,other,low,,,8.0,Ngukurr,T3,True,road,Katherine,694.3
S00942,"stove not working, Elliott",15,kitchen,medium,,,25.0,Elliott,T1,False,road,Tennant Creek,633.2
S00943,"no water at all for two days, got a baby here, my nan lives here, Daguragu",0,plumbing,critical,no_water,infants|elderly,168.36,Daguragu,T3,True,road,Katherine,945.0
S00944,"water pressure gone in the shower, Kalkarindji",1,plumbing,medium,,,25.0,Kalkarindji,T3,True,road,Katherine,949.3
S00945,"wire hanging out of the wall, Yuendumu",4,electrical,critical,exposed_wiring|fire_risk,,155.0,Yuendumu,T2,True,road,Alice Springs,693.7
S00946,"floor gave way near the door, Palmerston",8,structural,critical,structural,,130.0,Palmerston,T0,False,road,Palmerston,0.0
S00947,"no hot water since tuesday, Katherine",2,plumbing,medium,no_hot_water,,33.0,Katherine,T1,False,road,Katherine,0.0
S00948,"mosquito screens torn, Batchelor",21,other,low,,,8.0,Batchelor,T1,False,road,Darwin,173.2
S00949,"powerpoint dead in the lounge, Elliott",6,electrical,medium,,,25.0,Elliott,T1,False,road,Tennant Creek,633.2
S00950,"aircon not cooling properly, Batchelor",10,cooling,medium,,,25.0,Batchelor,T1,False,road,Darwin,173.2
S00951,"hot water system stopped, Alice Springs",2,plumbing,medium,no_hot_water,,33.0,Alice Springs,T0,False,road,Alice Springs,0.0
S00952,"powerpoint dead in the lounge, Minyerri",6,electrical,medium,,,25.0,Minyerri,T2,True,road,Katherine,556.2
S00953,"toilet blocked and its the only one in the house, Warruwi",12,sanitation,high,only_toilet_blocked|sewage,,97.0,Warruwi,T3,True,air,Darwin,611.3
S00954,"fan broke in the bedroom, Peppimenarti",10,cooling,medium,,,25.0,Peppimenarti,T2,True,road,Darwin,533.1
S00955,"dripping tap in the kitchen, Borroloola",1,plumbing,medium,,,25.0,Borroloola,T3,True,road,Katherine,1217.6
S00956,"bath leaking through the floor slowly, Batchelor",16,bathroom,low,,,8.0,Batchelor,T1,False,road,Darwin,173.2
S00957,"mosquito screens torn, Beswick",21,other,low,,,8.0,Beswick,T2,True,road,Katherine,235.7
S00958,"power point scorched where the dialysis machine plugs in, Maningrida",5,electrical,critical,exposed_wiring|medical_equipment,medical_dependent,205.4,Maningrida,T2,True,air,Darwin,777.5
S00959,"burning smell from the switchboard, Jabiru",4,electrical,critical,exposed_wiring|fire_risk,,155.0,Jabiru,T1,False,road,Darwin,563.1
S00960,"shower no water pressure, Barunga",16,bathroom,low,,,8.0,Barunga,T2,True,road,Katherine,168.0
S00961,"split system leaking water, Ngukurr",10,cooling,medium,,,25.0,Ngukurr,T3,True,road,Katherine,694.3
S00962,"dripping tap in the kitchen, Palmerston",1,plumbing,medium,,,25.0,Palmerston,T0,False,road,Palmerston,0.0
S00963,"tap leaking under the sink for weeks, Maningrida",1,plumbing,medium,,,25.0,Maningrida,T2,True,air,Darwin,777.5
S00964,"mosquito screens torn, Alyangula",21,other,low,,,8.0,Alyangula,T3,True,air,Darwin,1308.1
S00965,"shower head dripping and a tile cracked, Milingimbi",16,bathroom,low,,,8.0,Milingimbi,T3,True,air,Darwin,928.9
S00966,"bore water salty and smells off, got a baby here, Mataranka",11,water_quality,high,water_contamination|child_safety,infants,104.4,Mataranka,T1,False,road,Katherine,258.7
S00967,"hot water system stopped, Jabiru",2,plumbing,medium,no_hot_water,,33.0,Jabiru,T1,False,road,Darwin,563.1
S00968,"snake in the yard near the kids, got a baby here, Hermannsburg",20,other,high,vermin_pest|child_safety,infants,91.2,Hermannsburg,T2,True,road,Alice Springs,299.4
S00969,"split system died in the heat, got a baby here, my nan lives here, Humpty Doo",9,cooling,high,no_cooling_extreme_heat,infants|elderly,107.64,Humpty Doo,T1,False,road,Palmerston,42.7
S00970,"roof is leaking right over my kids bed and the ceiling is sagging, got a baby here, Batchelor",7,structural,critical,structural|child_safety,infants,170.4,Batchelor,T1,False,road,Darwin,173.2
S00971,"oxygen machine has no power, Minyerri",17,medical,critical,medical_equipment,medical_dependent,166.4,Minyerri,T2,True,road,Katherine,556.2
S00972,"ants everywhere in the kitchen, Humpty Doo",19,other,medium,vermin_pest,,29.0,Humpty Doo,T1,False,road,Palmerston,42.7
S00973,"water cut off since yesterday, got a baby here, my nan lives here, Minyerri",0,plumbing,critical,no_water,infants|elderly,168.36,Minyerri,T2,True,road,Katherine,556.2
S00974,"only toilet backing up, Ramingining",12,sanitation,high,only_toilet_blocked|sewage,,97.0,Ramingining,T3,True,air,Darwin,929.7
S00975,"floor gave way near the door, Tennant Creek",8,structural,critical,structural,,130.0,Tennant Creek,T1,False,road,Tennant Creek,0.0
S00976,"general wear and tear, Yirrkala",21,other,low,,,8.0,Yirrkala,T3,True,road,Darwin,1708.0
S00977,"no power in the back rooms, Minyerri",6,electrical,medium,,,25.0,Minyerri,T2,True,road,Katherine,556.2
S00978,"no power in the back rooms, Darwin",6,electrical,medium,,,25.0,Darwin,T0,False,road,Darwin,0.0
S00979,"stove not working, Minyerri",15,kitchen,medium,,,25.0,Minyerri,T2,True,road,Katherine,556.2
S00980,"snake came into the laundry, got a baby here, Daly Waters",20,other,high,vermin_pest|child_safety,infants,91.2,Daly Waters,T1,False,road,Katherine,601.9
S00981,"stove stopped working and fridge died last week, Gapuwiyak",15,kitchen,medium,,,25.0,Gapuwiyak,T3,True,air,Darwin,1129.6
S00982,"back door wont lock and the window got smashed, Milikapiti",13,security,high,security,,74.0,Milikapiti,T3,True,air,Darwin,246.6
S00983,"no hot water since tuesday, Docker River",2,plumbing,medium,no_hot_water,,33.0,Docker River,T3,True,road,Alice Springs,1309.6
S00984,"lights flicker and trip the box, Darwin",6,electrical,medium,,,25.0,Darwin,T0,False,road,Darwin,0.0
S00985,"wheelchair ramp fell apart and cant get in the house, Adelaide River",18,accessibility,critical,accessibility,disability,132.16,Adelaide River,T1,False,road,Darwin,235.6
S00986,"only cold showers for a week, Robinson River",2,plumbing,medium,no_hot_water,,33.0,Robinson River,T3,True,road,Katherine,1462.5
S00987,"loose hinge on the cupboard, Borroloola",21,other,low,,,8.0,Borroloola,T3,True,road,Katherine,1217.6
S00988,"general wear and tear, Humpty Doo",21,other,low,,,8.0,Humpty Doo,T1,False,road,Palmerston,42.7
S00989,"stove stopped working and fridge died last week, Docker River",15,kitchen,medium,,,25.0,Docker River,T3,True,road,Alice Springs,1309.6
S00990,"lights flicker and trip the box, Kalkarindji",6,electrical,medium,,,25.0,Kalkarindji,T3,True,road,Katherine,949.3
S00991,"snake came into the laundry, got a baby here, Jabiru",20,other,high,vermin_pest|child_safety,infants,91.2,Jabiru,T1,False,road,Darwin,563.1
S00992,"grab rail fell off the wall in the bathroom, Daly Waters",18,accessibility,critical,accessibility,disability,132.16,Daly Waters,T1,False,road,Katherine,601.9
S00993,"bath leaking through the floor slowly, Alice Springs",16,bathroom,low,,,8.0,Alice Springs,T0,False,road,Alice Springs,0.0
S00994,"only cold showers for a week, Daly Waters",2,plumbing,medium,no_hot_water,,33.0,Daly Waters,T1,False,road,Katherine,601.9
S00995,"windows smashed and cant secure the house with the baby, got a baby here, Milingimbi",14,security,critical,security|child_safety,infants,151.2,Milingimbi,T3,True,air,Darwin,928.9
S00996,"rats in the roof at night, Mataranka",19,other,medium,vermin_pest,,29.0,Mataranka,T1,False,road,Katherine,258.7
S00997,"sparks from the powerpoint near the oxygen machine, Adelaide River",5,electrical,critical,exposed_wiring|medical_equipment,medical_dependent,205.4,Adelaide River,T1,False,road,Darwin,235.6
S00998,"powerpoint dead in the lounge, Batchelor",6,electrical,medium,,,25.0,Batchelor,T1,False,road,Darwin,173.2
S00999,"aircon not cooling properly, Papunya",10,cooling,medium,,,25.0,Papunya,T3,True,road,Alice Springs,543.2
S01000,"cant get the chair through the door, Minyerri",18,accessibility,critical,accessibility,disability,132.16,Minyerri,T2,True,road,Katherine,556.2
S01001,"dripping tap in the kitchen, Elliott",1,plumbing,medium,,,25.0,Elliott,T1,False,road,Tennant Creek,633.2
S01002,"bath leaking through the floor slowly, Katherine",16,bathroom,low,,,8.0,Katherine,T1,False,road,Katherine,0.0
S01003,"front gate broken and lock hanging off, Wurrumiyanga",13,security,high,security,,74.0,Wurrumiyanga,T3,True,air,Darwin,171.5
S01004,"shower no water pressure, Adelaide River",16,bathroom,low,,,8.0,Adelaide River,T1,False,road,Darwin,235.6
S01005,"only cold showers for a week, Minyerri",2,plumbing,medium,no_hot_water,,33.0,Minyerri,T2,True,road,Katherine,556.2
S01006,"mosquito screens torn, Daguragu",21,other,low,,,8.0,Daguragu,T3,True,road,Katherine,945.0
S01007,"only cold showers for a week, Adelaide River",2,plumbing,medium,no_hot_water,,33.0,Adelaide River,T1,False,road,Darwin,235.6
S01008,"termites in the back wall, Darwin",19,other,medium,vermin_pest,,29.0,Darwin,T0,False,road,Darwin,0.0
S01009,"no water at all for two days, got a baby here, my nan lives here, Tennant Creek",0,plumbing,critical,no_water,infants|elderly,168.36,Tennant Creek,T1,False,road,Tennant Creek,0.0
S01010,"shower head dripping and a tile cracked, Galiwin'ku",16,bathroom,low,,,8.0,Galiwin'ku,T3,True,air,Darwin,1080.8
S01011,"no power in the back rooms, Mataranka",6,electrical,medium,,,25.0,Mataranka,T1,False,road,Katherine,258.7
S01012,"split system died in the heat, got a baby here, my nan lives here, Yirrkala",9,cooling,high,no_cooling_extreme_heat,infants|elderly,107.64,Yirrkala,T3,True,road,Darwin,1708.0
S01013,"ants everywhere in the kitchen, Galiwin'ku",19,other,medium,vermin_pest,,29.0,Galiwin'ku,T3,True,air,Darwin,1080.8
S01014,"split system died in the heat, got a baby here, my nan lives here, Alice Springs",9,cooling,high,no_cooling_extreme_heat,infants|elderly,107.64,Alice Springs,T0,False,road,Alice Springs,0.0
S01015,"one toilet blocked and overflowing, Numbulwar",12,sanitation,high,only_toilet_blocked|sewage,,97.0,Numbulwar,T3,True,air,Katherine,785.3
S01016,"door wont lock and there was a break in, kids scared, got a baby here, Numbulwar",14,security,critical,security|child_safety,infants,151.2,Numbulwar,T3,True,air,Katherine,785.3
S01017,"water cut off since yesterday, got a baby here, my nan lives here, Yirrkala",0,plumbing,critical,no_water,infants|elderly,168.36,Yirrkala,T3,True,road,Darwin,1708.0
S01018,"bath leaking through the floor slowly, Darwin",16,bathroom,low,,,8.0,Darwin,T0,False,road,Darwin,0.0
S01019,"loose hinge on the cupboard, Elliott",21,other,low,,,8.0,Elliott,T1,False,road,Tennant Creek,633.2
S01020,"aircon dead and its 40 degrees, got a baby here, my nan lives here, Palmerston",9,cooling,high,no_cooling_extreme_heat,infants|elderly,107.64,Palmerston,T0,False,road,Palmerston,0.0
S01021,"rats in the roof at night, Darwin",19,other,medium,vermin_pest,,29.0,Darwin,T0,False,road,Darwin,0.0
S01022,"sparks from the powerpoint near the oxygen machine, Mataranka",5,electrical,critical,exposed_wiring|medical_equipment,medical_dependent,205.4,Mataranka,T1,False,road,Katherine,258.7
S01023,"toilet blocked and its the only one in the house, Minjilang",12,sanitation,high,only_toilet_blocked|sewage,,97.0,Minjilang,T3,True,air,Darwin,495.8
S01024,"power point scorched where the dialysis machine plugs in, Beswick",5,electrical,critical,exposed_wiring|medical_equipment,medical_dependent,205.4,Beswick,T2,True,road,Katherine,235.7
S01025,"wire hanging out of the wall, Pirlangimpi",4,electrical,critical,exposed_wiring|fire_risk,,155.0,Pirlangimpi,T3,True,air,Darwin,266.7
S01026,"stove not working, Jabiru",15,kitchen,medium,,,25.0,Jabiru,T1,False,road,Darwin,563.1
S01027,"dripping tap in the kitchen, Pine Creek",1,plumbing,medium,,,25.0,Pine Creek,T1,False,road,Katherine,221.7
S01028,"loose hinge on the cupboard, Batchelor",21,other,low,,,8.0,Batchelor,T1,False,road,Darwin,173.2
S01029,"shower head dripping and a tile cracked, Pine Creek",16,bathroom,low,,,8.0,Pine Creek,T1,False,road,Katherine,221.7
S01030,"no power in the back rooms, Darwin",6,electrical,medium,,,25.0,Darwin,T0,False,road,Darwin,0.0
S01031,"windows smashed and cant secure the house with the baby, got a baby here, Milikapiti",14,security,critical,security|child_safety,infants,151.2,Milikapiti,T3,True,air,Darwin,246.6
S01032,"water pressure gone in the shower, Daly Waters",1,plumbing,medium,,,25.0,Daly Waters,T1,False,road,Katherine,601.9
S01033,"stove stopped working and fridge died last week, Peppimenarti",15,kitchen,medium,,,25.0,Peppimenarti,T2,True,road,Darwin,533.1
S01034,"termites in the back wall, Daly Waters",19,other,medium,vermin_pest,,29.0,Daly Waters,T1,False,road,Katherine,601.9
S01035,"cant get the chair through the door, Alyangula",18,accessibility,critical,accessibility,disability,132.16,Alyangula,T3,True,air,Darwin,1308.1
S01036,"only cold showers for a week, Darwin",2,plumbing,medium,no_hot_water,,33.0,Darwin,T0,False,road,Darwin,0.0
S01037,"no hot water since tuesday, Umbakumba",2,plumbing,medium,no_hot_water,,33.0,Umbakumba,T3,True,air,Darwin,1337.9
S01038,"stove stopped working and fridge died last week, Pine Creek",15,kitchen,medium,,,25.0,Pine Creek,T1,False,road,Katherine,221.7
S01039,"powerpoint dead in the lounge, Alice Springs",6,electrical,medium,,,25.0,Alice Springs,T0,False,road,Alice Springs,0.0
S01040,"general wear and tear, Robinson River",21,other,low,,,8.0,Robinson River,T3,True,road,Katherine,1462.5
S01041,"cant lock the house at night, Palumpa",13,security,high,security,,74.0,Palumpa,T2,True,road,Darwin,605.4
S01042,"back door wont lock and the window got smashed, Adelaide River",13,security,high,security,,74.0,Adelaide River,T1,False,road,Darwin,235.6
S01043,"shower no water pressure, Pirlangimpi",16,bathroom,low,,,8.0,Pirlangimpi,T3,True,air,Darwin,266.7
S01044,"rats in the roof at night, Tennant Creek",19,other,medium,vermin_pest,,29.0,Tennant Creek,T1,False,road,Tennant Creek,0.0
S01045,"split system leaking water, Papunya",10,cooling,medium,,,25.0,Papunya,T3,True,road,Alice Springs,543.2
S01046,"front gate broken and lock hanging off, Daly Waters",13,security,high,security,,74.0,Daly Waters,T1,False,road,Katherine,601.9
S01047,"tap leaking under the sink for weeks, Jabiru",1,plumbing,medium,,,25.0,Jabiru,T1,False,road,Darwin,563.1
S01048,"snake came into the laundry, got a baby here, Peppimenarti",20,other,high,vermin_pest|child_safety,infants,91.2,Peppimenarti,T2,True,road,Darwin,533.1
S01049,"snake came into the laundry, got a baby here, Docker River",20,other,high,vermin_pest|child_safety,infants,91.2,Docker River,T3,True,road,Alice Springs,1309.6
S01050,"tap leaking under the sink for weeks, Pirlangimpi",1,plumbing,medium,,,25.0,Pirlangimpi,T3,True,air,Darwin,266.7
S01051,"floor gave way near the door, Milingimbi",8,structural,critical,structural,,130.0,Milingimbi,T3,True,air,Darwin,928.9
S01052,"snake came into the laundry, got a baby here, Darwin",20,other,high,vermin_pest|child_safety,infants,91.2,Darwin,T0,False,road,Darwin,0.0
S01053,"back door wont lock and the window got smashed, Batchelor",13,security,high,security,,74.0,Batchelor,T1,False,road,Darwin,173.2
S01054,"lights flicker and trip the box, Katherine",6,electrical,medium,,,25.0,Katherine,T1,False,road,Katherine,0.0
S01055,"verandah posts collapsing, Batchelor",8,structural,critical,structural,,130.0,Batchelor,T1,False,road,Darwin,173.2
S01056,"oven sparking and fridge not cold, Wadeye",15,kitchen,medium,,,25.0,Wadeye,T2,True,road,Darwin,635.3
S01057,"stove not working, Adelaide River",15,kitchen,medium,,,25.0,Adelaide River,T1,False,road,Darwin,235.6
S01058,"hot water system stopped, Katherine",2,plumbing,medium,no_hot_water,,33.0,Katherine,T1,False,road,Katherine,0.0
S01059,"split system leaking water, Galiwin'ku",10,cooling,medium,,,25.0,Galiwin'ku,T3,True,air,Darwin,1080.8
S01060,"ants everywhere in the kitchen, Milingimbi",19,other,medium,vermin_pest,,29.0,Milingimbi,T3,True,air,Darwin,928.9
S01061,"termites in the back wall, Mataranka",19,other,medium,vermin_pest,,29.0,Mataranka,T1,False,road,Katherine,258.7
S01062,"shower no water pressure, Peppimenarti",16,bathroom,low,,,8.0,Peppimenarti,T2,True,road,Darwin,533.1
S01063,"wheelchair ramp fell apart and cant get in the house, Hermannsburg",18,accessibility,critical,accessibility,disability,132.16,Hermannsburg,T2,True,road,Alice Springs,299.4
S01064,"stove stopped working and fridge died last week, Alyangula",15,kitchen,medium,,,25.0,Alyangula,T3,True,air,Darwin,1308.1
S01065,"rats in the roof at night, Elliott",19,other,medium,vermin_pest,,29.0,Elliott,T1,False,road,Tennant Creek,633.2
S01066,"verandah posts collapsing, Ti Tree",8,structural,critical,structural,,130.0,Ti Tree,T2,True,road,Alice Springs,469.6
S01067,"water pressure gone in the shower, Ramingining",1,plumbing,medium,,,25.0,Ramingining,T3,True,air,Darwin,929.7
S01068,"water pressure gone in the shower, Gapuwiyak",1,plumbing,medium,,,25.0,Gapuwiyak,T3,True,air,Darwin,1129.6
S01069,"door wont lock and there was a break in, kids scared, got a baby here, Pirlangimpi",14,security,critical,security|child_safety,infants,151.2,Pirlangimpi,T3,True,air,Darwin,266.7
S01070,"water cut off since yesterday, got a baby here, my nan lives here, Robinson River",0,plumbing,critical,no_water,infants|elderly,168.36,Robinson River,T3,True,road,Katherine,1462.5
S01071,"rats in the roof at night, Minjilang",19,other,medium,vermin_pest,,29.0,Minjilang,T3,True,air,Darwin,495.8
S01072,"sewerage backing up in the yard, Barunga",3,plumbing,critical,sewage,,125.0,Barunga,T2,True,road,Katherine,168.0
S01073,"ants everywhere in the kitchen, Pine Creek",19,other,medium,vermin_pest,,29.0,Pine Creek,T1,False,road,Katherine,221.7
S01074,"floor gave way near the door, Palmerston",8,structural,critical,structural,,130.0,Palmerston,T0,False,road,Palmerston,0.0
S01075,"hot water system stopped, Darwin",2,plumbing,medium,no_hot_water,,33.0,Darwin,T0,False,road,Darwin,0.0
S01076,"wall cracked right through after the cyclone, Kalkarindji",8,structural,critical,structural,,130.0,Kalkarindji,T3,True,road,Katherine,949.3
S01077,"nothing coming out of any tap, got a baby here, my nan lives here, Yirrkala",0,plumbing,critical,no_water,infants|elderly,168.36,Yirrkala,T3,True,road,Darwin,1708.0
S01078,"burning smell from the switchboard, Palmerston",4,electrical,critical,exposed_wiring|fire_risk,,155.0,Palmerston,T0,False,road,Palmerston,0.0
S01079,"no hot water since tuesday, Minyerri",2,plumbing,medium,no_hot_water,,33.0,Minyerri,T2,True,road,Katherine,556.2
S01080,"general wear and tear, Batchelor",21,other,low,,,8.0,Batchelor,T1,False,road,Darwin,173.2
S01081,"split system leaking water, Jabiru",10,cooling,medium,,,25.0,Jabiru,T1,False,road,Darwin,563.1
S01082,"only toilet backing up, Pine Creek",12,sanitation,high,only_toilet_blocked|sewage,,97.0,Pine Creek,T1,False,road,Katherine,221.7
S01083,"water pressure gone in the shower, Jabiru",1,plumbing,medium,,,25.0,Jabiru,T1,False,road,Darwin,563.1
S01084,"water pressure gone in the shower, Borroloola",1,plumbing,medium,,,25.0,Borroloola,T3,True,road,Katherine,1217.6
S01085,"door wont lock and there was a break in, kids scared, got a baby here, Ngukurr",14,security,critical,security|child_safety,infants,151.2,Ngukurr,T3,True,road,Katherine,694.3
S01086,"ceiling caving in above the children, got a baby here, Elliott",7,structural,critical,structural|child_safety,infants,170.4,Elliott,T1,False,road,Tennant Creek,633.2
S01087,"lights flicker and trip the box, Adelaide River",6,electrical,medium,,,25.0,Adelaide River,T1,False,road,Darwin,235.6
S01088,"only cold showers for a week, Minyerri",2,plumbing,medium,no_hot_water,,33.0,Minyerri,T2,True,road,Katherine,556.2
S01089,"shower head dripping and a tile cracked, Robinson River",16,bathroom,low,,,8.0,Robinson River,T3,True,road,Katherine,1462.5
S01090,"mosquito screens torn, Palumpa",21,other,low,,,8.0,Palumpa,T2,True,road,Darwin,605.4
S01091,"wall cracked right through after the cyclone, Alice Springs",8,structural,critical,structural,,130.0,Alice Springs,T0,False,road,Alice Springs,0.0
S01092,"aircon dead and its 40 degrees, got a baby here, my nan lives here, Jabiru",9,cooling,high,no_cooling_extreme_heat,infants|elderly,107.64,Jabiru,T1,False,road,Darwin,563.1
S01093,"powerpoint dead in the lounge, Umbakumba",6,electrical,medium,,,25.0,Umbakumba,T3,True,air,Darwin,1337.9
S01094,"sewage overflowing outside the back door, Gapuwiyak",3,plumbing,critical,sewage,,125.0,Gapuwiyak,T3,True,air,Darwin,1129.6
S01095,"powerpoint dead in the lounge, Lajamanu",6,electrical,medium,,,25.0,Lajamanu,T3,True,road,Katherine,1207.3
S01096,"ants everywhere in the kitchen, Tennant Creek",19,other,medium,vermin_pest,,29.0,Tennant Creek,T1,False,road,Tennant Creek,0.0
S01097,"tap leaking under the sink for weeks, Numbulwar",1,plumbing,medium,,,25.0,Numbulwar,T3,True,air,Katherine,785.3
S01098,"termites in the back wall, Yirrkala",19,other,medium,vermin_pest,,29.0,Yirrkala,T3,True,road,Darwin,1708.0
S01099,"water pressure gone in the shower, Elliott",1,plumbing,medium,,,25.0,Elliott,T1,False,road,Tennant Creek,633.2
S01100,"one toilet blocked and overflowing, Peppimenarti",12,sanitation,high,only_toilet_blocked|sewage,,97.0,Peppimenarti,T2,True,road,Darwin,533.1
S01101,"dialysis needs a reliable socket, Alyangula",17,medical,critical,medical_equipment,medical_dependent,166.4,Alyangula,T3,True,air,Darwin,1308.1
S01102,"roof caving over the bedroom, got a baby here, Katherine",7,structural,critical,structural|child_safety,infants,170.4,Katherine,T1,False,road,Katherine,0.0
S01103,"termites in the back wall, Palmerston",19,other,medium,vermin_pest,,29.0,Palmerston,T0,False,road,Palmerston,0.0
S01104,"shower head dripping and a tile cracked, Minjilang",16,bathroom,low,,,8.0,Minjilang,T3,True,air,Darwin,495.8
S01105,"stove not working, Adelaide River",15,kitchen,medium,,,25.0,Adelaide River,T1,False,road,Darwin,235.6
S01106,"floor gave way near the door, Daly Waters",8,structural,critical,structural,,130.0,Daly Waters,T1,False,road,Katherine,601.9
S01107,"only cold showers for a week, Adelaide River",2,plumbing,medium,no_hot_water,,33.0,Adelaide River,T1,False,road,Darwin,235.6
S01108,"windows smashed and cant secure the house with the baby, got a baby here, Mutitjulu",14,security,critical,security|child_safety,infants,151.2,Mutitjulu,T3,True,road,Alice Springs,882.3
S01109,"wire hanging out of the wall, Ngukurr",4,electrical,critical,exposed_wiring|fire_risk,,155.0,Ngukurr,T3,True,road,Katherine,694.3
S01110,"ants everywhere in the kitchen, Milingimbi",19,other,medium,vermin_pest,,29.0,Milingimbi,T3,True,air,Darwin,928.9
S01111,"ants everywhere in the kitchen, Pine Creek",19,other,medium,vermin_pest,,29.0,Pine Creek,T1,False,road,Katherine,221.7
S01112,"bore water salty and smells off, got a baby here, Lajamanu",11,water_quality,high,water_contamination|child_safety,infants,104.4,Lajamanu,T3,True,road,Katherine,1207.3
S01113,"stove not working, Papunya",15,kitchen,medium,,,25.0,Papunya,T3,True,road,Alice Springs,543.2
S01114,"shower no water pressure, Lajamanu",16,bathroom,low,,,8.0,Lajamanu,T3,True,road,Katherine,1207.3
S01115,"roof caving over the bedroom, got a baby here, Katherine",7,structural,critical,structural|child_safety,infants,170.4,Katherine,T1,False,road,Katherine,0.0
S01116,"no hot water since tuesday, Mataranka",2,plumbing,medium,no_hot_water,,33.0,Mataranka,T1,False,road,Katherine,258.7
S01117,"fan broke in the bedroom, Darwin",10,cooling,medium,,,25.0,Darwin,T0,False,road,Darwin,0.0
S01118,"bore water salty and smells off, got a baby here, Maningrida",11,water_quality,high,water_contamination|child_safety,infants,104.4,Maningrida,T2,True,air,Darwin,777.5
S01119,"shower no water pressure, Minjilang",16,bathroom,low,,,8.0,Minjilang,T3,True,air,Darwin,495.8
S01120,"stove not working, Tennant Creek",15,kitchen,medium,,,25.0,Tennant Creek,T1,False,road,Tennant Creek,0.0
S01121,"tap leaking under the sink for weeks, Adelaide River",1,plumbing,medium,,,25.0,Adelaide River,T1,False,road,Darwin,235.6
S01122,"snake in the yard near the kids, got a baby here, Daly Waters",20,other,high,vermin_pest|child_safety,infants,91.2,Daly Waters,T1,False,road,Katherine,601.9
S01123,"burning smell from the switchboard, Daly Waters",4,electrical,critical,exposed_wiring|fire_risk,,155.0,Daly Waters,T1,False,road,Katherine,601.9
S01124,"sparks from the powerpoint near the oxygen machine, Adelaide River",5,electrical,critical,exposed_wiring|medical_equipment,medical_dependent,205.4,Adelaide River,T1,False,road,Darwin,235.6
S01125,"dripping tap in the kitchen, Tennant Creek",1,plumbing,medium,,,25.0,Tennant Creek,T1,False,road,Tennant Creek,0.0
S01126,"water from the tap is brown and smells, got a baby here, Beswick",11,water_quality,high,water_contamination|child_safety,infants,104.4,Beswick,T2,True,road,Katherine,235.7
S01127,"snake in the yard near the kids, got a baby here, Umbakumba",20,other,high,vermin_pest|child_safety,infants,91.2,Umbakumba,T3,True,air,Darwin,1337.9
S01128,"oven sparking and fridge not cold, Angurugu",15,kitchen,medium,,,25.0,Angurugu,T3,True,air,Darwin,1324.4
S01129,"tank water is dirty and cant drink it, got a baby here, Galiwin'ku",11,water_quality,high,water_contamination|child_safety,infants,104.4,Galiwin'ku,T3,True,air,Darwin,1080.8
S01130,"ants everywhere in the kitchen, Darwin",19,other,medium,vermin_pest,,29.0,Darwin,T0,False,road,Darwin,0.0
S01131,"loose hinge on the cupboard, Ramingining",21,other,low,,,8.0,Ramingining,T3,True,air,Darwin,929.7
S01132,"cant lock the house at night, Alice Springs",13,security,high,security,,74.0,Alice Springs,T0,False,road,Alice Springs,0.0
S01133,"cant get the chair through the door, Elliott",18,accessibility,critical,accessibility,disability,132.16,Elliott,T1,False,road,Tennant Creek,633.2
S01134,"general wear and tear, Maningrida",21,other,low,,,8.0,Maningrida,T2,True,air,Darwin,777.5
S01135,"water pressure gone in the shower, Batchelor",1,plumbing,medium,,,25.0,Batchelor,T1,False,road,Darwin,173.2
S01136,"front gate broken and lock hanging off, Mataranka",13,security,high,security,,74.0,Mataranka,T1,False,road,Katherine,258.7
S01137,"stove not working, Beswick",15,kitchen,medium,,,25.0,Beswick,T2,True,road,Katherine,235.7
S01138,"only toilet backing up, Katherine",12,sanitation,high,only_toilet_blocked|sewage,,97.0,Katherine,T1,False,road,Katherine,0.0
S01139,"lights flicker and trip the box, Batchelor",6,electrical,medium,,,25.0,Batchelor,T1,False,road,Darwin,173.2
S01140,"no power in the back rooms, Palmerston",6,electrical,medium,,,25.0,Palmerston,T0,False,road,Palmerston,0.0
S01141,"rats in the roof at night, Palmerston",19,other,medium,vermin_pest,,29.0,Palmerston,T0,False,road,Palmerston,0.0
S01142,"rats in the roof at night, Palmerston",19,other,medium,vermin_pest,,29.0,Palmerston,T0,False,road,Palmerston,0.0
S01143,"hot water system stopped, Minjilang",2,plumbing,medium,no_hot_water,,33.0,Minjilang,T3,True,air,Darwin,495.8
S01144,"shower no water pressure, Alyangula",16,bathroom,low,,,8.0,Alyangula,T3,True,air,Darwin,1308.1
S01145,"shower no water pressure, Adelaide River",16,bathroom,low,,,8.0,Adelaide River,T1,False,road,Darwin,235.6
S01146,"aircon not cooling properly, Pine Creek",10,cooling,medium,,,25.0,Pine Creek,T1,False,road,Katherine,221.7
S01147,"no aircon and the kids cant sleep, got a baby here, my nan lives here, Humpty Doo",9,cooling,high,no_cooling_extreme_heat,infants|elderly,107.64,Humpty Doo,T1,False,road,Palmerston,42.7
S01148,"roof is leaking right over my kids bed and the ceiling is sagging, got a baby here, Mataranka",7,structural,critical,structural|child_safety,infants,170.4,Mataranka,T1,False,road,Katherine,258.7
S01149,"bath leaking through the floor slowly, Palmerston",16,bathroom,low,,,8.0,Palmerston,T0,False,road,Palmerston,0.0
S01150,"fan broke in the bedroom, Pine Creek",10,cooling,medium,,,25.0,Pine Creek,T1,False,road,Katherine,221.7
S01151,"stove stopped working and fridge died last week, Tennant Creek",15,kitchen,medium,,,25.0,Tennant Creek,T1,False,road,Tennant Creek,0.0
S01152,"shower head dripping and a tile cracked, Kalkarindji",16,bathroom,low,,,8.0,Kalkarindji,T3,True,road,Katherine,949.3
S01153,"loose hinge on the cupboard, Ti Tree",21,other,low,,,8.0,Ti Tree,T2,True,road,Alice Springs,469.6
S01154,"stove not working, Tennant Creek",15,kitchen,medium,,,25.0,Tennant Creek,T1,False,road,Tennant Creek,0.0
S01155,"tap leaking under the sink for weeks, Humpty Doo",1,plumbing,medium,,,25.0,Humpty Doo,T1,False,road,Palmerston,42.7
S01156,"sparks coming out of the powerpoint, Wadeye",4,electrical,critical,exposed_wiring|fire_risk,,155.0,Wadeye,T2,True,road,Darwin,635.3
S01157,"cant lock the house at night, Ti Tree",13,security,high,security,,74.0,Ti Tree,T2,True,road,Alice Springs,469.6
S01158,"water pressure gone in the shower, Alice Springs",1,plumbing,medium,,,25.0,Alice Springs,T0,False,road,Alice Springs,0.0
S01159,"aircon not cooling properly, Tennant Creek",10,cooling,medium,,,25.0,Tennant Creek,T1,False,road,Tennant Creek,0.0
S01160,"lights flicker and trip the box, Robinson River",6,electrical,medium,,,25.0,Robinson River,T3,True,road,Katherine,1462.5
S01161,"sewerage backing up in the yard, Pine Creek",3,plumbing,critical,sewage,,125.0,Pine Creek,T1,False,road,Katherine,221.7
S01162,"dripping tap in the kitchen, Milingimbi",1,plumbing,medium,,,25.0,Milingimbi,T3,True,air,Darwin,928.9
S01163,"nothing coming out of any tap, got a baby here, my nan lives here, Milikapiti",0,plumbing,critical,no_water,infants|elderly,168.36,Milikapiti,T3,True,air,Darwin,246.6
S01164,"hot water system stopped, Mataranka",2,plumbing,medium,no_hot_water,,33.0,Mataranka,T1,False,road,Katherine,258.7
S01165,"mosquito screens torn, Daguragu",21,other,low,,,8.0,Daguragu,T3,True,road,Katherine,945.0
S01166,"roof is leaking right over my kids bed and the ceiling is sagging, got a baby here, Wadeye",7,structural,critical,structural|child_safety,infants,170.4,Wadeye,T2,True,road,Darwin,635.3
S01167,"loose hinge on the cupboard, Pine Creek",21,other,low,,,8.0,Pine Creek,T1,False,road,Katherine,221.7
S01168,"water pressure gone in the shower, Adelaide River",1,plumbing,medium,,,25.0,Adelaide River,T1,False,road,Darwin,235.6
S01169,"windows smashed and cant secure the house with the baby, got a baby here, Mataranka",14,security,critical,security|child_safety,infants,151.2,Mataranka,T1,False,road,Katherine,258.7
S01170,"only toilet backing up, Umbakumba",12,sanitation,high,only_toilet_blocked|sewage,,97.0,Umbakumba,T3,True,air,Darwin,1337.9
S01171,"oven sparking and fridge not cold, Papunya",15,kitchen,medium,,,25.0,Papunya,T3,True,road,Alice Springs,543.2
S01172,"rats in the roof at night, Pirlangimpi",19,other,medium,vermin_pest,,29.0,Pirlangimpi,T3,True,air,Darwin,266.7
S01173,"no aircon and the kids cant sleep, got a baby here, my nan lives here, Palmerston",9,cooling,high,no_cooling_extreme_heat,infants|elderly,107.64,Palmerston,T0,False,road,Palmerston,0.0
S01174,"oven sparking and fridge not cold, Mataranka",15,kitchen,medium,,,25.0,Mataranka,T1,False,road,Katherine,258.7
S01175,"burning smell from the switchboard, Kalkarindji",4,electrical,critical,exposed_wiring|fire_risk,,155.0,Kalkarindji,T3,True,road,Katherine,949.3
S01176,"cpap machine wont run, power point dead, Wadeye",17,medical,critical,medical_equipment,medical_dependent,166.4,Wadeye,T2,True,road,Darwin,635.3
S01177,"toilet blocked and its the only one in the house, Beswick",12,sanitation,high,only_toilet_blocked|sewage,,97.0,Beswick,T2,True,road,Katherine,235.7
S01178,"water pressure gone in the shower, Humpty Doo",1,plumbing,medium,,,25.0,Humpty Doo,T1,False,road,Palmerston,42.7
S01179,"lights flicker and trip the box, Pine Creek",6,electrical,medium,,,25.0,Pine Creek,T1,False,road,Katherine,221.7
S01180,"only cold showers for a week, Jabiru",2,plumbing,medium,no_hot_water,,33.0,Jabiru,T1,False,road,Darwin,563.1
S01181,"shower head dripping and a tile cracked, Tennant Creek",16,bathroom,low,,,8.0,Tennant Creek,T1,False,road,Tennant Creek,0.0
S01182,"no aircon and the kids cant sleep, got a baby here, my nan lives here, Alice Springs",9,cooling,high,no_cooling_extreme_heat,infants|elderly,107.64,Alice Springs,T0,False,road,Alice Springs,0.0
S01183,"one toilet blocked and overflowing, Adelaide River",12,sanitation,high,only_toilet_blocked|sewage,,97.0,Adelaide River,T1,False,road,Darwin,235.6
S01184,"windows smashed and cant secure the house with the baby, got a baby here, Alice Springs",14,security,critical,security|child_safety,infants,151.2,Alice Springs,T0,False,road,Alice Springs,0.0
S01185,"split system died in the heat, got a baby here, my nan lives here, Minyerri",9,cooling,high,no_cooling_extreme_heat,infants|elderly,107.64,Minyerri,T2,True,road,Katherine,556.2
S01186,"loose hinge on the cupboard, Milingimbi",21,other,low,,,8.0,Milingimbi,T3,True,air,Darwin,928.9
S01187,"bath leaking through the floor slowly, Docker River",16,bathroom,low,,,8.0,Docker River,T3,True,road,Alice Springs,1309.6
S01188,"oven sparking and fridge not cold, Alyangula",15,kitchen,medium,,,25.0,Alyangula,T3,True,air,Darwin,1308.1
S01189,"no hot water since tuesday, Darwin",2,plumbing,medium,no_hot_water,,33.0,Darwin,T0,False,road,Darwin,0.0
S01190,"no aircon and the kids cant sleep, got a baby here, my nan lives here, Robinson River",9,cooling,high,no_cooling_extreme_heat,infants|elderly,107.64,Robinson River,T3,True,road,Katherine,1462.5
S01191,"split system died in the heat, got a baby here, my nan lives here, Minyerri",9,cooling,high,no_cooling_extreme_heat,infants|elderly,107.64,Minyerri,T2,True,road,Katherine,556.2
S01192,"shower no water pressure, Timber Creek",16,bathroom,low,,,8.0,Timber Creek,T2,True,road,Katherine,606.0
S01193,"water pressure gone in the shower, Wurrumiyanga",1,plumbing,medium,,,25.0,Wurrumiyanga,T3,True,air,Darwin,171.5
S01194,"only cold showers for a week, Wadeye",2,plumbing,medium,no_hot_water,,33.0,Wadeye,T2,True,road,Darwin,635.3
S01195,"cant get the chair through the door, Timber Creek",18,accessibility,critical,accessibility,disability,132.16,Timber Creek,T2,True,road,Katherine,606.0
S01196,"split system died in the heat, got a baby here, my nan lives here, Jabiru",9,cooling,high,no_cooling_extreme_heat,infants|elderly,107.64,Jabiru,T1,False,road,Darwin,563.1
S01197,"powerpoint dead in the lounge, Yirrkala",6,electrical,medium,,,25.0,Yirrkala,T3,True,road,Darwin,1708.0
S01198,"only cold showers for a week, Humpty Doo",2,plumbing,medium,no_hot_water,,33.0,Humpty Doo,T1,False,road,Palmerston,42.7
S01199,"water pressure gone in the shower, Umbakumba",1,plumbing,medium,,,25.0,Umbakumba,T3,True,air,Darwin,1337.9
S01200,"aircon not cooling properly, Daly Waters",10,cooling,medium,,,25.0,Daly Waters,T1,False,road,Katherine,601.9
S01201,"fan broke in the bedroom, Alice Springs",10,cooling,medium,,,25.0,Alice Springs,T0,False,road,Alice Springs,0.0
S01202,"loose hinge on the cupboard, Daly Waters",21,other,low,,,8.0,Daly Waters,T1,False,road,Katherine,601.9
S01203,"oven sparking and fridge not cold, Ramingining",15,kitchen,medium,,,25.0,Ramingining,T3,True,air,Darwin,929.7
S01204,"burning smell from the switchboard, Mataranka",4,electrical,critical,exposed_wiring|fire_risk,,155.0,Mataranka,T1,False,road,Katherine,258.7
S01205,"oven sparking and fridge not cold, Borroloola",15,kitchen,medium,,,25.0,Borroloola,T3,True,road,Katherine,1217.6
S01206,"nothing coming out of any tap, got a baby here, my nan lives here, Daly Waters",0,plumbing,critical,no_water,infants|elderly,168.36,Daly Waters,T1,False,road,Katherine,601.9
S01207,"shower no water pressure, Katherine",16,bathroom,low,,,8.0,Katherine,T1,False,road,Katherine,0.0
S01208,"no power in the back rooms, Maningrida",6,electrical,medium,,,25.0,Maningrida,T2,True,air,Darwin,777.5
S01209,"stove stopped working and fridge died last week, Daguragu",15,kitchen,medium,,,25.0,Daguragu,T3,True,road,Katherine,945.0
S01210,"mosquito screens torn, Pine Creek",21,other,low,,,8.0,Pine Creek,T1,False,road,Katherine,221.7
S01211,"general wear and tear, Darwin",21,other,low,,,8.0,Darwin,T0,False,road,Darwin,0.0
S01212,"only toilet backing up, Batchelor",12,sanitation,high,only_toilet_blocked|sewage,,97.0,Batchelor,T1,False,road,Darwin,173.2
S01213,"tap leaking under the sink for weeks, Ti Tree",1,plumbing,medium,,,25.0,Ti Tree,T2,True,road,Alice Springs,469.6
S01214,"tap leaking under the sink for weeks, Galiwin'ku",1,plumbing,medium,,,25.0,Galiwin'ku,T3,True,air,Darwin,1080.8
S01215,"lights flicker and trip the box, Milikapiti",6,electrical,medium,,,25.0,Milikapiti,T3,True,air,Darwin,246.6
S01216,"tap leaking under the sink for weeks, Pirlangimpi",1,plumbing,medium,,,25.0,Pirlangimpi,T3,True,air,Darwin,266.7
S01217,"no power in the back rooms, Pine Creek",6,electrical,medium,,,25.0,Pine Creek,T1,False,road,Katherine,221.7
S01218,"rats in the roof at night, Jabiru",19,other,medium,vermin_pest,,29.0,Jabiru,T1,False,road,Darwin,563.1
S01219,"no power in the back rooms, Katherine",6,electrical,medium,,,25.0,Katherine,T1,False,road,Katherine,0.0
S01220,"roof caving over the bedroom, got a baby here, Darwin",7,structural,critical,structural|child_safety,infants,170.4,Darwin,T0,False,road,Darwin,0.0
S01221,"termites in the back wall, Humpty Doo",19,other,medium,vermin_pest,,29.0,Humpty Doo,T1,False,road,Palmerston,42.7
S01222,"bath leaking through the floor slowly, Mutitjulu",16,bathroom,low,,,8.0,Mutitjulu,T3,True,road,Alice Springs,882.3
S01223,"roof is leaking right over my kids bed and the ceiling is sagging, got a baby here, Ramingining",7,structural,critical,structural|child_safety,infants,170.4,Ramingining,T3,True,air,Darwin,929.7
S01224,"bore water salty and smells off, got a baby here, Palumpa",11,water_quality,high,water_contamination|child_safety,infants,104.4,Palumpa,T2,True,road,Darwin,605.4
S01225,"cant lock the house at night, Papunya",13,security,high,security,,74.0,Papunya,T3,True,road,Alice Springs,543.2
S01226,"bath leaking through the floor slowly, Minjilang",16,bathroom,low,,,8.0,Minjilang,T3,True,air,Darwin,495.8
S01227,"hot water system stopped, Yuendumu",2,plumbing,medium,no_hot_water,,33.0,Yuendumu,T2,True,road,Alice Springs,693.7
S01228,"shower no water pressure, Palmerston",16,bathroom,low,,,8.0,Palmerston,T0,False,road,Palmerston,0.0
S01229,"water pressure gone in the shower, Tennant Creek",1,plumbing,medium,,,25.0,Tennant Creek,T1,False,road,Tennant Creek,0.0
S01230,"back door wont lock and the window got smashed, Humpty Doo",13,security,high,security,,74.0,Humpty Doo,T1,False,road,Palmerston,42.7
S01231,"general wear and tear, Palumpa",21,other,low,,,8.0,Palumpa,T2,True,road,Darwin,605.4
S01232,"no hot water since tuesday, Daly Waters",2,plumbing,medium,no_hot_water,,33.0,Daly Waters,T1,False,road,Katherine,601.9
S01233,"cpap machine wont run, power point dead, Darwin",17,medical,critical,medical_equipment,medical_dependent,166.4,Darwin,T0,False,road,Darwin,0.0
S01234,"split system died in the heat, got a baby here, my nan lives here, Yuendumu",9,cooling,high,no_cooling_extreme_heat,infants|elderly,107.64,Yuendumu,T2,True,road,Alice Springs,693.7
S01235,"power point scorched where the dialysis machine plugs in, Elliott",5,electrical,critical,exposed_wiring|medical_equipment,medical_dependent,205.4,Elliott,T1,False,road,Tennant Creek,633.2
S01236,"water from the tap is brown and smells, got a baby here, Warruwi",11,water_quality,high,water_contamination|child_safety,infants,104.4,Warruwi,T3,True,air,Darwin,611.3
S01237,"sewerage backing up in the yard, Batchelor",3,plumbing,critical,sewage,,125.0,Batchelor,T1,False,road,Darwin,173.2
S01238,"fan broke in the bedroom, Jabiru",10,cooling,medium,,,25.0,Jabiru,T1,False,road,Darwin,563.1
S01239,"back door wont lock and the window got smashed, Elliott",13,security,high,security,,74.0,Elliott,T1,False,road,Tennant Creek,633.2
S01240,"oxygen machine has no power, Elliott",17,medical,critical,medical_equipment,medical_dependent,166.4,Elliott,T1,False,road,Tennant Creek,633.2
S01241,"grab rail fell off the wall in the bathroom, Adelaide River",18,accessibility,critical,accessibility,disability,132.16,Adelaide River,T1,False,road,Darwin,235.6
S01242,"rats in the roof at night, Alyangula",19,other,medium,vermin_pest,,29.0,Alyangula,T3,True,air,Darwin,1308.1
S01243,"bore water salty and smells off, got a baby here, Numbulwar",11,water_quality,high,water_contamination|child_safety,infants,104.4,Numbulwar,T3,True,air,Katherine,785.3
S01244,"snake in the yard near the kids, got a baby here, Jabiru",20,other,high,vermin_pest|child_safety,infants,91.2,Jabiru,T1,False,road,Darwin,563.1
S01245,"snake in the yard near the kids, got a baby here, Katherine",20,other,high,vermin_pest|child_safety,infants,91.2,Katherine,T1,False,road,Katherine,0.0
S01246,"water from the tap is brown and smells, got a baby here, Elliott",11,water_quality,high,water_contamination|child_safety,infants,104.4,Elliott,T1,False,road,Tennant Creek,633.2
S01247,"hot water system stopped, Minjilang",2,plumbing,medium,no_hot_water,,33.0,Minjilang,T3,True,air,Darwin,495.8
S01248,"verandah posts collapsing, Borroloola",8,structural,critical,structural,,130.0,Borroloola,T3,True,road,Katherine,1217.6
S01249,"bath leaking through the floor slowly, Ramingining",16,bathroom,low,,,8.0,Ramingining,T3,True,air,Darwin,929.7
S01250,"front gate broken and lock hanging off, Mataranka",13,security,high,security,,74.0,Mataranka,T1,False,road,Katherine,258.7
S01251,"sewerage backing up in the yard, Alyangula",3,plumbing,critical,sewage,,125.0,Alyangula,T3,True,air,Darwin,1308.1
S01252,"rats in the roof at night, Angurugu",19,other,medium,vermin_pest,,29.0,Angurugu,T3,True,air,Darwin,1324.4
S01253,"oven sparking and fridge not cold, Milikapiti",15,kitchen,medium,,,25.0,Milikapiti,T3,True,air,Darwin,246.6
S01254,"only cold showers for a week, Alyangula",2,plumbing,medium,no_hot_water,,33.0,Alyangula,T3,True,air,Darwin,1308.1
S01255,"rats in the roof at night, Jabiru",19,other,medium,vermin_pest,,29.0,Jabiru,T1,False,road,Darwin,563.1
S01256,"water from the tap is brown and smells, got a baby here, Jabiru",11,water_quality,high,water_contamination|child_safety,infants,104.4,Jabiru,T1,False,road,Darwin,563.1
S01257,"wall cracked right through after the cyclone, Mataranka",8,structural,critical,structural,,130.0,Mataranka,T1,False,road,Katherine,258.7
S01258,"one toilet blocked and overflowing, Mataranka",12,sanitation,high,only_toilet_blocked|sewage,,97.0,Mataranka,T1,False,road,Katherine,258.7
S01259,"one toilet blocked and overflowing, Elliott",12,sanitation,high,only_toilet_blocked|sewage,,97.0,Elliott,T1,False,road,Tennant Creek,633.2
S01260,"mosquito screens torn, Pine Creek",21,other,low,,,8.0,Pine Creek,T1,False,road,Katherine,221.7
S01261,"stove stopped working and fridge died last week, Palmerston",15,kitchen,medium,,,25.0,Palmerston,T0,False,road,Palmerston,0.0
S01262,"no power in the back rooms, Elliott",6,electrical,medium,,,25.0,Elliott,T1,False,road,Tennant Creek,633.2
S01263,"split system leaking water, Mataranka",10,cooling,medium,,,25.0,Mataranka,T1,False,road,Katherine,258.7
S01264,"no hot water since tuesday, Elliott",2,plumbing,medium,no_hot_water,,33.0,Elliott,T1,False,road,Tennant Creek,633.2
S01265,"verandah posts collapsing, Palmerston",8,structural,critical,structural,,130.0,Palmerston,T0,False,road,Palmerston,0.0
S01266,"grab rail fell off the wall in the bathroom, Darwin",18,accessibility,critical,accessibility,disability,132.16,Darwin,T0,False,road,Darwin,0.0
S01267,"aircon dead and its 40 degrees, got a baby here, my nan lives here, Darwin",9,cooling,high,no_cooling_extreme_heat,infants|elderly,107.64,Darwin,T0,False,road,Darwin,0.0
S01268,"grab rail fell off the wall in the bathroom, Pine Creek",18,accessibility,critical,accessibility,disability,132.16,Pine Creek,T1,False,road,Katherine,221.7
S01269,"lights flicker and trip the box, Beswick",6,electrical,medium,,,25.0,Beswick,T2,True,road,Katherine,235.7
S01270,"oven sparking and fridge not cold, Humpty Doo",15,kitchen,medium,,,25.0,Humpty Doo,T1,False,road,Palmerston,42.7
S01271,"water pressure gone in the shower, Galiwin'ku",1,plumbing,medium,,,25.0,Galiwin'ku,T3,True,air,Darwin,1080.8
S01272,"hot water system stopped, Yuendumu",2,plumbing,medium,no_hot_water,,33.0,Yuendumu,T2,True,road,Alice Springs,693.7
S01273,"fan broke in the bedroom, Kalkarindji",10,cooling,medium,,,25.0,Kalkarindji,T3,True,road,Katherine,949.3
S01274,"snake came into the laundry, got a baby here, Pine Creek",20,other,high,vermin_pest|child_safety,infants,91.2,Pine Creek,T1,False,road,Katherine,221.7
S01275,"bath leaking through the floor slowly, Palumpa",16,bathroom,low,,,8.0,Palumpa,T2,True,road,Darwin,605.4
S01276,"wire hanging out of the wall, Katherine",4,electrical,critical,exposed_wiring|fire_risk,,155.0,Katherine,T1,False,road,Katherine,0.0
S01277,"powerpoint dead in the lounge, Umbakumba",6,electrical,medium,,,25.0,Umbakumba,T3,True,air,Darwin,1337.9
S01278,"dripping tap in the kitchen, Pirlangimpi",1,plumbing,medium,,,25.0,Pirlangimpi,T3,True,air,Darwin,266.7
S01279,"stove stopped working and fridge died last week, Katherine",15,kitchen,medium,,,25.0,Katherine,T1,False,road,Katherine,0.0
S01280,"loose hinge on the cupboard, Pine Creek",21,other,low,,,8.0,Pine Creek,T1,False,road,Katherine,221.7
S01281,"stove stopped working and fridge died last week, Yirrkala",15,kitchen,medium,,,25.0,Yirrkala,T3,True,road,Darwin,1708.0
S01282,"shower head dripping and a tile cracked, Alice Springs",16,bathroom,low,,,8.0,Alice Springs,T0,False,road,Alice Springs,0.0
S01283,"aircon dead and its 40 degrees, got a baby here, my nan lives here, Palumpa",9,cooling,high,no_cooling_extreme_heat,infants|elderly,107.64,Palumpa,T2,True,road,Darwin,605.4
S01284,"cpap machine wont run, power point dead, Borroloola",17,medical,critical,medical_equipment,medical_dependent,166.4,Borroloola,T3,True,road,Katherine,1217.6
S01285,"water from the tap is brown and smells, got a baby here, Maningrida",11,water_quality,high,water_contamination|child_safety,infants,104.4,Maningrida,T2,True,air,Darwin,777.5
S01286,"shower head dripping and a tile cracked, Maningrida",16,bathroom,low,,,8.0,Maningrida,T2,True,air,Darwin,777.5
S01287,"lights flicker and trip the box, Alice Springs",6,electrical,medium,,,25.0,Alice Springs,T0,False,road,Alice Springs,0.0
S01288,"shower head dripping and a tile cracked, Humpty Doo",16,bathroom,low,,,8.0,Humpty Doo,T1,False,road,Palmerston,42.7
S01289,"sparks from the powerpoint near the oxygen machine, Ramingining",5,electrical,critical,exposed_wiring|medical_equipment,medical_dependent,205.4,Ramingining,T3,True,air,Darwin,929.7
S01290,"roof caving over the bedroom, got a baby here, Palumpa",7,structural,critical,structural|child_safety,infants,170.4,Palumpa,T2,True,road,Darwin,605.4
S01291,"no power in the back rooms, Pirlangimpi",6,electrical,medium,,,25.0,Pirlangimpi,T3,True,air,Darwin,266.7
S01292,"split system leaking water, Timber Creek",10,cooling,medium,,,25.0,Timber Creek,T2,True,road,Katherine,606.0
S01293,"burning smell from the switchboard, Barunga",4,electrical,critical,exposed_wiring|fire_risk,,155.0,Barunga,T2,True,road,Katherine,168.0
S01294,"door wont lock and there was a break in, kids scared, got a baby here, Barunga",14,security,critical,security|child_safety,infants,151.2,Barunga,T2,True,road,Katherine,168.0
S01295,"stove not working, Robinson River",15,kitchen,medium,,,25.0,Robinson River,T3,True,road,Katherine,1462.5
S01296,"power point scorched where the dialysis machine plugs in, Adelaide River",5,electrical,critical,exposed_wiring|medical_equipment,medical_dependent,205.4,Adelaide River,T1,False,road,Darwin,235.6
S01297,"oxygen machine has no power, Jabiru",17,medical,critical,medical_equipment,medical_dependent,166.4,Jabiru,T1,False,road,Darwin,563.1
S01298,"stove stopped working and fridge died last week, Yirrkala",15,kitchen,medium,,,25.0,Yirrkala,T3,True,road,Darwin,1708.0
S01299,"general wear and tear, Tennant Creek",21,other,low,,,8.0,Tennant Creek,T1,False,road,Tennant Creek,0.0
S01300,"termites in the back wall, Numbulwar",19,other,medium,vermin_pest,,29.0,Numbulwar,T3,True,air,Katherine,785.3
S01301,"mosquito screens torn, Darwin",21,other,low,,,8.0,Darwin,T0,False,road,Darwin,0.0
S01302,"snake in the yard near the kids, got a baby here, Darwin",20,other,high,vermin_pest|child_safety,infants,91.2,Darwin,T0,False,road,Darwin,0.0
S01303,"snake in the yard near the kids, got a baby here, Yirrkala",20,other,high,vermin_pest|child_safety,infants,91.2,Yirrkala,T3,True,road,Darwin,1708.0
S01304,"mosquito screens torn, Darwin",21,other,low,,,8.0,Darwin,T0,False,road,Darwin,0.0
S01305,"general wear and tear, Daly Waters",21,other,low,,,8.0,Daly Waters,T1,False,road,Katherine,601.9
S01306,"floor gave way near the door, Wadeye",8,structural,critical,structural,,130.0,Wadeye,T2,True,road,Darwin,635.3
S01307,"only cold showers for a week, Alice Springs",2,plumbing,medium,no_hot_water,,33.0,Alice Springs,T0,False,road,Alice Springs,0.0
S01308,"general wear and tear, Numbulwar",21,other,low,,,8.0,Numbulwar,T3,True,air,Katherine,785.3
S01309,"lights flicker and trip the box, Katherine",6,electrical,medium,,,25.0,Katherine,T1,False,road,Katherine,0.0
S01310,"rats in the roof at night, Adelaide River",19,other,medium,vermin_pest,,29.0,Adelaide River,T1,False,road,Darwin,235.6
S01311,"loose hinge on the cupboard, Mutitjulu",21,other,low,,,8.0,Mutitjulu,T3,True,road,Alice Springs,882.3
S01312,"stove stopped working and fridge died last week, Palmerston",15,kitchen,medium,,,25.0,Palmerston,T0,False,road,Palmerston,0.0
S01313,"no power in the back rooms, Ramingining",6,electrical,medium,,,25.0,Ramingining,T3,True,air,Darwin,929.7
S01314,"stove not working, Katherine",15,kitchen,medium,,,25.0,Katherine,T1,False,road,Katherine,0.0
S01315,"ants everywhere in the kitchen, Humpty Doo",19,other,medium,vermin_pest,,29.0,Humpty Doo,T1,False,road,Palmerston,42.7
S01316,"hot water system stopped, Wurrumiyanga",2,plumbing,medium,no_hot_water,,33.0,Wurrumiyanga,T3,True,air,Darwin,171.5
S01317,"rats in the roof at night, Hermannsburg",19,other,medium,vermin_pest,,29.0,Hermannsburg,T2,True,road,Alice Springs,299.4
S01318,"shower head dripping and a tile cracked, Pirlangimpi",16,bathroom,low,,,8.0,Pirlangimpi,T3,True,air,Darwin,266.7
S01319,"snake came into the laundry, got a baby here, Umbakumba",20,other,high,vermin_pest|child_safety,infants,91.2,Umbakumba,T3,True,air,Darwin,1337.9
S01320,"wall cracked right through after the cyclone, Darwin",8,structural,critical,structural,,130.0,Darwin,T0,False,road,Darwin,0.0
S01321,"snake in the yard near the kids, got a baby here, Milingimbi",20,other,high,vermin_pest|child_safety,infants,91.2,Milingimbi,T3,True,air,Darwin,928.9
S01322,"smells like poo near the bathroom, Pine Creek",3,plumbing,critical,sewage,,125.0,Pine Creek,T1,False,road,Katherine,221.7
S01323,"bath leaking through the floor slowly, Papunya",16,bathroom,low,,,8.0,Papunya,T3,True,road,Alice Springs,543.2
S01324,"loose hinge on the cupboard, Angurugu",21,other,low,,,8.0,Angurugu,T3,True,air,Darwin,1324.4
S01325,"one toilet blocked and overflowing, Mataranka",12,sanitation,high,only_toilet_blocked|sewage,,97.0,Mataranka,T1,False,road,Katherine,258.7
S01326,"hot water system stopped, Minyerri",2,plumbing,medium,no_hot_water,,33.0,Minyerri,T2,True,road,Katherine,556.2
S01327,"mosquito screens torn, Yuendumu",21,other,low,,,8.0,Yuendumu,T2,True,road,Alice Springs,693.7
S01328,"back door wont lock and the window got smashed, Papunya",13,security,high,security,,74.0,Papunya,T3,True,road,Alice Springs,543.2
S01329,"powerpoint dead in the lounge, Ramingining",6,electrical,medium,,,25.0,Ramingining,T3,True,air,Darwin,929.7
S01330,"snake in the yard near the kids, got a baby here, Humpty Doo",20,other,high,vermin_pest|child_safety,infants,91.2,Humpty Doo,T1,False,road,Palmerston,42.7
S01331,"termites in the back wall, Darwin",19,other,medium,vermin_pest,,29.0,Darwin,T0,False,road,Darwin,0.0
S01332,"general wear and tear, Ramingining",21,other,low,,,8.0,Ramingining,T3,True,air,Darwin,929.7
S01333,"stove stopped working and fridge died last week, Darwin",15,kitchen,medium,,,25.0,Darwin,T0,False,road,Darwin,0.0
S01334,"wire hanging out of the wall, Alyangula",4,electrical,critical,exposed_wiring|fire_risk,,155.0,Alyangula,T3,True,air,Darwin,1308.1
S01335,"door wont lock and there was a break in, kids scared, got a baby here, Docker River",14,security,critical,security|child_safety,infants,151.2,Docker River,T3,True,road,Alice Springs,1309.6
S01336,"tank water is dirty and cant drink it, got a baby here, Pine Creek",11,water_quality,high,water_contamination|child_safety,infants,104.4,Pine Creek,T1,False,road,Katherine,221.7
S01337,"tank water is dirty and cant drink it, got a baby here, Mutitjulu",11,water_quality,high,water_contamination|child_safety,infants,104.4,Mutitjulu,T3,True,road,Alice Springs,882.3
S01338,"nothing coming out of any tap, got a baby here, my nan lives here, Palmerston",0,plumbing,critical,no_water,infants|elderly,168.36,Palmerston,T0,False,road,Palmerston,0.0
S01339,"powerpoint dead in the lounge, Wurrumiyanga",6,electrical,medium,,,25.0,Wurrumiyanga,T3,True,air,Darwin,171.5
S01340,"no power in the back rooms, Pine Creek",6,electrical,medium,,,25.0,Pine Creek,T1,False,road,Katherine,221.7
S01341,"tap leaking under the sink for weeks, Mataranka",1,plumbing,medium,,,25.0,Mataranka,T1,False,road,Katherine,258.7
S01342,"aircon dead and its 40 degrees, got a baby here, my nan lives here, Tennant Creek",9,cooling,high,no_cooling_extreme_heat,infants|elderly,107.64,Tennant Creek,T1,False,road,Tennant Creek,0.0
S01343,"split system leaking water, Timber Creek",10,cooling,medium,,,25.0,Timber Creek,T2,True,road,Katherine,606.0
S01344,"stove stopped working and fridge died last week, Alyangula",15,kitchen,medium,,,25.0,Alyangula,T3,True,air,Darwin,1308.1
S01345,"one toilet blocked and overflowing, Ramingining",12,sanitation,high,only_toilet_blocked|sewage,,97.0,Ramingining,T3,True,air,Darwin,929.7
S01346,"aircon not cooling properly, Alice Springs",10,cooling,medium,,,25.0,Alice Springs,T0,False,road,Alice Springs,0.0
S01347,"hot water system stopped, Pine Creek",2,plumbing,medium,no_hot_water,,33.0,Pine Creek,T1,False,road,Katherine,221.7
S01348,"sparks from the powerpoint near the oxygen machine, Alice Springs",5,electrical,critical,exposed_wiring|medical_equipment,medical_dependent,205.4,Alice Springs,T0,False,road,Alice Springs,0.0
S01349,"powerpoint dead in the lounge, Daly Waters",6,electrical,medium,,,25.0,Daly Waters,T1,False,road,Katherine,601.9
S01350,"only cold showers for a week, Galiwin'ku",2,plumbing,medium,no_hot_water,,33.0,Galiwin'ku,T3,True,air,Darwin,1080.8
S01351,"no power in the back rooms, Daly Waters",6,electrical,medium,,,25.0,Daly Waters,T1,False,road,Katherine,601.9
S01352,"aircon dead and its 40 degrees, got a baby here, my nan lives here, Galiwin'ku",9,cooling,high,no_cooling_extreme_heat,infants|elderly,107.64,Galiwin'ku,T3,True,air,Darwin,1080.8
S01353,"sparks from the powerpoint near the oxygen machine, Gunbalanya",5,electrical,critical,exposed_wiring|medical_equipment,medical_dependent,205.4,Gunbalanya,T2,True,road,Darwin,623.7
S01354,"no power in the back rooms, Maningrida",6,electrical,medium,,,25.0,Maningrida,T2,True,air,Darwin,777.5
S01355,"cpap machine wont run, power point dead, Humpty Doo",17,medical,critical,medical_equipment,medical_dependent,166.4,Humpty Doo,T1,False,road,Palmerston,42.7
S01356,"verandah posts collapsing, Yirrkala",8,structural,critical,structural,,130.0,Yirrkala,T3,True,road,Darwin,1708.0
S01357,"no aircon and the kids cant sleep, got a baby here, my nan lives here, Gunbalanya",9,cooling,high,no_cooling_extreme_heat,infants|elderly,107.64,Gunbalanya,T2,True,road,Darwin,623.7
S01358,"dialysis needs a reliable socket, Palmerston",17,medical,critical,medical_equipment,medical_dependent,166.4,Palmerston,T0,False,road,Palmerston,0.0
S01359,"cpap machine wont run, power point dead, Warruwi",17,medical,critical,medical_equipment,medical_dependent,166.4,Warruwi,T3,True,air,Darwin,611.3
S01360,"shower head dripping and a tile cracked, Mataranka",16,bathroom,low,,,8.0,Mataranka,T1,False,road,Katherine,258.7
S01361,"front gate broken and lock hanging off, Alice Springs",13,security,high,security,,74.0,Alice Springs,T0,False,road,Alice Springs,0.0
S01362,"water pressure gone in the shower, Ti Tree",1,plumbing,medium,,,25.0,Ti Tree,T2,True,road,Alice Springs,469.6
S01363,"rats in the roof at night, Minjilang",19,other,medium,vermin_pest,,29.0,Minjilang,T3,True,air,Darwin,495.8
S01364,"oven sparking and fridge not cold, Palmerston",15,kitchen,medium,,,25.0,Palmerston,T0,False,road,Palmerston,0.0
S01365,"mosquito screens torn, Kalkarindji",21,other,low,,,8.0,Kalkarindji,T3,True,road,Katherine,949.3
S01366,"smells like poo near the bathroom, Darwin",3,plumbing,critical,sewage,,125.0,Darwin,T0,False,road,Darwin,0.0
S01367,"only cold showers for a week, Hermannsburg",2,plumbing,medium,no_hot_water,,33.0,Hermannsburg,T2,True,road,Alice Springs,299.4
S01368,"snake came into the laundry, got a baby here, Peppimenarti",20,other,high,vermin_pest|child_safety,infants,91.2,Peppimenarti,T2,True,road,Darwin,533.1
S01369,"powerpoint dead in the lounge, Humpty Doo",6,electrical,medium,,,25.0,Humpty Doo,T1,False,road,Palmerston,42.7
S01370,"loose hinge on the cupboard, Umbakumba",21,other,low,,,8.0,Umbakumba,T3,True,air,Darwin,1337.9
S01371,"shower no water pressure, Lajamanu",16,bathroom,low,,,8.0,Lajamanu,T3,True,road,Katherine,1207.3
S01372,"sparks from the powerpoint near the oxygen machine, Pirlangimpi",5,electrical,critical,exposed_wiring|medical_equipment,medical_dependent,205.4,Pirlangimpi,T3,True,air,Darwin,266.7
S01373,"oven sparking and fridge not cold, Daly Waters",15,kitchen,medium,,,25.0,Daly Waters,T1,False,road,Katherine,601.9
S01374,"roof is leaking right over my kids bed and the ceiling is sagging, got a baby here, Alice Springs",7,structural,critical,structural|child_safety,infants,170.4,Alice Springs,T0,False,road,Alice Springs,0.0
S01375,"termites in the back wall, Pine Creek",19,other,medium,vermin_pest,,29.0,Pine Creek,T1,False,road,Katherine,221.7
S01376,"stove not working, Humpty Doo",15,kitchen,medium,,,25.0,Humpty Doo,T1,False,road,Palmerston,42.7
S01377,"shower head dripping and a tile cracked, Elliott",16,bathroom,low,,,8.0,Elliott,T1,False,road,Tennant Creek,633.2
S01378,"powerpoint dead in the lounge, Palmerston",6,electrical,medium,,,25.0,Palmerston,T0,False,road,Palmerston,0.0
S01379,"water cut off since yesterday, got a baby here, my nan lives here, Umbakumba",0,plumbing,critical,no_water,infants|elderly,168.36,Umbakumba,T3,True,air,Darwin,1337.9
S01380,"split system leaking water, Palmerston",10,cooling,medium,,,25.0,Palmerston,T0,False,road,Palmerston,0.0
S01381,"shower head dripping and a tile cracked, Alice Springs",16,bathroom,low,,,8.0,Alice Springs,T0,False,road,Alice Springs,0.0
S01382,"snake in the yard near the kids, got a baby here, Humpty Doo",20,other,high,vermin_pest|child_safety,infants,91.2,Humpty Doo,T1,False,road,Palmerston,42.7
S01383,"no power in the back rooms, Yuendumu",6,electrical,medium,,,25.0,Yuendumu,T2,True,road,Alice Springs,693.7
S01384,"aircon not cooling properly, Gapuwiyak",10,cooling,medium,,,25.0,Gapuwiyak,T3,True,air,Darwin,1129.6
S01385,"termites in the back wall, Kalkarindji",19,other,medium,vermin_pest,,29.0,Kalkarindji,T3,True,road,Katherine,949.3
S01386,"lights flicker and trip the box, Beswick",6,electrical,medium,,,25.0,Beswick,T2,True,road,Katherine,235.7
S01387,"stove not working, Palmerston",15,kitchen,medium,,,25.0,Palmerston,T0,False,road,Palmerston,0.0
S01388,"termites in the back wall, Katherine",19,other,medium,vermin_pest,,29.0,Katherine,T1,False,road,Katherine,0.0
S01389,"stove stopped working and fridge died last week, Humpty Doo",15,kitchen,medium,,,25.0,Humpty Doo,T1,False,road,Palmerston,42.7
S01390,"no hot water since tuesday, Elliott",2,plumbing,medium,no_hot_water,,33.0,Elliott,T1,False,road,Tennant Creek,633.2
S01391,"oven sparking and fridge not cold, Angurugu",15,kitchen,medium,,,25.0,Angurugu,T3,True,air,Darwin,1324.4
S01392,"tap leaking under the sink for weeks, Palmerston",1,plumbing,medium,,,25.0,Palmerston,T0,False,road,Palmerston,0.0
S01393,"no power in the back rooms, Barunga",6,electrical,medium,,,25.0,Barunga,T2,True,road,Katherine,168.0
S01394,"ants everywhere in the kitchen, Humpty Doo",19,other,medium,vermin_pest,,29.0,Humpty Doo,T1,False,road,Palmerston,42.7
S01395,"shower no water pressure, Ngukurr",16,bathroom,low,,,8.0,Ngukurr,T3,True,road,Katherine,694.3
S01396,"wire hanging out of the wall, Ti Tree",4,electrical,critical,exposed_wiring|fire_risk,,155.0,Ti Tree,T2,True,road,Alice Springs,469.6
S01397,"bath leaking through the floor slowly, Mataranka",16,bathroom,low,,,8.0,Mataranka,T1,False,road,Katherine,258.7
S01398,"front gate broken and lock hanging off, Adelaide River",13,security,high,security,,74.0,Adelaide River,T1,False,road,Darwin,235.6
S01399,"wheelchair ramp fell apart and cant get in the house, Mataranka",18,accessibility,critical,accessibility,disability,132.16,Mataranka,T1,False,road,Katherine,258.7
S01400,"stove not working, Galiwin'ku",15,kitchen,medium,,,25.0,Galiwin'ku,T3,True,air,Darwin,1080.8
S01401,"ants everywhere in the kitchen, Pine Creek",19,other,medium,vermin_pest,,29.0,Pine Creek,T1,False,road,Katherine,221.7
S01402,"shower head dripping and a tile cracked, Humpty Doo",16,bathroom,low,,,8.0,Humpty Doo,T1,False,road,Palmerston,42.7
S01403,"dripping tap in the kitchen, Ramingining",1,plumbing,medium,,,25.0,Ramingining,T3,True,air,Darwin,929.7
S01404,"fan broke in the bedroom, Adelaide River",10,cooling,medium,,,25.0,Adelaide River,T1,False,road,Darwin,235.6
S01405,"tap leaking under the sink for weeks, Gapuwiyak",1,plumbing,medium,,,25.0,Gapuwiyak,T3,True,air,Darwin,1129.6
S01406,"no power in the back rooms, Minyerri",6,electrical,medium,,,25.0,Minyerri,T2,True,road,Katherine,556.2
S01407,"powerpoint dead in the lounge, Batchelor",6,electrical,medium,,,25.0,Batchelor,T1,False,road,Darwin,173.2
S01408,"split system leaking water, Wadeye",10,cooling,medium,,,25.0,Wadeye,T2,True,road,Darwin,635.3
S01409,"ceiling caving in above the children, got a baby here, Batchelor",7,structural,critical,structural|child_safety,infants,170.4,Batchelor,T1,False,road,Darwin,173.2
S01410,"sparks from the powerpoint near the oxygen machine, Jabiru",5,electrical,critical,exposed_wiring|medical_equipment,medical_dependent,205.4,Jabiru,T1,False,road,Darwin,563.1
S01411,"rats in the roof at night, Ti Tree",19,other,medium,vermin_pest,,29.0,Ti Tree,T2,True,road,Alice Springs,469.6
S01412,"water pressure gone in the shower, Batchelor",1,plumbing,medium,,,25.0,Batchelor,T1,False,road,Darwin,173.2
S01413,"fan broke in the bedroom, Darwin",10,cooling,medium,,,25.0,Darwin,T0,False,road,Darwin,0.0
S01414,"stove not working, Mutitjulu",15,kitchen,medium,,,25.0,Mutitjulu,T3,True,road,Alice Springs,882.3
S01415,"smells like poo near the bathroom, Ti Tree",3,plumbing,critical,sewage,,125.0,Ti Tree,T2,True,road,Alice Springs,469.6
S01416,"fan broke in the bedroom, Minyerri",10,cooling,medium,,,25.0,Minyerri,T2,True,road,Katherine,556.2
S01417,"roof caving over the bedroom, got a baby here, Jabiru",7,structural,critical,structural|child_safety,infants,170.4,Jabiru,T1,False,road,Darwin,563.1
S01418,"ants everywhere in the kitchen, Umbakumba",19,other,medium,vermin_pest,,29.0,Umbakumba,T3,True,air,Darwin,1337.9
S01419,"tap leaking under the sink for weeks, Palmerston",1,plumbing,medium,,,25.0,Palmerston,T0,False,road,Palmerston,0.0
S01420,"water pressure gone in the shower, Katherine",1,plumbing,medium,,,25.0,Katherine,T1,False,road,Katherine,0.0
S01421,"aircon not cooling properly, Tennant Creek",10,cooling,medium,,,25.0,Tennant Creek,T1,False,road,Tennant Creek,0.0
S01422,"bath leaking through the floor slowly, Tennant Creek",16,bathroom,low,,,8.0,Tennant Creek,T1,False,road,Tennant Creek,0.0
S01423,"rats in the roof at night, Yuendumu",19,other,medium,vermin_pest,,29.0,Yuendumu,T2,True,road,Alice Springs,693.7
S01424,"water from the tap is brown and smells, got a baby here, Daly Waters",11,water_quality,high,water_contamination|child_safety,infants,104.4,Daly Waters,T1,False,road,Katherine,601.9
S01425,"mosquito screens torn, Mataranka",21,other,low,,,8.0,Mataranka,T1,False,road,Katherine,258.7
S01426,"stove stopped working and fridge died last week, Mataranka",15,kitchen,medium,,,25.0,Mataranka,T1,False,road,Katherine,258.7
S01427,"mosquito screens torn, Papunya",21,other,low,,,8.0,Papunya,T3,True,road,Alice Springs,543.2
S01428,"ants everywhere in the kitchen, Humpty Doo",19,other,medium,vermin_pest,,29.0,Humpty Doo,T1,False,road,Palmerston,42.7
S01429,"snake came into the laundry, got a baby here, Borroloola",20,other,high,vermin_pest|child_safety,infants,91.2,Borroloola,T3,True,road,Katherine,1217.6
S01430,"tap leaking under the sink for weeks, Warruwi",1,plumbing,medium,,,25.0,Warruwi,T3,True,air,Darwin,611.3
S01431,"ants everywhere in the kitchen, Wurrumiyanga",19,other,medium,vermin_pest,,29.0,Wurrumiyanga,T3,True,air,Darwin,171.5
S01432,"oven sparking and fridge not cold, Elliott",15,kitchen,medium,,,25.0,Elliott,T1,False,road,Tennant Creek,633.2
S01433,"hot water system stopped, Galiwin'ku",2,plumbing,medium,no_hot_water,,33.0,Galiwin'ku,T3,True,air,Darwin,1080.8
S01434,"dripping tap in the kitchen, Milingimbi",1,plumbing,medium,,,25.0,Milingimbi,T3,True,air,Darwin,928.9
S01435,"hot water system stopped, Minyerri",2,plumbing,medium,no_hot_water,,33.0,Minyerri,T2,True,road,Katherine,556.2
S01436,"bore water salty and smells off, got a baby here, Borroloola",11,water_quality,high,water_contamination|child_safety,infants,104.4,Borroloola,T3,True,road,Katherine,1217.6
S01437,"tap leaking under the sink for weeks, Tennant Creek",1,plumbing,medium,,,25.0,Tennant Creek,T1,False,road,Tennant Creek,0.0
S01438,"split system leaking water, Elliott",10,cooling,medium,,,25.0,Elliott,T1,False,road,Tennant Creek,633.2
S01439,"hot water system stopped, Adelaide River",2,plumbing,medium,no_hot_water,,33.0,Adelaide River,T1,False,road,Darwin,235.6
S01440,"dripping tap in the kitchen, Alice Springs",1,plumbing,medium,,,25.0,Alice Springs,T0,False,road,Alice Springs,0.0
S01441,"hot water system stopped, Mataranka",2,plumbing,medium,no_hot_water,,33.0,Mataranka,T1,False,road,Katherine,258.7
S01442,"tap leaking under the sink for weeks, Gunbalanya",1,plumbing,medium,,,25.0,Gunbalanya,T2,True,road,Darwin,623.7
S01443,"snake in the yard near the kids, got a baby here, Mataranka",20,other,high,vermin_pest|child_safety,infants,91.2,Mataranka,T1,False,road,Katherine,258.7
S01444,"oven sparking and fridge not cold, Daly Waters",15,kitchen,medium,,,25.0,Daly Waters,T1,False,road,Katherine,601.9
S01445,"stove not working, Jabiru",15,kitchen,medium,,,25.0,Jabiru,T1,False,road,Darwin,563.1
S01446,"loose hinge on the cupboard, Tennant Creek",21,other,low,,,8.0,Tennant Creek,T1,False,road,Tennant Creek,0.0
S01447,"cant lock the house at night, Milingimbi",13,security,high,security,,74.0,Milingimbi,T3,True,air,Darwin,928.9
S01448,"mosquito screens torn, Tennant Creek",21,other,low,,,8.0,Tennant Creek,T1,False,road,Tennant Creek,0.0
S01449,"oven sparking and fridge not cold, Kalkarindji",15,kitchen,medium,,,25.0,Kalkarindji,T3,True,road,Katherine,949.3
S01450,"fan broke in the bedroom, Kalkarindji",10,cooling,medium,,,25.0,Kalkarindji,T3,True,road,Katherine,949.3
S01451,"shower head dripping and a tile cracked, Wadeye",16,bathroom,low,,,8.0,Wadeye,T2,True,road,Darwin,635.3
S01452,"aircon not cooling properly, Peppimenarti",10,cooling,medium,,,25.0,Peppimenarti,T2,True,road,Darwin,533.1
S01453,"sewerage backing up in the yard, Timber Creek",3,plumbing,critical,sewage,,125.0,Timber Creek,T2,True,road,Katherine,606.0
S01454,"water pressure gone in the shower, Jabiru",1,plumbing,medium,,,25.0,Jabiru,T1,False,road,Darwin,563.1
S01455,"snake in the yard near the kids, got a baby here, Palmerston",20,other,high,vermin_pest|child_safety,infants,91.2,Palmerston,T0,False,road,Palmerston,0.0
S01456,"floor gave way near the door, Humpty Doo",8,structural,critical,structural,,130.0,Humpty Doo,T1,False,road,Palmerston,42.7
S01457,"termites in the back wall, Peppimenarti",19,other,medium,vermin_pest,,29.0,Peppimenarti,T2,True,road,Darwin,533.1
S01458,"fan broke in the bedroom, Humpty Doo",10,cooling,medium,,,25.0,Humpty Doo,T1,False,road,Palmerston,42.7
S01459,"tap leaking under the sink for weeks, Darwin",1,plumbing,medium,,,25.0,Darwin,T0,False,road,Darwin,0.0
S01460,"front gate broken and lock hanging off, Tennant Creek",13,security,high,security,,74.0,Tennant Creek,T1,False,road,Tennant Creek,0.0
S01461,"dripping tap in the kitchen, Darwin",1,plumbing,medium,,,25.0,Darwin,T0,False,road,Darwin,0.0
S01462,"bath leaking through the floor slowly, Tennant Creek",16,bathroom,low,,,8.0,Tennant Creek,T1,False,road,Tennant Creek,0.0
S01463,"split system died in the heat, got a baby here, my nan lives here, Adelaide River",9,cooling,high,no_cooling_extreme_heat,infants|elderly,107.64,Adelaide River,T1,False,road,Darwin,235.6
S01464,"wheelchair ramp fell apart and cant get in the house, Ramingining",18,accessibility,critical,accessibility,disability,132.16,Ramingining,T3,True,air,Darwin,929.7
S01465,"hot water system stopped, Mataranka",2,plumbing,medium,no_hot_water,,33.0,Mataranka,T1,False,road,Katherine,258.7
S01466,"water pressure gone in the shower, Palumpa",1,plumbing,medium,,,25.0,Palumpa,T2,True,road,Darwin,605.4
S01467,"only cold showers for a week, Mataranka",2,plumbing,medium,no_hot_water,,33.0,Mataranka,T1,False,road,Katherine,258.7
S01468,"loose hinge on the cupboard, Timber Creek",21,other,low,,,8.0,Timber Creek,T2,True,road,Katherine,606.0
S01469,"no power in the back rooms, Elliott",6,electrical,medium,,,25.0,Elliott,T1,False,road,Tennant Creek,633.2
S01470,"back door wont lock and the window got smashed, Docker River",13,security,high,security,,74.0,Docker River,T3,True,road,Alice Springs,1309.6
S01471,"no aircon and the kids cant sleep, got a baby here, my nan lives here, Mataranka",9,cooling,high,no_cooling_extreme_heat,infants|elderly,107.64,Mataranka,T1,False,road,Katherine,258.7
S01472,"burning smell from the switchboard, Batchelor",4,electrical,critical,exposed_wiring|fire_risk,,155.0,Batchelor,T1,False,road,Darwin,173.2
S01473,"hot water system stopped, Daly Waters",2,plumbing,medium,no_hot_water,,33.0,Daly Waters,T1,False,road,Katherine,601.9
S01474,"windows smashed and cant secure the house with the baby, got a baby here, Lajamanu",14,security,critical,security|child_safety,infants,151.2,Lajamanu,T3,True,road,Katherine,1207.3
S01475,"aircon not cooling properly, Pirlangimpi",10,cooling,medium,,,25.0,Pirlangimpi,T3,True,air,Darwin,266.7
S01476,"general wear and tear, Hermannsburg",21,other,low,,,8.0,Hermannsburg,T2,True,road,Alice Springs,299.4
S01477,"rats in the roof at night, Maningrida",19,other,medium,vermin_pest,,29.0,Maningrida,T2,True,air,Darwin,777.5
S01478,"termites in the back wall, Palmerston",19,other,medium,vermin_pest,,29.0,Palmerston,T0,False,road,Palmerston,0.0
S01479,"water pressure gone in the shower, Umbakumba",1,plumbing,medium,,,25.0,Umbakumba,T3,True,air,Darwin,1337.9
S01480,"aircon not cooling properly, Pine Creek",10,cooling,medium,,,25.0,Pine Creek,T1,False,road,Katherine,221.7
S01481,"no water at all for two days, got a baby here, my nan lives here, Adelaide River",0,plumbing,critical,no_water,infants|elderly,168.36,Adelaide River,T1,False,road,Darwin,235.6
S01482,"rats in the roof at night, Lajamanu",19,other,medium,vermin_pest,,29.0,Lajamanu,T3,True,road,Katherine,1207.3
S01483,"lights flicker and trip the box, Ti Tree",6,electrical,medium,,,25.0,Ti Tree,T2,True,road,Alice Springs,469.6
S01484,"aircon not cooling properly, Minyerri",10,cooling,medium,,,25.0,Minyerri,T2,True,road,Katherine,556.2
S01485,"power point scorched where the dialysis machine plugs in, Wadeye",5,electrical,critical,exposed_wiring|medical_equipment,medical_dependent,205.4,Wadeye,T2,True,road,Darwin,635.3
S01486,"water pressure gone in the shower, Numbulwar",1,plumbing,medium,,,25.0,Numbulwar,T3,True,air,Katherine,785.3
S01487,"loose hinge on the cupboard, Galiwin'ku",21,other,low,,,8.0,Galiwin'ku,T3,True,air,Darwin,1080.8
S01488,"back door wont lock and the window got smashed, Batchelor",13,security,high,security,,74.0,Batchelor,T1,False,road,Darwin,173.2
S01489,"split system leaking water, Ramingining",10,cooling,medium,,,25.0,Ramingining,T3,True,air,Darwin,929.7
S01490,"dialysis needs a reliable socket, Ngukurr",17,medical,critical,medical_equipment,medical_dependent,166.4,Ngukurr,T3,True,road,Katherine,694.3
S01491,"water from the tap is brown and smells, got a baby here, Jabiru",11,water_quality,high,water_contamination|child_safety,infants,104.4,Jabiru,T1,False,road,Darwin,563.1
S01492,"termites in the back wall, Milikapiti",19,other,medium,vermin_pest,,29.0,Milikapiti,T3,True,air,Darwin,246.6
S01493,"cant get the chair through the door, Jabiru",18,accessibility,critical,accessibility,disability,132.16,Jabiru,T1,False,road,Darwin,563.1
S01494,"no water at all for two days, got a baby here, my nan lives here, Tennant Creek",0,plumbing,critical,no_water,infants|elderly,168.36,Tennant Creek,T1,False,road,Tennant Creek,0.0
S01495,"tank water is dirty and cant drink it, got a baby here, Mataranka",11,water_quality,high,water_contamination|child_safety,infants,104.4,Mataranka,T1,False,road,Katherine,258.7
S01496,"tap leaking under the sink for weeks, Numbulwar",1,plumbing,medium,,,25.0,Numbulwar,T3,True,air,Katherine,785.3
S01497,"aircon dead and its 40 degrees, got a baby here, my nan lives here, Mutitjulu",9,cooling,high,no_cooling_extreme_heat,infants|elderly,107.64,Mutitjulu,T3,True,road,Alice Springs,882.3
S01498,"verandah posts collapsing, Humpty Doo",8,structural,critical,structural,,130.0,Humpty Doo,T1,False,road,Palmerston,42.7
S01499,"wheelchair ramp fell apart and cant get in the house, Papunya",18,accessibility,critical,accessibility,disability,132.16,Papunya,T3,True,road,Alice Springs,543.2
S01500,"power point scorched where the dialysis machine plugs in, Minyerri",5,electrical,critical,exposed_wiring|medical_equipment,medical_dependent,205.4,Minyerri,T2,True,road,Katherine,556.2
S01501,"back door wont lock and the window got smashed, Mutitjulu",13,security,high,security,,74.0,Mutitjulu,T3,True,road,Alice Springs,882.3
S01502,"aircon not cooling properly, Ti Tree",10,cooling,medium,,,25.0,Ti Tree,T2,True,road,Alice Springs,469.6
S01503,"termites in the back wall, Mataranka",19,other,medium,vermin_pest,,29.0,Mataranka,T1,False,road,Katherine,258.7
S01504,"cant get the chair through the door, Borroloola",18,accessibility,critical,accessibility,disability,132.16,Borroloola,T3,True,road,Katherine,1217.6
S01505,"tap leaking under the sink for weeks, Pine Creek",1,plumbing,medium,,,25.0,Pine Creek,T1,False,road,Katherine,221.7
S01506,"wheelchair ramp fell apart and cant get in the house, Batchelor",18,accessibility,critical,accessibility,disability,132.16,Batchelor,T1,False,road,Darwin,173.2
S01507,"no hot water since tuesday, Palmerston",2,plumbing,medium,no_hot_water,,33.0,Palmerston,T0,False,road,Palmerston,0.0
S01508,"stove stopped working and fridge died last week, Yuendumu",15,kitchen,medium,,,25.0,Yuendumu,T2,True,road,Alice Springs,693.7
S01509,"tap leaking under the sink for weeks, Elliott",1,plumbing,medium,,,25.0,Elliott,T1,False,road,Tennant Creek,633.2
S01510,"water pressure gone in the shower, Milingimbi",1,plumbing,medium,,,25.0,Milingimbi,T3,True,air,Darwin,928.9
S01511,"general wear and tear, Elliott",21,other,low,,,8.0,Elliott,T1,False,road,Tennant Creek,633.2
S01512,"rats in the roof at night, Galiwin'ku",19,other,medium,vermin_pest,,29.0,Galiwin'ku,T3,True,air,Darwin,1080.8
S01513,"split system leaking water, Palumpa",10,cooling,medium,,,25.0,Palumpa,T2,True,road,Darwin,605.4
S01514,"burning smell from the switchboard, Pirlangimpi",4,electrical,critical,exposed_wiring|fire_risk,,155.0,Pirlangimpi,T3,True,air,Darwin,266.7
S01515,"sparks from the powerpoint near the oxygen machine, Palmerston",5,electrical,critical,exposed_wiring|medical_equipment,medical_dependent,205.4,Palmerston,T0,False,road,Palmerston,0.0
S01516,"lights flicker and trip the box, Ngukurr",6,electrical,medium,,,25.0,Ngukurr,T3,True,road,Katherine,694.3
S01517,"floor gave way near the door, Humpty Doo",8,structural,critical,structural,,130.0,Humpty Doo,T1,False,road,Palmerston,42.7
S01518,"dripping tap in the kitchen, Mataranka",1,plumbing,medium,,,25.0,Mataranka,T1,False,road,Katherine,258.7
S01519,"ceiling caving in above the children, got a baby here, Daly Waters",7,structural,critical,structural|child_safety,infants,170.4,Daly Waters,T1,False,road,Katherine,601.9
S01520,"tap leaking under the sink for weeks, Peppimenarti",1,plumbing,medium,,,25.0,Peppimenarti,T2,True,road,Darwin,533.1
S01521,"dripping tap in the kitchen, Batchelor",1,plumbing,medium,,,25.0,Batchelor,T1,False,road,Darwin,173.2
S01522,"termites in the back wall, Galiwin'ku",19,other,medium,vermin_pest,,29.0,Galiwin'ku,T3,True,air,Darwin,1080.8
S01523,"oven sparking and fridge not cold, Yuendumu",15,kitchen,medium,,,25.0,Yuendumu,T2,True,road,Alice Springs,693.7
S01524,"bath leaking through the floor slowly, Elliott",16,bathroom,low,,,8.0,Elliott,T1,False,road,Tennant Creek,633.2
S01525,"oven sparking and fridge not cold, Darwin",15,kitchen,medium,,,25.0,Darwin,T0,False,road,Darwin,0.0
S01526,"lights flicker and trip the box, Barunga",6,electrical,medium,,,25.0,Barunga,T2,True,road,Katherine,168.0
S01527,"stove stopped working and fridge died last week, Palmerston",15,kitchen,medium,,,25.0,Palmerston,T0,False,road,Palmerston,0.0
S01528,"rats in the roof at night, Palmerston",19,other,medium,vermin_pest,,29.0,Palmerston,T0,False,road,Palmerston,0.0
S01529,"mosquito screens torn, Daly Waters",21,other,low,,,8.0,Daly Waters,T1,False,road,Katherine,601.9
S01530,"aircon not cooling properly, Daly Waters",10,cooling,medium,,,25.0,Daly Waters,T1,False,road,Katherine,601.9
S01531,"ants everywhere in the kitchen, Alyangula",19,other,medium,vermin_pest,,29.0,Alyangula,T3,True,air,Darwin,1308.1
S01532,"shower no water pressure, Darwin",16,bathroom,low,,,8.0,Darwin,T0,False,road,Darwin,0.0
S01533,"burning smell from the switchboard, Jabiru",4,electrical,critical,exposed_wiring|fire_risk,,155.0,Jabiru,T1,False,road,Darwin,563.1
S01534,"back door wont lock and the window got smashed, Peppimenarti",13,security,high,security,,74.0,Peppimenarti,T2,True,road,Darwin,533.1
S01535,"powerpoint dead in the lounge, Jabiru",6,electrical,medium,,,25.0,Jabiru,T1,False,road,Darwin,563.1
S01536,"sparks coming out of the powerpoint, Barunga",4,electrical,critical,exposed_wiring|fire_risk,,155.0,Barunga,T2,True,road,Katherine,168.0
S01537,"water from the tap is brown and smells, got a baby here, Gapuwiyak",11,water_quality,high,water_contamination|child_safety,infants,104.4,Gapuwiyak,T3,True,air,Darwin,1129.6
S01538,"stove stopped working and fridge died last week, Timber Creek",15,kitchen,medium,,,25.0,Timber Creek,T2,True,road,Katherine,606.0
S01539,"water pressure gone in the shower, Angurugu",1,plumbing,medium,,,25.0,Angurugu,T3,True,air,Darwin,1324.4
S01540,"powerpoint dead in the lounge, Kalkarindji",6,electrical,medium,,,25.0,Kalkarindji,T3,True,road,Katherine,949.3
S01541,"aircon dead and its 40 degrees, got a baby here, my nan lives here, Palmerston",9,cooling,high,no_cooling_extreme_heat,infants|elderly,107.64,Palmerston,T0,False,road,Palmerston,0.0
S01542,"power point scorched where the dialysis machine plugs in, Palmerston",5,electrical,critical,exposed_wiring|medical_equipment,medical_dependent,205.4,Palmerston,T0,False,road,Palmerston,0.0
S01543,"shower head dripping and a tile cracked, Wurrumiyanga",16,bathroom,low,,,8.0,Wurrumiyanga,T3,True,air,Darwin,171.5
S01544,"sparks from the powerpoint near the oxygen machine, Docker River",5,electrical,critical,exposed_wiring|medical_equipment,medical_dependent,205.4,Docker River,T3,True,road,Alice Springs,1309.6
S01545,"back door wont lock and the window got smashed, Palmerston",13,security,high,security,,74.0,Palmerston,T0,False,road,Palmerston,0.0
S01546,"rats in the roof at night, Minjilang",19,other,medium,vermin_pest,,29.0,Minjilang,T3,True,air,Darwin,495.8
S01547,"mosquito screens torn, Palmerston",21,other,low,,,8.0,Palmerston,T0,False,road,Palmerston,0.0
S01548,"sewerage backing up in the yard, Mataranka",3,plumbing,critical,sewage,,125.0,Mataranka,T1,False,road,Katherine,258.7
S01549,"sparks from the powerpoint near the oxygen machine, Adelaide River",5,electrical,critical,exposed_wiring|medical_equipment,medical_dependent,205.4,Adelaide River,T1,False,road,Darwin,235.6
S01550,"powerpoint dead in the lounge, Angurugu",6,electrical,medium,,,25.0,Angurugu,T3,True,air,Darwin,1324.4
S01551,"roof is leaking right over my kids bed and the ceiling is sagging, got a baby here, Docker River",7,structural,critical,structural|child_safety,infants,170.4,Docker River,T3,True,road,Alice Springs,1309.6
S01552,"lights flicker and trip the box, Daguragu",6,electrical,medium,,,25.0,Daguragu,T3,True,road,Katherine,945.0
S01553,"shower no water pressure, Jabiru",16,bathroom,low,,,8.0,Jabiru,T1,False,road,Darwin,563.1
S01554,"split system leaking water, Ngukurr",10,cooling,medium,,,25.0,Ngukurr,T3,True,road,Katherine,694.3
S01555,"water pressure gone in the shower, Kalkarindji",1,plumbing,medium,,,25.0,Kalkarindji,T3,True,road,Katherine,949.3
S01556,"burning smell from the switchboard, Humpty Doo",4,electrical,critical,exposed_wiring|fire_risk,,155.0,Humpty Doo,T1,False,road,Palmerston,42.7
S01557,"powerpoint dead in the lounge, Palumpa",6,electrical,medium,,,25.0,Palumpa,T2,True,road,Darwin,605.4
S01558,"dialysis needs a reliable socket, Ti Tree",17,medical,critical,medical_equipment,medical_dependent,166.4,Ti Tree,T2,True,road,Alice Springs,469.6
S01559,"hot water system stopped, Gapuwiyak",2,plumbing,medium,no_hot_water,,33.0,Gapuwiyak,T3,True,air,Darwin,1129.6
S01560,"tap leaking under the sink for weeks, Humpty Doo",1,plumbing,medium,,,25.0,Humpty Doo,T1,False,road,Palmerston,42.7
S01561,"oven sparking and fridge not cold, Humpty Doo",15,kitchen,medium,,,25.0,Humpty Doo,T1,False,road,Palmerston,42.7
S01562,"tap leaking under the sink for weeks, Pirlangimpi",1,plumbing,medium,,,25.0,Pirlangimpi,T3,True,air,Darwin,266.7
S01563,"shower head dripping and a tile cracked, Palumpa",16,bathroom,low,,,8.0,Palumpa,T2,True,road,Darwin,605.4
S01564,"smells like poo near the bathroom, Mataranka",3,plumbing,critical,sewage,,125.0,Mataranka,T1,False,road,Katherine,258.7
S01565,"oven sparking and fridge not cold, Katherine",15,kitchen,medium,,,25.0,Katherine,T1,False,road,Katherine,0.0
S01566,"verandah posts collapsing, Kalkarindji",8,structural,critical,structural,,130.0,Kalkarindji,T3,True,road,Katherine,949.3
S01567,"dripping tap in the kitchen, Yuendumu",1,plumbing,medium,,,25.0,Yuendumu,T2,True,road,Alice Springs,693.7
S01568,"bath leaking through the floor slowly, Alice Springs",16,bathroom,low,,,8.0,Alice Springs,T0,False,road,Alice Springs,0.0
S01569,"nothing coming out of any tap, got a baby here, my nan lives here, Katherine",0,plumbing,critical,no_water,infants|elderly,168.36,Katherine,T1,False,road,Katherine,0.0
S01570,"bath leaking through the floor slowly, Palmerston",16,bathroom,low,,,8.0,Palmerston,T0,False,road,Palmerston,0.0
S01571,"snake came into the laundry, got a baby here, Palmerston",20,other,high,vermin_pest|child_safety,infants,91.2,Palmerston,T0,False,road,Palmerston,0.0
S01572,"sparks coming out of the powerpoint, Umbakumba",4,electrical,critical,exposed_wiring|fire_risk,,155.0,Umbakumba,T3,True,air,Darwin,1337.9
S01573,"water from the tap is brown and smells, got a baby here, Tennant Creek",11,water_quality,high,water_contamination|child_safety,infants,104.4,Tennant Creek,T1,False,road,Tennant Creek,0.0
S01574,"shower head dripping and a tile cracked, Yirrkala",16,bathroom,low,,,8.0,Yirrkala,T3,True,road,Darwin,1708.0
S01575,"lights flicker and trip the box, Jabiru",6,electrical,medium,,,25.0,Jabiru,T1,False,road,Darwin,563.1
S01576,"windows smashed and cant secure the house with the baby, got a baby here, Elliott",14,security,critical,security|child_safety,infants,151.2,Elliott,T1,False,road,Tennant Creek,633.2
S01577,"dripping tap in the kitchen, Palmerston",1,plumbing,medium,,,25.0,Palmerston,T0,False,road,Palmerston,0.0
S01578,"roof is leaking right over my kids bed and the ceiling is sagging, got a baby here, Tennant Creek",7,structural,critical,structural|child_safety,infants,170.4,Tennant Creek,T1,False,road,Tennant Creek,0.0
S01579,"powerpoint dead in the lounge, Humpty Doo",6,electrical,medium,,,25.0,Humpty Doo,T1,False,road,Palmerston,42.7
S01580,"oven sparking and fridge not cold, Adelaide River",15,kitchen,medium,,,25.0,Adelaide River,T1,False,road,Darwin,235.6
S01581,"stove not working, Wadeye",15,kitchen,medium,,,25.0,Wadeye,T2,True,road,Darwin,635.3
S01582,"stove not working, Warruwi",15,kitchen,medium,,,25.0,Warruwi,T3,True,air,Darwin,611.3
S01583,"termites in the back wall, Minyerri",19,other,medium,vermin_pest,,29.0,Minyerri,T2,True,road,Katherine,556.2
S01584,"loose hinge on the cupboard, Angurugu",21,other,low,,,8.0,Angurugu,T3,True,air,Darwin,1324.4
S01585,"only cold showers for a week, Milikapiti",2,plumbing,medium,no_hot_water,,33.0,Milikapiti,T3,True,air,Darwin,246.6
S01586,"oven sparking and fridge not cold, Darwin",15,kitchen,medium,,,25.0,Darwin,T0,False,road,Darwin,0.0
S01587,"ceiling caving in above the children, got a baby here, Palumpa",7,structural,critical,structural|child_safety,infants,170.4,Palumpa,T2,True,road,Darwin,605.4
S01588,"no power in the back rooms, Wurrumiyanga",6,electrical,medium,,,25.0,Wurrumiyanga,T3,True,air,Darwin,171.5
S01589,"ants everywhere in the kitchen, Daly Waters",19,other,medium,vermin_pest,,29.0,Daly Waters,T1,False,road,Katherine,601.9
S01590,"only toilet backing up, Elliott",12,sanitation,high,only_toilet_blocked|sewage,,97.0,Elliott,T1,False,road,Tennant Creek,633.2
S01591,"split system leaking water, Palumpa",10,cooling,medium,,,25.0,Palumpa,T2,True,road,Darwin,605.4
S01592,"sewage overflowing outside the back door, Darwin",3,plumbing,critical,sewage,,125.0,Darwin,T0,False,road,Darwin,0.0
S01593,"shower head dripping and a tile cracked, Beswick",16,bathroom,low,,,8.0,Beswick,T2,True,road,Katherine,235.7
S01594,"ants everywhere in the kitchen, Lajamanu",19,other,medium,vermin_pest,,29.0,Lajamanu,T3,True,road,Katherine,1207.3
S01595,"oven sparking and fridge not cold, Papunya",15,kitchen,medium,,,25.0,Papunya,T3,True,road,Alice Springs,543.2
S01596,"shower head dripping and a tile cracked, Daly Waters",16,bathroom,low,,,8.0,Daly Waters,T1,False,road,Katherine,601.9
S01597,"no hot water since tuesday, Pine Creek",2,plumbing,medium,no_hot_water,,33.0,Pine Creek,T1,False,road,Katherine,221.7
S01598,"lights flicker and trip the box, Adelaide River",6,electrical,medium,,,25.0,Adelaide River,T1,False,road,Darwin,235.6
S01599,"aircon not cooling properly, Palmerston",10,cooling,medium,,,25.0,Palmerston,T0,False,road,Palmerston,0.0
S01600,"cpap machine wont run, power point dead, Palmerston",17,medical,critical,medical_equipment,medical_dependent,166.4,Palmerston,T0,False,road,Palmerston,0.0
S01601,"water pressure gone in the shower, Daly Waters",1,plumbing,medium,,,25.0,Daly Waters,T1,False,road,Katherine,601.9
S01602,"wire hanging out of the wall, Borroloola",4,electrical,critical,exposed_wiring|fire_risk,,155.0,Borroloola,T3,True,road,Katherine,1217.6
S01603,"mosquito screens torn, Docker River",21,other,low,,,8.0,Docker River,T3,True,road,Alice Springs,1309.6
S01604,"no hot water since tuesday, Mutitjulu",2,plumbing,medium,no_hot_water,,33.0,Mutitjulu,T3,True,road,Alice Springs,882.3
S01605,"shower no water pressure, Ngukurr",16,bathroom,low,,,8.0,Ngukurr,T3,True,road,Katherine,694.3
S01606,"fan broke in the bedroom, Katherine",10,cooling,medium,,,25.0,Katherine,T1,False,road,Katherine,0.0
S01607,"rats in the roof at night, Pine Creek",19,other,medium,vermin_pest,,29.0,Pine Creek,T1,False,road,Katherine,221.7
S01608,"tap leaking under the sink for weeks, Jabiru",1,plumbing,medium,,,25.0,Jabiru,T1,False,road,Darwin,563.1
S01609,"bath leaking through the floor slowly, Mataranka",16,bathroom,low,,,8.0,Mataranka,T1,False,road,Katherine,258.7
S01610,"loose hinge on the cupboard, Jabiru",21,other,low,,,8.0,Jabiru,T1,False,road,Darwin,563.1
S01611,"bath leaking through the floor slowly, Ramingining",16,bathroom,low,,,8.0,Ramingining,T3,True,air,Darwin,929.7
S01612,"verandah posts collapsing, Milingimbi",8,structural,critical,structural,,130.0,Milingimbi,T3,True,air,Darwin,928.9
S01613,"mosquito screens torn, Darwin",21,other,low,,,8.0,Darwin,T0,False,road,Darwin,0.0
S01614,"grab rail fell off the wall in the bathroom, Batchelor",18,accessibility,critical,accessibility,disability,132.16,Batchelor,T1,False,road,Darwin,173.2
S01615,"stove stopped working and fridge died last week, Jabiru",15,kitchen,medium,,,25.0,Jabiru,T1,False,road,Darwin,563.1
S01616,"powerpoint dead in the lounge, Batchelor",6,electrical,medium,,,25.0,Batchelor,T1,False,road,Darwin,173.2
S01617,"bath leaking through the floor slowly, Milingimbi",16,bathroom,low,,,8.0,Milingimbi,T3,True,air,Darwin,928.9
S01618,"snake came into the laundry, got a baby here, Pine Creek",20,other,high,vermin_pest|child_safety,infants,91.2,Pine Creek,T1,False,road,Katherine,221.7
S01619,"stove not working, Mataranka",15,kitchen,medium,,,25.0,Mataranka,T1,False,road,Katherine,258.7
S01620,"aircon dead and its 40 degrees, got a baby here, my nan lives here, Jabiru",9,cooling,high,no_cooling_extreme_heat,infants|elderly,107.64,Jabiru,T1,False,road,Darwin,563.1
S01621,"mosquito screens torn, Tennant Creek",21,other,low,,,8.0,Tennant Creek,T1,False,road,Tennant Creek,0.0
S01622,"water pressure gone in the shower, Darwin",1,plumbing,medium,,,25.0,Darwin,T0,False,road,Darwin,0.0
S01623,"ceiling caving in above the children, got a baby here, Darwin",7,structural,critical,structural|child_safety,infants,170.4,Darwin,T0,False,road,Darwin,0.0
S01624,"mosquito screens torn, Mutitjulu",21,other,low,,,8.0,Mutitjulu,T3,True,road,Alice Springs,882.3
S01625,"stove stopped working and fridge died last week, Adelaide River",15,kitchen,medium,,,25.0,Adelaide River,T1,False,road,Darwin,235.6
S01626,"water pressure gone in the shower, Pine Creek",1,plumbing,medium,,,25.0,Pine Creek,T1,False,road,Katherine,221.7
S01627,"front gate broken and lock hanging off, Borroloola",13,security,high,security,,74.0,Borroloola,T3,True,road,Katherine,1217.6
S01628,"mosquito screens torn, Elliott",21,other,low,,,8.0,Elliott,T1,False,road,Tennant Creek,633.2
S01629,"mosquito screens torn, Pirlangimpi",21,other,low,,,8.0,Pirlangimpi,T3,True,air,Darwin,266.7
S01630,"powerpoint dead in the lounge, Warruwi",6,electrical,medium,,,25.0,Warruwi,T3,True,air,Darwin,611.3
S01631,"powerpoint dead in the lounge, Mataranka",6,electrical,medium,,,25.0,Mataranka,T1,False,road,Katherine,258.7
S01632,"lights flicker and trip the box, Tennant Creek",6,electrical,medium,,,25.0,Tennant Creek,T1,False,road,Tennant Creek,0.0
S01633,"wire hanging out of the wall, Umbakumba",4,electrical,critical,exposed_wiring|fire_risk,,155.0,Umbakumba,T3,True,air,Darwin,1337.9
S01634,"smells like poo near the bathroom, Docker River",3,plumbing,critical,sewage,,125.0,Docker River,T3,True,road,Alice Springs,1309.6
S01635,"lights flicker and trip the box, Borroloola",6,electrical,medium,,,25.0,Borroloola,T3,True,road,Katherine,1217.6
S01636,"oxygen machine has no power, Palmerston",17,medical,critical,medical_equipment,medical_dependent,166.4,Palmerston,T0,False,road,Palmerston,0.0
S01637,"one toilet blocked and overflowing, Adelaide River",12,sanitation,high,only_toilet_blocked|sewage,,97.0,Adelaide River,T1,False,road,Darwin,235.6
S01638,"sparks from the powerpoint near the oxygen machine, Batchelor",5,electrical,critical,exposed_wiring|medical_equipment,medical_dependent,205.4,Batchelor,T1,False,road,Darwin,173.2
S01639,"ants everywhere in the kitchen, Galiwin'ku",19,other,medium,vermin_pest,,29.0,Galiwin'ku,T3,True,air,Darwin,1080.8
S01640,"aircon not cooling properly, Mataranka",10,cooling,medium,,,25.0,Mataranka,T1,False,road,Katherine,258.7
S01641,"no hot water since tuesday, Robinson River",2,plumbing,medium,no_hot_water,,33.0,Robinson River,T3,True,road,Katherine,1462.5
S01642,"stove stopped working and fridge died last week, Gapuwiyak",15,kitchen,medium,,,25.0,Gapuwiyak,T3,True,air,Darwin,1129.6
S01643,"dripping tap in the kitchen, Pirlangimpi",1,plumbing,medium,,,25.0,Pirlangimpi,T3,True,air,Darwin,266.7
S01644,"water cut off since yesterday, got a baby here, my nan lives here, Barunga",0,plumbing,critical,no_water,infants|elderly,168.36,Barunga,T2,True,road,Katherine,168.0
S01645,"oxygen machine has no power, Robinson River",17,medical,critical,medical_equipment,medical_dependent,166.4,Robinson River,T3,True,road,Katherine,1462.5
S01646,"no power in the back rooms, Humpty Doo",6,electrical,medium,,,25.0,Humpty Doo,T1,False,road,Palmerston,42.7
S01647,"stove not working, Alice Springs",15,kitchen,medium,,,25.0,Alice Springs,T0,False,road,Alice Springs,0.0
S01648,"fan broke in the bedroom, Palmerston",10,cooling,medium,,,25.0,Palmerston,T0,False,road,Palmerston,0.0
S01649,"loose hinge on the cupboard, Pine Creek",21,other,low,,,8.0,Pine Creek,T1,False,road,Katherine,221.7
S01650,"water pressure gone in the shower, Adelaide River",1,plumbing,medium,,,25.0,Adelaide River,T1,False,road,Darwin,235.6
S01651,"mosquito screens torn, Humpty Doo",21,other,low,,,8.0,Humpty Doo,T1,False,road,Palmerston,42.7
S01652,"shower no water pressure, Darwin",16,bathroom,low,,,8.0,Darwin,T0,False,road,Darwin,0.0
S01653,"loose hinge on the cupboard, Mataranka",21,other,low,,,8.0,Mataranka,T1,False,road,Katherine,258.7
S01654,"smells like poo near the bathroom, Alice Springs",3,plumbing,critical,sewage,,125.0,Alice Springs,T0,False,road,Alice Springs,0.0
S01655,"no power in the back rooms, Wurrumiyanga",6,electrical,medium,,,25.0,Wurrumiyanga,T3,True,air,Darwin,171.5
S01656,"only cold showers for a week, Milikapiti",2,plumbing,medium,no_hot_water,,33.0,Milikapiti,T3,True,air,Darwin,246.6
S01657,"mosquito screens torn, Papunya",21,other,low,,,8.0,Papunya,T3,True,road,Alice Springs,543.2
S01658,"no power in the back rooms, Docker River",6,electrical,medium,,,25.0,Docker River,T3,True,road,Alice Springs,1309.6
S01659,"no power in the back rooms, Pine Creek",6,electrical,medium,,,25.0,Pine Creek,T1,False,road,Katherine,221.7
S01660,"only toilet backing up, Katherine",12,sanitation,high,only_toilet_blocked|sewage,,97.0,Katherine,T1,False,road,Katherine,0.0
S01661,"rats in the roof at night, Yirrkala",19,other,medium,vermin_pest,,29.0,Yirrkala,T3,True,road,Darwin,1708.0
S01662,"toilet blocked and its the only one in the house, Alice Springs",12,sanitation,high,only_toilet_blocked|sewage,,97.0,Alice Springs,T0,False,road,Alice Springs,0.0
S01663,"no water at all for two days, got a baby here, my nan lives here, Minyerri",0,plumbing,critical,no_water,infants|elderly,168.36,Minyerri,T2,True,road,Katherine,556.2
S01664,"roof is leaking right over my kids bed and the ceiling is sagging, got a baby here, Robinson River",7,structural,critical,structural|child_safety,infants,170.4,Robinson River,T3,True,road,Katherine,1462.5
S01665,"stove stopped working and fridge died last week, Daly Waters",15,kitchen,medium,,,25.0,Daly Waters,T1,False,road,Katherine,601.9
S01666,"fan broke in the bedroom, Galiwin'ku",10,cooling,medium,,,25.0,Galiwin'ku,T3,True,air,Darwin,1080.8
S01667,"wire hanging out of the wall, Kalkarindji",4,electrical,critical,exposed_wiring|fire_risk,,155.0,Kalkarindji,T3,True,road,Katherine,949.3
S01668,"wall cracked right through after the cyclone, Milingimbi",8,structural,critical,structural,,130.0,Milingimbi,T3,True,air,Darwin,928.9
S01669,"aircon not cooling properly, Mataranka",10,cooling,medium,,,25.0,Mataranka,T1,False,road,Katherine,258.7
S01670,"no water at all for two days, got a baby here, my nan lives here, Minyerri",0,plumbing,critical,no_water,infants|elderly,168.36,Minyerri,T2,True,road,Katherine,556.2
S01671,"oven sparking and fridge not cold, Pine Creek",15,kitchen,medium,,,25.0,Pine Creek,T1,False,road,Katherine,221.7
S01672,"termites in the back wall, Jabiru",19,other,medium,vermin_pest,,29.0,Jabiru,T1,False,road,Darwin,563.1
S01673,"no hot water since tuesday, Milikapiti",2,plumbing,medium,no_hot_water,,33.0,Milikapiti,T3,True,air,Darwin,246.6
S01674,"grab rail fell off the wall in the bathroom, Hermannsburg",18,accessibility,critical,accessibility,disability,132.16,Hermannsburg,T2,True,road,Alice Springs,299.4
S01675,"no aircon and the kids cant sleep, got a baby here, my nan lives here, Hermannsburg",9,cooling,high,no_cooling_extreme_heat,infants|elderly,107.64,Hermannsburg,T2,True,road,Alice Springs,299.4
S01676,"powerpoint dead in the lounge, Lajamanu",6,electrical,medium,,,25.0,Lajamanu,T3,True,road,Katherine,1207.3
S01677,"front gate broken and lock hanging off, Katherine",13,security,high,security,,74.0,Katherine,T1,False,road,Katherine,0.0
S01678,"sewage overflowing outside the back door, Jabiru",3,plumbing,critical,sewage,,125.0,Jabiru,T1,False,road,Darwin,563.1
S01679,"powerpoint dead in the lounge, Kalkarindji",6,electrical,medium,,,25.0,Kalkarindji,T3,True,road,Katherine,949.3
S01680,"wheelchair ramp fell apart and cant get in the house, Minjilang",18,accessibility,critical,accessibility,disability,132.16,Minjilang,T3,True,air,Darwin,495.8
S01681,"aircon not cooling properly, Alice Springs",10,cooling,medium,,,25.0,Alice Springs,T0,False,road,Alice Springs,0.0
S01682,"general wear and tear, Humpty Doo",21,other,low,,,8.0,Humpty Doo,T1,False,road,Palmerston,42.7
S01683,"lights flicker and trip the box, Daly Waters",6,electrical,medium,,,25.0,Daly Waters,T1,False,road,Katherine,601.9
S01684,"power point scorched where the dialysis machine plugs in, Maningrida",5,electrical,critical,exposed_wiring|medical_equipment,medical_dependent,205.4,Maningrida,T2,True,air,Darwin,777.5
S01685,"only toilet backing up, Minjilang",12,sanitation,high,only_toilet_blocked|sewage,,97.0,Minjilang,T3,True,air,Darwin,495.8
S01686,"wheelchair ramp fell apart and cant get in the house, Pine Creek",18,accessibility,critical,accessibility,disability,132.16,Pine Creek,T1,False,road,Katherine,221.7
S01687,"grab rail fell off the wall in the bathroom, Gapuwiyak",18,accessibility,critical,accessibility,disability,132.16,Gapuwiyak,T3,True,air,Darwin,1129.6
S01688,"power point scorched where the dialysis machine plugs in, Adelaide River",5,electrical,critical,exposed_wiring|medical_equipment,medical_dependent,205.4,Adelaide River,T1,False,road,Darwin,235.6
S01689,"sewage overflowing outside the back door, Yuendumu",3,plumbing,critical,sewage,,125.0,Yuendumu,T2,True,road,Alice Springs,693.7
S01690,"ceiling caving in above the children, got a baby here, Pine Creek",7,structural,critical,structural|child_safety,infants,170.4,Pine Creek,T1,False,road,Katherine,221.7
S01691,"aircon dead and its 40 degrees, got a baby here, my nan lives here, Humpty Doo",9,cooling,high,no_cooling_extreme_heat,infants|elderly,107.64,Humpty Doo,T1,False,road,Palmerston,42.7
S01692,"sewage overflowing outside the back door, Borroloola",3,plumbing,critical,sewage,,125.0,Borroloola,T3,True,road,Katherine,1217.6
S01693,"sewerage backing up in the yard, Daguragu",3,plumbing,critical,sewage,,125.0,Daguragu,T3,True,road,Katherine,945.0
S01694,"shower head dripping and a tile cracked, Numbulwar",16,bathroom,low,,,8.0,Numbulwar,T3,True,air,Katherine,785.3
S01695,"lights flicker and trip the box, Mutitjulu",6,electrical,medium,,,25.0,Mutitjulu,T3,True,road,Alice Springs,882.3
S01696,"loose hinge on the cupboard, Minyerri",21,other,low,,,8.0,Minyerri,T2,True,road,Katherine,556.2
S01697,"one toilet blocked and overflowing, Alice Springs",12,sanitation,high,only_toilet_blocked|sewage,,97.0,Alice Springs,T0,False,road,Alice Springs,0.0
S01698,"dripping tap in the kitchen, Adelaide River",1,plumbing,medium,,,25.0,Adelaide River,T1,False,road,Darwin,235.6
S01699,"bath leaking through the floor slowly, Daly Waters",16,bathroom,low,,,8.0,Daly Waters,T1,False,road,Katherine,601.9
S01700,"smells like poo near the bathroom, Humpty Doo",3,plumbing,critical,sewage,,125.0,Humpty Doo,T1,False,road,Palmerston,42.7
S01701,"fan broke in the bedroom, Daly Waters",10,cooling,medium,,,25.0,Daly Waters,T1,False,road,Katherine,601.9
S01702,"aircon not cooling properly, Daly Waters",10,cooling,medium,,,25.0,Daly Waters,T1,False,road,Katherine,601.9
S01703,"dripping tap in the kitchen, Angurugu",1,plumbing,medium,,,25.0,Angurugu,T3,True,air,Darwin,1324.4
S01704,"snake came into the laundry, got a baby here, Palmerston",20,other,high,vermin_pest|child_safety,infants,91.2,Palmerston,T0,False,road,Palmerston,0.0
S01705,"no power in the back rooms, Papunya",6,electrical,medium,,,25.0,Papunya,T3,True,road,Alice Springs,543.2
S01706,"door wont lock and there was a break in, kids scared, got a baby here, Gapuwiyak",14,security,critical,security|child_safety,infants,151.2,Gapuwiyak,T3,True,air,Darwin,1129.6
S01707,"lights flicker and trip the box, Wadeye",6,electrical,medium,,,25.0,Wadeye,T2,True,road,Darwin,635.3
S01708,"front gate broken and lock hanging off, Papunya",13,security,high,security,,74.0,Papunya,T3,True,road,Alice Springs,543.2
S01709,"ants everywhere in the kitchen, Angurugu",19,other,medium,vermin_pest,,29.0,Angurugu,T3,True,air,Darwin,1324.4
S01710,"smells like poo near the bathroom, Minjilang",3,plumbing,critical,sewage,,125.0,Minjilang,T3,True,air,Darwin,495.8
S01711,"split system leaking water, Kalkarindji",10,cooling,medium,,,25.0,Kalkarindji,T3,True,road,Katherine,949.3
S01712,"only toilet backing up, Papunya",12,sanitation,high,only_toilet_blocked|sewage,,97.0,Papunya,T3,True,road,Alice Springs,543.2
S01713,"no hot water since tuesday, Darwin",2,plumbing,medium,no_hot_water,,33.0,Darwin,T0,False,road,Darwin,0.0
S01714,"door wont lock and there was a break in, kids scared, got a baby here, Palmerston",14,security,critical,security|child_safety,infants,151.2,Palmerston,T0,False,road,Palmerston,0.0
S01715,"mosquito screens torn, Darwin",21,other,low,,,8.0,Darwin,T0,False,road,Darwin,0.0
S01716,"cant get the chair through the door, Docker River",18,accessibility,critical,accessibility,disability,132.16,Docker River,T3,True,road,Alice Springs,1309.6
S01717,"bore water salty and smells off, got a baby here, Minjilang",11,water_quality,high,water_contamination|child_safety,infants,104.4,Minjilang,T3,True,air,Darwin,495.8
S01718,"wire hanging out of the wall, Katherine",4,electrical,critical,exposed_wiring|fire_risk,,155.0,Katherine,T1,False,road,Katherine,0.0
S01719,"hot water system stopped, Robinson River",2,plumbing,medium,no_hot_water,,33.0,Robinson River,T3,True,road,Katherine,1462.5
S01720,"termites in the back wall, Tennant Creek",19,other,medium,vermin_pest,,29.0,Tennant Creek,T1,False,road,Tennant Creek,0.0
S01721,"shower no water pressure, Humpty Doo",16,bathroom,low,,,8.0,Humpty Doo,T1,False,road,Palmerston,42.7
S01722,"dialysis needs a reliable socket, Darwin",17,medical,critical,medical_equipment,medical_dependent,166.4,Darwin,T0,False,road,Darwin,0.0
S01723,"split system leaking water, Papunya",10,cooling,medium,,,25.0,Papunya,T3,True,road,Alice Springs,543.2
S01724,"water pressure gone in the shower, Milikapiti",1,plumbing,medium,,,25.0,Milikapiti,T3,True,air,Darwin,246.6
S01725,"back door wont lock and the window got smashed, Peppimenarti",13,security,high,security,,74.0,Peppimenarti,T2,True,road,Darwin,533.1
S01726,"tank water is dirty and cant drink it, got a baby here, Alice Springs",11,water_quality,high,water_contamination|child_safety,infants,104.4,Alice Springs,T0,False,road,Alice Springs,0.0
S01727,"dripping tap in the kitchen, Daly Waters",1,plumbing,medium,,,25.0,Daly Waters,T1,False,road,Katherine,601.9
S01728,"no aircon and the kids cant sleep, got a baby here, my nan lives here, Gunbalanya",9,cooling,high,no_cooling_extreme_heat,infants|elderly,107.64,Gunbalanya,T2,True,road,Darwin,623.7
S01729,"oven sparking and fridge not cold, Adelaide River",15,kitchen,medium,,,25.0,Adelaide River,T1,False,road,Darwin,235.6
S01730,"hot water system stopped, Kalkarindji",2,plumbing,medium,no_hot_water,,33.0,Kalkarindji,T3,True,road,Katherine,949.3
S01731,"lights flicker and trip the box, Papunya",6,electrical,medium,,,25.0,Papunya,T3,True,road,Alice Springs,543.2
S01732,"power point scorched where the dialysis machine plugs in, Adelaide River",5,electrical,critical,exposed_wiring|medical_equipment,medical_dependent,205.4,Adelaide River,T1,False,road,Darwin,235.6
S01733,"bath leaking through the floor slowly, Humpty Doo",16,bathroom,low,,,8.0,Humpty Doo,T1,False,road,Palmerston,42.7
S01734,"split system died in the heat, got a baby here, my nan lives here, Palmerston",9,cooling,high,no_cooling_extreme_heat,infants|elderly,107.64,Palmerston,T0,False,road,Palmerston,0.0
S01735,"oven sparking and fridge not cold, Beswick",15,kitchen,medium,,,25.0,Beswick,T2,True,road,Katherine,235.7
S01736,"aircon dead and its 40 degrees, got a baby here, my nan lives here, Daly Waters",9,cooling,high,no_cooling_extreme_heat,infants|elderly,107.64,Daly Waters,T1,False,road,Katherine,601.9
S01737,"aircon not cooling properly, Pine Creek",10,cooling,medium,,,25.0,Pine Creek,T1,False,road,Katherine,221.7
S01738,"no hot water since tuesday, Timber Creek",2,plumbing,medium,no_hot_water,,33.0,Timber Creek,T2,True,road,Katherine,606.0
S01739,"aircon not cooling properly, Mataranka",10,cooling,medium,,,25.0,Mataranka,T1,False,road,Katherine,258.7
S01740,"mosquito screens torn, Daly Waters",21,other,low,,,8.0,Daly Waters,T1,False,road,Katherine,601.9
S01741,"shower head dripping and a tile cracked, Galiwin'ku",16,bathroom,low,,,8.0,Galiwin'ku,T3,True,air,Darwin,1080.8
S01742,"shower head dripping and a tile cracked, Palmerston",16,bathroom,low,,,8.0,Palmerston,T0,False,road,Palmerston,0.0
S01743,"wheelchair ramp fell apart and cant get in the house, Palmerston",18,accessibility,critical,accessibility,disability,132.16,Palmerston,T0,False,road,Palmerston,0.0
S01744,"dripping tap in the kitchen, Minyerri",1,plumbing,medium,,,25.0,Minyerri,T2,True,road,Katherine,556.2
S01745,"grab rail fell off the wall in the bathroom, Maningrida",18,accessibility,critical,accessibility,disability,132.16,Maningrida,T2,True,air,Darwin,777.5
S01746,"wheelchair ramp fell apart and cant get in the house, Mataranka",18,accessibility,critical,accessibility,disability,132.16,Mataranka,T1,False,road,Katherine,258.7
S01747,"stove stopped working and fridge died last week, Jabiru",15,kitchen,medium,,,25.0,Jabiru,T1,False,road,Darwin,563.1
S01748,"snake in the yard near the kids, got a baby here, Tennant Creek",20,other,high,vermin_pest|child_safety,infants,91.2,Tennant Creek,T1,False,road,Tennant Creek,0.0
S01749,"water pressure gone in the shower, Palumpa",1,plumbing,medium,,,25.0,Palumpa,T2,True,road,Darwin,605.4
S01750,"tap leaking under the sink for weeks, Docker River",1,plumbing,medium,,,25.0,Docker River,T3,True,road,Alice Springs,1309.6
S01751,"snake came into the laundry, got a baby here, Yuendumu",20,other,high,vermin_pest|child_safety,infants,91.2,Yuendumu,T2,True,road,Alice Springs,693.7
S01752,"aircon not cooling properly, Ramingining",10,cooling,medium,,,25.0,Ramingining,T3,True,air,Darwin,929.7
S01753,"general wear and tear, Mutitjulu",21,other,low,,,8.0,Mutitjulu,T3,True,road,Alice Springs,882.3
S01754,"aircon not cooling properly, Daguragu",10,cooling,medium,,,25.0,Daguragu,T3,True,road,Katherine,945.0
S01755,"fan broke in the bedroom, Robinson River",10,cooling,medium,,,25.0,Robinson River,T3,True,road,Katherine,1462.5
S01756,"cant get the chair through the door, Yirrkala",18,accessibility,critical,accessibility,disability,132.16,Yirrkala,T3,True,road,Darwin,1708.0
S01757,"split system leaking water, Darwin",10,cooling,medium,,,25.0,Darwin,T0,False,road,Darwin,0.0
S01758,"sewerage backing up in the yard, Milikapiti",3,plumbing,critical,sewage,,125.0,Milikapiti,T3,True,air,Darwin,246.6
S01759,"aircon not cooling properly, Palmerston",10,cooling,medium,,,25.0,Palmerston,T0,False,road,Palmerston,0.0
S01760,"sparks coming out of the powerpoint, Palmerston",4,electrical,critical,exposed_wiring|fire_risk,,155.0,Palmerston,T0,False,road,Palmerston,0.0
S01761,"snake came into the laundry, got a baby here, Borroloola",20,other,high,vermin_pest|child_safety,infants,91.2,Borroloola,T3,True,road,Katherine,1217.6
S01762,"rats in the roof at night, Mutitjulu",19,other,medium,vermin_pest,,29.0,Mutitjulu,T3,True,road,Alice Springs,882.3
S01763,"hot water system stopped, Jabiru",2,plumbing,medium,no_hot_water,,33.0,Jabiru,T1,False,road,Darwin,563.1
S01764,"wall cracked right through after the cyclone, Alice Springs",8,structural,critical,structural,,130.0,Alice Springs,T0,False,road,Alice Springs,0.0
S01765,"cant get the chair through the door, Barunga",18,accessibility,critical,accessibility,disability,132.16,Barunga,T2,True,road,Katherine,168.0
S01766,"no water at all for two days, got a baby here, my nan lives here, Darwin",0,plumbing,critical,no_water,infants|elderly,168.36,Darwin,T0,False,road,Darwin,0.0
S01767,"no water at all for two days, got a baby here, my nan lives here, Mataranka",0,plumbing,critical,no_water,infants|elderly,168.36,Mataranka,T1,False,road,Katherine,258.7
S01768,"smells like poo near the bathroom, Maningrida",3,plumbing,critical,sewage,,125.0,Maningrida,T2,True,air,Darwin,777.5
S01769,"general wear and tear, Daly Waters",21,other,low,,,8.0,Daly Waters,T1,False,road,Katherine,601.9
S01770,"fan broke in the bedroom, Alice Springs",10,cooling,medium,,,25.0,Alice Springs,T0,False,road,Alice Springs,0.0
S01771,"sewerage backing up in the yard, Gunbalanya",3,plumbing,critical,sewage,,125.0,Gunbalanya,T2,True,road,Darwin,623.7
S01772,"sparks coming out of the powerpoint, Tennant Creek",4,electrical,critical,exposed_wiring|fire_risk,,155.0,Tennant Creek,T1,False,road,Tennant Creek,0.0
S01773,"hot water system stopped, Milingimbi",2,plumbing,medium,no_hot_water,,33.0,Milingimbi,T3,True,air,Darwin,928.9
S01774,"cant lock the house at night, Gunbalanya",13,security,high,security,,74.0,Gunbalanya,T2,True,road,Darwin,623.7
S01775,"burning smell from the switchboard, Robinson River",4,electrical,critical,exposed_wiring|fire_risk,,155.0,Robinson River,T3,True,road,Katherine,1462.5
S01776,"stove stopped working and fridge died last week, Milikapiti",15,kitchen,medium,,,25.0,Milikapiti,T3,True,air,Darwin,246.6
S01777,"mosquito screens torn, Palmerston",21,other,low,,,8.0,Palmerston,T0,False,road,Palmerston,0.0
S01778,"stove not working, Beswick",15,kitchen,medium,,,25.0,Beswick,T2,True,road,Katherine,235.7
S01779,"sparks from the powerpoint near the oxygen machine, Yirrkala",5,electrical,critical,exposed_wiring|medical_equipment,medical_dependent,205.4,Yirrkala,T3,True,road,Darwin,1708.0
S01780,"no hot water since tuesday, Milingimbi",2,plumbing,medium,no_hot_water,,33.0,Milingimbi,T3,True,air,Darwin,928.9
S01781,"no power in the back rooms, Borroloola",6,electrical,medium,,,25.0,Borroloola,T3,True,road,Katherine,1217.6
S01782,"fan broke in the bedroom, Papunya",10,cooling,medium,,,25.0,Papunya,T3,True,road,Alice Springs,543.2
S01783,"burning smell from the switchboard, Adelaide River",4,electrical,critical,exposed_wiring|fire_risk,,155.0,Adelaide River,T1,False,road,Darwin,235.6
S01784,"nothing coming out of any tap, got a baby here, my nan lives here, Daguragu",0,plumbing,critical,no_water,infants|elderly,168.36,Daguragu,T3,True,road,Katherine,945.0
S01785,"cant get the chair through the door, Katherine",18,accessibility,critical,accessibility,disability,132.16,Katherine,T1,False,road,Katherine,0.0
S01786,"front gate broken and lock hanging off, Darwin",13,security,high,security,,74.0,Darwin,T0,False,road,Darwin,0.0
S01787,"shower no water pressure, Alice Springs",16,bathroom,low,,,8.0,Alice Springs,T0,False,road,Alice Springs,0.0
S01788,"no aircon and the kids cant sleep, got a baby here, my nan lives here, Minjilang",9,cooling,high,no_cooling_extreme_heat,infants|elderly,107.64,Minjilang,T3,True,air,Darwin,495.8
S01789,"sparks from the powerpoint near the oxygen machine, Umbakumba",5,electrical,critical,exposed_wiring|medical_equipment,medical_dependent,205.4,Umbakumba,T3,True,air,Darwin,1337.9
S01790,"door wont lock and there was a break in, kids scared, got a baby here, Darwin",14,security,critical,security|child_safety,infants,151.2,Darwin,T0,False,road,Darwin,0.0
S01791,"split system leaking water, Barunga",10,cooling,medium,,,25.0,Barunga,T2,True,road,Katherine,168.0
S01792,"lights flicker and trip the box, Gapuwiyak",6,electrical,medium,,,25.0,Gapuwiyak,T3,True,air,Darwin,1129.6
S01793,"termites in the back wall, Jabiru",19,other,medium,vermin_pest,,29.0,Jabiru,T1,False,road,Darwin,563.1
S01794,"loose hinge on the cupboard, Ngukurr",21,other,low,,,8.0,Ngukurr,T3,True,road,Katherine,694.3
S01795,"oxygen machine has no power, Mataranka",17,medical,critical,medical_equipment,medical_dependent,166.4,Mataranka,T1,False,road,Katherine,258.7
S01796,"snake in the yard near the kids, got a baby here, Kalkarindji",20,other,high,vermin_pest|child_safety,infants,91.2,Kalkarindji,T3,True,road,Katherine,949.3
S01797,"windows smashed and cant secure the house with the baby, got a baby here, Jabiru",14,security,critical,security|child_safety,infants,151.2,Jabiru,T1,False,road,Darwin,563.1
S01798,"lights flicker and trip the box, Katherine",6,electrical,medium,,,25.0,Katherine,T1,False,road,Katherine,0.0
S01799,"ants everywhere in the kitchen, Katherine",19,other,medium,vermin_pest,,29.0,Katherine,T1,False,road,Katherine,0.0
S01800,"shower no water pressure, Pine Creek",16,bathroom,low,,,8.0,Pine Creek,T1,False,road,Katherine,221.7
S01801,"hot water system stopped, Darwin",2,plumbing,medium,no_hot_water,,33.0,Darwin,T0,False,road,Darwin,0.0
S01802,"loose hinge on the cupboard, Tennant Creek",21,other,low,,,8.0,Tennant Creek,T1,False,road,Tennant Creek,0.0
S01803,"loose hinge on the cupboard, Umbakumba",21,other,low,,,8.0,Umbakumba,T3,True,air,Darwin,1337.9
S01804,"no aircon and the kids cant sleep, got a baby here, my nan lives here, Mutitjulu",9,cooling,high,no_cooling_extreme_heat,infants|elderly,107.64,Mutitjulu,T3,True,road,Alice Springs,882.3
S01805,"aircon not cooling properly, Gapuwiyak",10,cooling,medium,,,25.0,Gapuwiyak,T3,True,air,Darwin,1129.6
S01806,"fan broke in the bedroom, Batchelor",10,cooling,medium,,,25.0,Batchelor,T1,False,road,Darwin,173.2
S01807,"bore water salty and smells off, got a baby here, Mutitjulu",11,water_quality,high,water_contamination|child_safety,infants,104.4,Mutitjulu,T3,True,road,Alice Springs,882.3
S01808,"lights flicker and trip the box, Mutitjulu",6,electrical,medium,,,25.0,Mutitjulu,T3,True,road,Alice Springs,882.3
S01809,"only cold showers for a week, Alice Springs",2,plumbing,medium,no_hot_water,,33.0,Alice Springs,T0,False,road,Alice Springs,0.0
S01810,"loose hinge on the cupboard, Wadeye",21,other,low,,,8.0,Wadeye,T2,True,road,Darwin,635.3
S01811,"oven sparking and fridge not cold, Robinson River",15,kitchen,medium,,,25.0,Robinson River,T3,True,road,Katherine,1462.5
S01812,"general wear and tear, Palmerston",21,other,low,,,8.0,Palmerston,T0,False,road,Palmerston,0.0
S01813,"shower head dripping and a tile cracked, Adelaide River",16,bathroom,low,,,8.0,Adelaide River,T1,False,road,Darwin,235.6
S01814,"roof caving over the bedroom, got a baby here, Peppimenarti",7,structural,critical,structural|child_safety,infants,170.4,Peppimenarti,T2,True,road,Darwin,533.1
S01815,"wheelchair ramp fell apart and cant get in the house, Pine Creek",18,accessibility,critical,accessibility,disability,132.16,Pine Creek,T1,False,road,Katherine,221.7
S01816,"sparks from the powerpoint near the oxygen machine, Timber Creek",5,electrical,critical,exposed_wiring|medical_equipment,medical_dependent,205.4,Timber Creek,T2,True,road,Katherine,606.0
S01817,"general wear and tear, Alice Springs",21,other,low,,,8.0,Alice Springs,T0,False,road,Alice Springs,0.0
S01818,"split system died in the heat, got a baby here, my nan lives here, Barunga",9,cooling,high,no_cooling_extreme_heat,infants|elderly,107.64,Barunga,T2,True,road,Katherine,168.0
S01819,"split system leaking water, Gapuwiyak",10,cooling,medium,,,25.0,Gapuwiyak,T3,True,air,Darwin,1129.6
S01820,"shower no water pressure, Humpty Doo",16,bathroom,low,,,8.0,Humpty Doo,T1,False,road,Palmerston,42.7
S01821,"lights flicker and trip the box, Maningrida",6,electrical,medium,,,25.0,Maningrida,T2,True,air,Darwin,777.5
S01822,"split system leaking water, Milikapiti",10,cooling,medium,,,25.0,Milikapiti,T3,True,air,Darwin,246.6
S01823,"floor gave way near the door, Darwin",8,structural,critical,structural,,130.0,Darwin,T0,False,road,Darwin,0.0
S01824,"no water at all for two days, got a baby here, my nan lives here, Mutitjulu",0,plumbing,critical,no_water,infants|elderly,168.36,Mutitjulu,T3,True,road,Alice Springs,882.3
S01825,"cant lock the house at night, Ti Tree",13,security,high,security,,74.0,Ti Tree,T2,True,road,Alice Springs,469.6
S01826,"front gate broken and lock hanging off, Elliott",13,security,high,security,,74.0,Elliott,T1,False,road,Tennant Creek,633.2
S01827,"wall cracked right through after the cyclone, Palmerston",8,structural,critical,structural,,130.0,Palmerston,T0,False,road,Palmerston,0.0
S01828,"aircon dead and its 40 degrees, got a baby here, my nan lives here, Minjilang",9,cooling,high,no_cooling_extreme_heat,infants|elderly,107.64,Minjilang,T3,True,air,Darwin,495.8
S01829,"water pressure gone in the shower, Adelaide River",1,plumbing,medium,,,25.0,Adelaide River,T1,False,road,Darwin,235.6
S01830,"no power in the back rooms, Minyerri",6,electrical,medium,,,25.0,Minyerri,T2,True,road,Katherine,556.2
S01831,"shower head dripping and a tile cracked, Borroloola",16,bathroom,low,,,8.0,Borroloola,T3,True,road,Katherine,1217.6
S01832,"bore water salty and smells off, got a baby here, Milikapiti",11,water_quality,high,water_contamination|child_safety,infants,104.4,Milikapiti,T3,True,air,Darwin,246.6
S01833,"sewerage backing up in the yard, Mataranka",3,plumbing,critical,sewage,,125.0,Mataranka,T1,False,road,Katherine,258.7
S01834,"only cold showers for a week, Pirlangimpi",2,plumbing,medium,no_hot_water,,33.0,Pirlangimpi,T3,True,air,Darwin,266.7
S01835,"bore water salty and smells off, got a baby here, Adelaide River",11,water_quality,high,water_contamination|child_safety,infants,104.4,Adelaide River,T1,False,road,Darwin,235.6
S01836,"aircon not cooling properly, Mataranka",10,cooling,medium,,,25.0,Mataranka,T1,False,road,Katherine,258.7
S01837,"fan broke in the bedroom, Gapuwiyak",10,cooling,medium,,,25.0,Gapuwiyak,T3,True,air,Darwin,1129.6
S01838,"back door wont lock and the window got smashed, Elliott",13,security,high,security,,74.0,Elliott,T1,False,road,Tennant Creek,633.2
S01839,"verandah posts collapsing, Palumpa",8,structural,critical,structural,,130.0,Palumpa,T2,True,road,Darwin,605.4
S01840,"aircon dead and its 40 degrees, got a baby here, my nan lives here, Mutitjulu",9,cooling,high,no_cooling_extreme_heat,infants|elderly,107.64,Mutitjulu,T3,True,road,Alice Springs,882.3
S01841,"roof caving over the bedroom, got a baby here, Tennant Creek",7,structural,critical,structural|child_safety,infants,170.4,Tennant Creek,T1,False,road,Tennant Creek,0.0
S01842,"stove stopped working and fridge died last week, Daly Waters",15,kitchen,medium,,,25.0,Daly Waters,T1,False,road,Katherine,601.9
S01843,"dripping tap in the kitchen, Daguragu",1,plumbing,medium,,,25.0,Daguragu,T3,True,road,Katherine,945.0
S01844,"shower no water pressure, Wadeye",16,bathroom,low,,,8.0,Wadeye,T2,True,road,Darwin,635.3
S01845,"grab rail fell off the wall in the bathroom, Humpty Doo",18,accessibility,critical,accessibility,disability,132.16,Humpty Doo,T1,False,road,Palmerston,42.7
S01846,"wall cracked right through after the cyclone, Adelaide River",8,structural,critical,structural,,130.0,Adelaide River,T1,False,road,Darwin,235.6
S01847,"tap leaking under the sink for weeks, Batchelor",1,plumbing,medium,,,25.0,Batchelor,T1,False,road,Darwin,173.2
S01848,"shower no water pressure, Jabiru",16,bathroom,low,,,8.0,Jabiru,T1,False,road,Darwin,563.1
S01849,"stove stopped working and fridge died last week, Darwin",15,kitchen,medium,,,25.0,Darwin,T0,False,road,Darwin,0.0
S01850,"shower head dripping and a tile cracked, Minyerri",16,bathroom,low,,,8.0,Minyerri,T2,True,road,Katherine,556.2
S01851,"only cold showers for a week, Humpty Doo",2,plumbing,medium,no_hot_water,,33.0,Humpty Doo,T1,False,road,Palmerston,42.7
S01852,"cant lock the house at night, Batchelor",13,security,high,security,,74.0,Batchelor,T1,False,road,Darwin,173.2
S01853,"aircon dead and its 40 degrees, got a baby here, my nan lives here, Darwin",9,cooling,high,no_cooling_extreme_heat,infants|elderly,107.64,Darwin,T0,False,road,Darwin,0.0
S01854,"water pressure gone in the shower, Lajamanu",1,plumbing,medium,,,25.0,Lajamanu,T3,True,road,Katherine,1207.3
S01855,"stove not working, Maningrida",15,kitchen,medium,,,25.0,Maningrida,T2,True,air,Darwin,777.5
S01856,"water from the tap is brown and smells, got a baby here, Tennant Creek",11,water_quality,high,water_contamination|child_safety,infants,104.4,Tennant Creek,T1,False,road,Tennant Creek,0.0
S01857,"wheelchair ramp fell apart and cant get in the house, Timber Creek",18,accessibility,critical,accessibility,disability,132.16,Timber Creek,T2,True,road,Katherine,606.0
S01858,"verandah posts collapsing, Alice Springs",8,structural,critical,structural,,130.0,Alice Springs,T0,False,road,Alice Springs,0.0
S01859,"aircon not cooling properly, Palmerston",10,cooling,medium,,,25.0,Palmerston,T0,False,road,Palmerston,0.0
S01860,"lights flicker and trip the box, Adelaide River",6,electrical,medium,,,25.0,Adelaide River,T1,False,road,Darwin,235.6
S01861,"water from the tap is brown and smells, got a baby here, Alice Springs",11,water_quality,high,water_contamination|child_safety,infants,104.4,Alice Springs,T0,False,road,Alice Springs,0.0
S01862,"fan broke in the bedroom, Galiwin'ku",10,cooling,medium,,,25.0,Galiwin'ku,T3,True,air,Darwin,1080.8
S01863,"water pressure gone in the shower, Palmerston",1,plumbing,medium,,,25.0,Palmerston,T0,False,road,Palmerston,0.0
S01864,"mosquito screens torn, Beswick",21,other,low,,,8.0,Beswick,T2,True,road,Katherine,235.7
S01865,"ants everywhere in the kitchen, Mataranka",19,other,medium,vermin_pest,,29.0,Mataranka,T1,False,road,Katherine,258.7
S01866,"rats in the roof at night, Pine Creek",19,other,medium,vermin_pest,,29.0,Pine Creek,T1,False,road,Katherine,221.7
S01867,"tank water is dirty and cant drink it, got a baby here, Ngukurr",11,water_quality,high,water_contamination|child_safety,infants,104.4,Ngukurr,T3,True,road,Katherine,694.3
S01868,"aircon dead and its 40 degrees, got a baby here, my nan lives here, Wurrumiyanga",9,cooling,high,no_cooling_extreme_heat,infants|elderly,107.64,Wurrumiyanga,T3,True,air,Darwin,171.5
S01869,"shower head dripping and a tile cracked, Pine Creek",16,bathroom,low,,,8.0,Pine Creek,T1,False,road,Katherine,221.7
S01870,"general wear and tear, Humpty Doo",21,other,low,,,8.0,Humpty Doo,T1,False,road,Palmerston,42.7
S01871,"bath leaking through the floor slowly, Adelaide River",16,bathroom,low,,,8.0,Adelaide River,T1,False,road,Darwin,235.6
S01872,"water pressure gone in the shower, Pirlangimpi",1,plumbing,medium,,,25.0,Pirlangimpi,T3,True,air,Darwin,266.7
S01873,"cant get the chair through the door, Palmerston",18,accessibility,critical,accessibility,disability,132.16,Palmerston,T0,False,road,Palmerston,0.0
S01874,"split system leaking water, Alice Springs",10,cooling,medium,,,25.0,Alice Springs,T0,False,road,Alice Springs,0.0
S01875,"no water at all for two days, got a baby here, my nan lives here, Ramingining",0,plumbing,critical,no_water,infants|elderly,168.36,Ramingining,T3,True,air,Darwin,929.7
S01876,"no power in the back rooms, Elliott",6,electrical,medium,,,25.0,Elliott,T1,False,road,Tennant Creek,633.2
S01877,"snake in the yard near the kids, got a baby here, Pine Creek",20,other,high,vermin_pest|child_safety,infants,91.2,Pine Creek,T1,False,road,Katherine,221.7
S01878,"tank water is dirty and cant drink it, got a baby here, Palmerston",11,water_quality,high,water_contamination|child_safety,infants,104.4,Palmerston,T0,False,road,Palmerston,0.0
S01879,"bath leaking through the floor slowly, Ti Tree",16,bathroom,low,,,8.0,Ti Tree,T2,True,road,Alice Springs,469.6
S01880,"aircon not cooling properly, Jabiru",10,cooling,medium,,,25.0,Jabiru,T1,False,road,Darwin,563.1
S01881,"water cut off since yesterday, got a baby here, my nan lives here, Katherine",0,plumbing,critical,no_water,infants|elderly,168.36,Katherine,T1,False,road,Katherine,0.0
S01882,"windows smashed and cant secure the house with the baby, got a baby here, Katherine",14,security,critical,security|child_safety,infants,151.2,Katherine,T1,False,road,Katherine,0.0
S01883,"powerpoint dead in the lounge, Wadeye",6,electrical,medium,,,25.0,Wadeye,T2,True,road,Darwin,635.3
S01884,"hot water system stopped, Batchelor",2,plumbing,medium,no_hot_water,,33.0,Batchelor,T1,False,road,Darwin,173.2
S01885,"stove not working, Darwin",15,kitchen,medium,,,25.0,Darwin,T0,False,road,Darwin,0.0
S01886,"door wont lock and there was a break in, kids scared, got a baby here, Daly Waters",14,security,critical,security|child_safety,infants,151.2,Daly Waters,T1,False,road,Katherine,601.9
S01887,"powerpoint dead in the lounge, Daguragu",6,electrical,medium,,,25.0,Daguragu,T3,True,road,Katherine,945.0
S01888,"water pressure gone in the shower, Wurrumiyanga",1,plumbing,medium,,,25.0,Wurrumiyanga,T3,True,air,Darwin,171.5
S01889,"termites in the back wall, Adelaide River",19,other,medium,vermin_pest,,29.0,Adelaide River,T1,False,road,Darwin,235.6
S01890,"bath leaking through the floor slowly, Maningrida",16,bathroom,low,,,8.0,Maningrida,T2,True,air,Darwin,777.5
S01891,"only cold showers for a week, Ti Tree",2,plumbing,medium,no_hot_water,,33.0,Ti Tree,T2,True,road,Alice Springs,469.6
S01892,"oxygen machine has no power, Humpty Doo",17,medical,critical,medical_equipment,medical_dependent,166.4,Humpty Doo,T1,False,road,Palmerston,42.7
S01893,"no aircon and the kids cant sleep, got a baby here, my nan lives here, Hermannsburg",9,cooling,high,no_cooling_extreme_heat,infants|elderly,107.64,Hermannsburg,T2,True,road,Alice Springs,299.4
S01894,"dialysis needs a reliable socket, Darwin",17,medical,critical,medical_equipment,medical_dependent,166.4,Darwin,T0,False,road,Darwin,0.0
S01895,"termites in the back wall, Elliott",19,other,medium,vermin_pest,,29.0,Elliott,T1,False,road,Tennant Creek,633.2
S01896,"only cold showers for a week, Yirrkala",2,plumbing,medium,no_hot_water,,33.0,Yirrkala,T3,True,road,Darwin,1708.0
S01897,"split system leaking water, Pine Creek",10,cooling,medium,,,25.0,Pine Creek,T1,False,road,Katherine,221.7
S01898,"oxygen machine has no power, Katherine",17,medical,critical,medical_equipment,medical_dependent,166.4,Katherine,T1,False,road,Katherine,0.0
S01899,"general wear and tear, Robinson River",21,other,low,,,8.0,Robinson River,T3,True,road,Katherine,1462.5
S01900,"stove stopped working and fridge died last week, Pine Creek",15,kitchen,medium,,,25.0,Pine Creek,T1,False,road,Katherine,221.7
S01901,"stove stopped working and fridge died last week, Palmerston",15,kitchen,medium,,,25.0,Palmerston,T0,False,road,Palmerston,0.0
S01902,"general wear and tear, Pine Creek",21,other,low,,,8.0,Pine Creek,T1,False,road,Katherine,221.7
S01903,"no hot water since tuesday, Angurugu",2,plumbing,medium,no_hot_water,,33.0,Angurugu,T3,True,air,Darwin,1324.4
S01904,"windows smashed and cant secure the house with the baby, got a baby here, Palmerston",14,security,critical,security|child_safety,infants,151.2,Palmerston,T0,False,road,Palmerston,0.0
S01905,"shower no water pressure, Pine Creek",16,bathroom,low,,,8.0,Pine Creek,T1,False,road,Katherine,221.7
S01906,"aircon dead and its 40 degrees, got a baby here, my nan lives here, Borroloola",9,cooling,high,no_cooling_extreme_heat,infants|elderly,107.64,Borroloola,T3,True,road,Katherine,1217.6
S01907,"cant lock the house at night, Pine Creek",13,security,high,security,,74.0,Pine Creek,T1,False,road,Katherine,221.7
S01908,"fan broke in the bedroom, Pine Creek",10,cooling,medium,,,25.0,Pine Creek,T1,False,road,Katherine,221.7
S01909,"tap leaking under the sink for weeks, Minyerri",1,plumbing,medium,,,25.0,Minyerri,T2,True,road,Katherine,556.2
S01910,"no aircon and the kids cant sleep, got a baby here, my nan lives here, Kalkarindji",9,cooling,high,no_cooling_extreme_heat,infants|elderly,107.64,Kalkarindji,T3,True,road,Katherine,949.3
S01911,"water cut off since yesterday, got a baby here, my nan lives here, Gapuwiyak",0,plumbing,critical,no_water,infants|elderly,168.36,Gapuwiyak,T3,True,air,Darwin,1129.6
S01912,"bath leaking through the floor slowly, Humpty Doo",16,bathroom,low,,,8.0,Humpty Doo,T1,False,road,Palmerston,42.7
S01913,"snake came into the laundry, got a baby here, Adelaide River",20,other,high,vermin_pest|child_safety,infants,91.2,Adelaide River,T1,False,road,Darwin,235.6
S01914,"sewage overflowing outside the back door, Galiwin'ku",3,plumbing,critical,sewage,,125.0,Galiwin'ku,T3,True,air,Darwin,1080.8
S01915,"snake came into the laundry, got a baby here, Angurugu",20,other,high,vermin_pest|child_safety,infants,91.2,Angurugu,T3,True,air,Darwin,1324.4
S01916,"powerpoint dead in the lounge, Papunya",6,electrical,medium,,,25.0,Papunya,T3,True,road,Alice Springs,543.2
S01917,"tap leaking under the sink for weeks, Alice Springs",1,plumbing,medium,,,25.0,Alice Springs,T0,False,road,Alice Springs,0.0
S01918,"no power in the back rooms, Mataranka",6,electrical,medium,,,25.0,Mataranka,T1,False,road,Katherine,258.7
S01919,"split system leaking water, Daguragu",10,cooling,medium,,,25.0,Daguragu,T3,True,road,Katherine,945.0
S01920,"termites in the back wall, Katherine",19,other,medium,vermin_pest,,29.0,Katherine,T1,False,road,Katherine,0.0
S01921,"back door wont lock and the window got smashed, Katherine",13,security,high,security,,74.0,Katherine,T1,False,road,Katherine,0.0
S01922,"water pressure gone in the shower, Papunya",1,plumbing,medium,,,25.0,Papunya,T3,True,road,Alice Springs,543.2
S01923,"wire hanging out of the wall, Humpty Doo",4,electrical,critical,exposed_wiring|fire_risk,,155.0,Humpty Doo,T1,False,road,Palmerston,42.7
S01924,"shower no water pressure, Alyangula",16,bathroom,low,,,8.0,Alyangula,T3,True,air,Darwin,1308.1
S01925,"water from the tap is brown and smells, got a baby here, Kalkarindji",11,water_quality,high,water_contamination|child_safety,infants,104.4,Kalkarindji,T3,True,road,Katherine,949.3
S01926,"door wont lock and there was a break in, kids scared, got a baby here, Batchelor",14,security,critical,security|child_safety,infants,151.2,Batchelor,T1,False,road,Darwin,173.2
S01927,"no hot water since tuesday, Beswick",2,plumbing,medium,no_hot_water,,33.0,Beswick,T2,True,road,Katherine,235.7
S01928,"back door wont lock and the window got smashed, Palmerston",13,security,high,security,,74.0,Palmerston,T0,False,road,Palmerston,0.0
S01929,"no power in the back rooms, Tennant Creek",6,electrical,medium,,,25.0,Tennant Creek,T1,False,road,Tennant Creek,0.0
S01930,"dripping tap in the kitchen, Ngukurr",1,plumbing,medium,,,25.0,Ngukurr,T3,True,road,Katherine,694.3
S01931,"aircon dead and its 40 degrees, got a baby here, my nan lives here, Umbakumba",9,cooling,high,no_cooling_extreme_heat,infants|elderly,107.64,Umbakumba,T3,True,air,Darwin,1337.9
S01932,"front gate broken and lock hanging off, Tennant Creek",13,security,high,security,,74.0,Tennant Creek,T1,False,road,Tennant Creek,0.0
S01933,"cant lock the house at night, Mataranka",13,security,high,security,,74.0,Mataranka,T1,False,road,Katherine,258.7
S01934,"powerpoint dead in the lounge, Daguragu",6,electrical,medium,,,25.0,Daguragu,T3,True,road,Katherine,945.0
S01935,"split system leaking water, Katherine",10,cooling,medium,,,25.0,Katherine,T1,False,road,Katherine,0.0
S01936,"roof caving over the bedroom, got a baby here, Batchelor",7,structural,critical,structural|child_safety,infants,170.4,Batchelor,T1,False,road,Darwin,173.2
S01937,"aircon not cooling properly, Humpty Doo",10,cooling,medium,,,25.0,Humpty Doo,T1,False,road,Palmerston,42.7
S01938,"dialysis needs a reliable socket, Warruwi",17,medical,critical,medical_equipment,medical_dependent,166.4,Warruwi,T3,True,air,Darwin,611.3
S01939,"oven sparking and fridge not cold, Jabiru",15,kitchen,medium,,,25.0,Jabiru,T1,False,road,Darwin,563.1
S01940,"split system leaking water, Tennant Creek",10,cooling,medium,,,25.0,Tennant Creek,T1,False,road,Tennant Creek,0.0
S01941,"sewage overflowing outside the back door, Lajamanu",3,plumbing,critical,sewage,,125.0,Lajamanu,T3,True,road,Katherine,1207.3
S01942,"sparks from the powerpoint near the oxygen machine, Palmerston",5,electrical,critical,exposed_wiring|medical_equipment,medical_dependent,205.4,Palmerston,T0,False,road,Palmerston,0.0
S01943,"shower head dripping and a tile cracked, Humpty Doo",16,bathroom,low,,,8.0,Humpty Doo,T1,False,road,Palmerston,42.7
S01944,"powerpoint dead in the lounge, Kalkarindji",6,electrical,medium,,,25.0,Kalkarindji,T3,True,road,Katherine,949.3
S01945,"shower no water pressure, Yirrkala",16,bathroom,low,,,8.0,Yirrkala,T3,True,road,Darwin,1708.0
S01946,"no hot water since tuesday, Wadeye",2,plumbing,medium,no_hot_water,,33.0,Wadeye,T2,True,road,Darwin,635.3
S01947,"hot water system stopped, Tennant Creek",2,plumbing,medium,no_hot_water,,33.0,Tennant Creek,T1,False,road,Tennant Creek,0.0
S01948,"rats in the roof at night, Barunga",19,other,medium,vermin_pest,,29.0,Barunga,T2,True,road,Katherine,168.0
S01949,"oven sparking and fridge not cold, Beswick",15,kitchen,medium,,,25.0,Beswick,T2,True,road,Katherine,235.7
S01950,"no hot water since tuesday, Mutitjulu",2,plumbing,medium,no_hot_water,,33.0,Mutitjulu,T3,True,road,Alice Springs,882.3
S01951,"snake came into the laundry, got a baby here, Humpty Doo",20,other,high,vermin_pest|child_safety,infants,91.2,Humpty Doo,T1,False,road,Palmerston,42.7
S01952,"rats in the roof at night, Humpty Doo",19,other,medium,vermin_pest,,29.0,Humpty Doo,T1,False,road,Palmerston,42.7
S01953,"only toilet backing up, Robinson River",12,sanitation,high,only_toilet_blocked|sewage,,97.0,Robinson River,T3,True,road,Katherine,1462.5
S01954,"floor gave way near the door, Robinson River",8,structural,critical,structural,,130.0,Robinson River,T3,True,road,Katherine,1462.5
S01955,"power point scorched where the dialysis machine plugs in, Alice Springs",5,electrical,critical,exposed_wiring|medical_equipment,medical_dependent,205.4,Alice Springs,T0,False,road,Alice Springs,0.0
S01956,"roof caving over the bedroom, got a baby here, Hermannsburg",7,structural,critical,structural|child_safety,infants,170.4,Hermannsburg,T2,True,road,Alice Springs,299.4
S01957,"shower no water pressure, Minyerri",16,bathroom,low,,,8.0,Minyerri,T2,True,road,Katherine,556.2
S01958,"sparks coming out of the powerpoint, Humpty Doo",4,electrical,critical,exposed_wiring|fire_risk,,155.0,Humpty Doo,T1,False,road,Palmerston,42.7
S01959,"shower no water pressure, Gunbalanya",16,bathroom,low,,,8.0,Gunbalanya,T2,True,road,Darwin,623.7
S01960,"mosquito screens torn, Gunbalanya",21,other,low,,,8.0,Gunbalanya,T2,True,road,Darwin,623.7
S01961,"bath leaking through the floor slowly, Peppimenarti",16,bathroom,low,,,8.0,Peppimenarti,T2,True,road,Darwin,533.1
S01962,"water pressure gone in the shower, Yirrkala",1,plumbing,medium,,,25.0,Yirrkala,T3,True,road,Darwin,1708.0
S01963,"lights flicker and trip the box, Elliott",6,electrical,medium,,,25.0,Elliott,T1,False,road,Tennant Creek,633.2
S01964,"only cold showers for a week, Darwin",2,plumbing,medium,no_hot_water,,33.0,Darwin,T0,False,road,Darwin,0.0
S01965,"cant lock the house at night, Daly Waters",13,security,high,security,,74.0,Daly Waters,T1,False,road,Katherine,601.9
S01966,"no power in the back rooms, Numbulwar",6,electrical,medium,,,25.0,Numbulwar,T3,True,air,Katherine,785.3
S01967,"powerpoint dead in the lounge, Daly Waters",6,electrical,medium,,,25.0,Daly Waters,T1,False,road,Katherine,601.9
S01968,"tap leaking under the sink for weeks, Palmerston",1,plumbing,medium,,,25.0,Palmerston,T0,False,road,Palmerston,0.0
S01969,"oven sparking and fridge not cold, Alice Springs",15,kitchen,medium,,,25.0,Alice Springs,T0,False,road,Alice Springs,0.0
S01970,"stove stopped working and fridge died last week, Wadeye",15,kitchen,medium,,,25.0,Wadeye,T2,True,road,Darwin,635.3
S01971,"front gate broken and lock hanging off, Mutitjulu",13,security,high,security,,74.0,Mutitjulu,T3,True,road,Alice Springs,882.3
S01972,"hot water system stopped, Darwin",2,plumbing,medium,no_hot_water,,33.0,Darwin,T0,False,road,Darwin,0.0
S01973,"shower head dripping and a tile cracked, Beswick",16,bathroom,low,,,8.0,Beswick,T2,True,road,Katherine,235.7
S01974,"general wear and tear, Elliott",21,other,low,,,8.0,Elliott,T1,False,road,Tennant Creek,633.2
S01975,"snake in the yard near the kids, got a baby here, Daly Waters",20,other,high,vermin_pest|child_safety,infants,91.2,Daly Waters,T1,False,road,Katherine,601.9
S01976,"general wear and tear, Katherine",21,other,low,,,8.0,Katherine,T1,False,road,Katherine,0.0
S01977,"ants everywhere in the kitchen, Adelaide River",19,other,medium,vermin_pest,,29.0,Adelaide River,T1,False,road,Darwin,235.6
S01978,"shower head dripping and a tile cracked, Palmerston",16,bathroom,low,,,8.0,Palmerston,T0,False,road,Palmerston,0.0
S01979,"sewerage backing up in the yard, Milikapiti",3,plumbing,critical,sewage,,125.0,Milikapiti,T3,True,air,Darwin,246.6
S01980,"mosquito screens torn, Mutitjulu",21,other,low,,,8.0,Mutitjulu,T3,True,road,Alice Springs,882.3
S01981,"sparks coming out of the powerpoint, Minyerri",4,electrical,critical,exposed_wiring|fire_risk,,155.0,Minyerri,T2,True,road,Katherine,556.2
S01982,"split system died in the heat, got a baby here, my nan lives here, Numbulwar",9,cooling,high,no_cooling_extreme_heat,infants|elderly,107.64,Numbulwar,T3,True,air,Katherine,785.3
S01983,"mosquito screens torn, Mataranka",21,other,low,,,8.0,Mataranka,T1,False,road,Katherine,258.7
S01984,"mosquito screens torn, Barunga",21,other,low,,,8.0,Barunga,T2,True,road,Katherine,168.0
S01985,"powerpoint dead in the lounge, Mataranka",6,electrical,medium,,,25.0,Mataranka,T1,False,road,Katherine,258.7
S01986,"loose hinge on the cupboard, Adelaide River",21,other,low,,,8.0,Adelaide River,T1,False,road,Darwin,235.6
S01987,"hot water system stopped, Daly Waters",2,plumbing,medium,no_hot_water,,33.0,Daly Waters,T1,False,road,Katherine,601.9
S01988,"power point scorched where the dialysis machine plugs in, Kalkarindji",5,electrical,critical,exposed_wiring|medical_equipment,medical_dependent,205.4,Kalkarindji,T3,True,road,Katherine,949.3
S01989,"water pressure gone in the shower, Pine Creek",1,plumbing,medium,,,25.0,Pine Creek,T1,False,road,Katherine,221.7
S01990,"oven sparking and fridge not cold, Alice Springs",15,kitchen,medium,,,25.0,Alice Springs,T0,False,road,Alice Springs,0.0
S01991,"dripping tap in the kitchen, Alice Springs",1,plumbing,medium,,,25.0,Alice Springs,T0,False,road,Alice Springs,0.0
S01992,"one toilet blocked and overflowing, Minyerri",12,sanitation,high,only_toilet_blocked|sewage,,97.0,Minyerri,T2,True,road,Katherine,556.2
S01993,"fan broke in the bedroom, Katherine",10,cooling,medium,,,25.0,Katherine,T1,False,road,Katherine,0.0
S01994,"no power in the back rooms, Docker River",6,electrical,medium,,,25.0,Docker River,T3,True,road,Alice Springs,1309.6
S01995,"shower head dripping and a tile cracked, Yirrkala",16,bathroom,low,,,8.0,Yirrkala,T3,True,road,Darwin,1708.0
S01996,"oven sparking and fridge not cold, Barunga",15,kitchen,medium,,,25.0,Barunga,T2,True,road,Katherine,168.0
S01997,"wall cracked right through after the cyclone, Barunga",8,structural,critical,structural,,130.0,Barunga,T2,True,road,Katherine,168.0
S01998,"burning smell from the switchboard, Jabiru",4,electrical,critical,exposed_wiring|fire_risk,,155.0,Jabiru,T1,False,road,Darwin,563.1
S01999,"termites in the back wall, Humpty Doo",19,other,medium,vermin_pest,,29.0,Humpty Doo,T1,False,road,Palmerston,42.7
