register,scenario,text,truth,pred,pred_fail_safe,needs_human_check,urgent,exact,under,dropped,dropped_fs
app_style,0,"nothing coming out of any tap, got a baby here, my nan lives here, Daguragu",critical,critical,critical,False,True,True,False,False,False
officer,0,Tenant advises no water supply to the dwelling for 48 hours. Household includes an infant and an elderly resident. Location: Daguragu.,critical,critical,critical,False,True,True,False,False,False
sms,0,"nothing coming out of any tap, got a bub here, my nan lives here, daguragu",critical,critical,critical,False,True,True,False,False,False
kriol_inf,0,"nomo wota longa haus two day now, biginini en olgamen stap hia longa Daguragu",critical,low,high,True,True,False,True,True,False
app_style,0,"no water at all for two days, got a baby here, my nan lives here, Alice Springs",critical,critical,critical,False,True,True,False,False,False
officer,0,Tenant advises no water supply to the dwelling for 48 hours. Household includes an infant and an elderly resident. Location: Alice Springs.,critical,critical,critical,False,True,True,False,False,False
sms,0,"no water at all for two days, got a bub here, my nan lives here, alice springs",critical,critical,critical,False,True,True,False,False,False
kriol_inf,0,"nomo wota longa haus two day now, biginini en olgamen stap hia longa Alice Springs",critical,low,high,True,True,False,True,True,False
app_style,0,"water cut off since yesterday, got a baby here, my nan lives here, Ti Tree",critical,critical,critical,False,True,True,False,False,False
officer,0,Tenant advises no water supply to the dwelling for 48 hours. Household includes an infant and an elderly resident. Location: Ti Tree.,critical,critical,critical,False,True,True,False,False,False
sms,0,"water cut off since yesterday, got a bub here, my nan lives here, ti tree",critical,critical,critical,False,True,True,False,False,False
kriol_inf,0,"nomo wota longa haus two day now, biginini en olgamen stap hia longa Ti Tree",critical,low,high,True,True,False,True,True,False
app_style,0,"no water at all for two days, got a baby here, my nan lives here, Alyangula",critical,critical,critical,False,True,True,False,False,False
officer,0,Tenant advises no water supply to the dwelling for 48 hours. Household includes an infant and an elderly resident. Location: Alyangula.,critical,critical,critical,False,True,True,False,False,False
sms,0,"no wata at all for two days, got a bub here, my nan lives here, alyangula",critical,low,high,True,True,False,True,True,False
kriol_inf,0,"nomo wota longa haus two day now, biginini en olgamen stap hia longa Alyangula",critical,low,high,True,True,False,True,True,False
app_style,0,"nothing coming out of any tap, got a baby here, my nan lives here, Mutitjulu",critical,critical,critical,False,True,True,False,False,False
officer,0,Tenant advises no water supply to the dwelling for 48 hours. Household includes an infant and an elderly resident. Location: Mutitjulu.,critical,critical,critical,False,True,True,False,False,False
sms,0,"nuthin comin out of any tap, got a baby here, my nan lives here, mutitjulu",critical,medium,high,True,True,False,True,True,False
kriol_inf,0,"nomo wota longa haus two day now, biginini en olgamen stap hia longa Mutitjulu",critical,low,high,True,True,False,True,True,False
app_style,0,"water cut off since yesterday, got a baby here, my nan lives here, Yirrkala",critical,critical,critical,False,True,True,False,False,False
officer,0,Tenant advises no water supply to the dwelling for 48 hours. Household includes an infant and an elderly resident. Location: Yirrkala.,critical,critical,critical,False,True,True,False,False,False
sms,0,"wata cut off since yesterday, got a baby here, my nan lives here, yirrkala",critical,low,high,True,True,False,True,True,False
kriol_inf,0,"nomo wota longa haus two day now, biginini en olgamen stap hia longa Yirrkala",critical,low,high,True,True,False,True,True,False
app_style,0,"no water at all for two days, got a baby here, my nan lives here, Beswick",critical,critical,critical,False,True,True,False,False,False
officer,0,Tenant advises no water supply to the dwelling for 48 hours. Household includes an infant and an elderly resident. Location: Beswick.,critical,critical,critical,False,True,True,False,False,False
sms,0,"no wata at all for two days, got a bub here, my nan lives here, beswick",critical,low,high,True,True,False,True,True,False
kriol_inf,0,"nomo wota longa haus two day now, biginini en olgamen stap hia longa Beswick",critical,low,high,True,True,False,True,True,False
app_style,0,"no water at all for two days, got a baby here, my nan lives here, Batchelor",critical,critical,critical,False,True,True,False,False,False
officer,0,Tenant advises no water supply to the dwelling for 48 hours. Household includes an infant and an elderly resident. Location: Batchelor.,critical,critical,critical,False,True,True,False,False,False
sms,0,"no wata at all for two days, got a bub here, my nan lives here, batchelor",critical,low,high,True,True,False,True,True,False
kriol_inf,0,"nomo wota longa haus two day now, biginini en olgamen stap hia longa Batchelor",critical,low,high,True,True,False,True,True,False
app_style,0,"nothing coming out of any tap, got a baby here, my nan lives here, Docker River",critical,critical,critical,False,True,True,False,False,False
officer,0,Tenant advises no water supply to the dwelling for 48 hours. Household includes an infant and an elderly resident. Location: Docker River.,critical,critical,critical,False,True,True,False,False,False
sms,0,"nothing comin out of any tap, got a bub here, my nan lives here, docker river",critical,medium,high,True,True,False,True,True,False
kriol_inf,0,"nomo wota longa haus two day now, biginini en olgamen stap hia longa Docker River",critical,low,high,True,True,False,True,True,False
app_style,0,"nothing coming out of any tap, got a baby here, my nan lives here, Elliott",critical,critical,critical,False,True,True,False,False,False
officer,0,Tenant advises no water supply to the dwelling for 48 hours. Household includes an infant and an elderly resident. Location: Elliott.,critical,critical,critical,False,True,True,False,False,False
sms,0,"nuthin comin out of any tap, got a bub here, my nan lives here, elliott",critical,medium,high,True,True,False,True,True,False
kriol_inf,0,"nomo wota longa haus two day now, biginini en olgamen stap hia longa Elliott",critical,low,high,True,True,False,True,True,False
app_style,0,"water cut off since yesterday, got a baby here, my nan lives here, Docker River",critical,critical,critical,False,True,True,False,False,False
officer,0,Tenant advises no water supply to the dwelling for 48 hours. Household includes an infant and an elderly resident. Location: Docker River.,critical,critical,critical,False,True,True,False,False,False
sms,0,"wata cut off since yesterday, got a bub here, my nan lives here, docker river",critical,low,high,True,True,False,True,True,False
kriol_inf,0,"nomo wota longa haus two day now, biginini en olgamen stap hia longa Docker River",critical,low,high,True,True,False,True,True,False
app_style,0,"no water at all for two days, got a baby here, my nan lives here, Ti Tree",critical,critical,critical,False,True,True,False,False,False
officer,0,Tenant advises no water supply to the dwelling for 48 hours. Household includes an infant and an elderly resident. Location: Ti Tree.,critical,critical,critical,False,True,True,False,False,False
sms,0,"no water at all for two days, got a bub here, my nan lives here, ti tree",critical,critical,critical,False,True,True,False,False,False
kriol_inf,0,"nomo wota longa haus two day now, biginini en olgamen stap hia longa Ti Tree",critical,low,high,True,True,False,True,True,False
app_style,0,"no water at all for two days, got a baby here, my nan lives here, Ngukurr",critical,critical,critical,False,True,True,False,False,False
officer,0,Tenant advises no water supply to the dwelling for 48 hours. Household includes an infant and an elderly resident. Location: Ngukurr.,critical,critical,critical,False,True,True,False,False,False
sms,0,"no water at all for two days, got a bub here, my nan lives here, ngukurr",critical,critical,critical,False,True,True,False,False,False
kriol_inf,0,"nomo wota longa haus two day now, biginini en olgamen stap hia longa Ngukurr",critical,low,high,True,True,False,True,True,False
app_style,0,"water cut off since yesterday, got a baby here, my nan lives here, Daguragu",critical,critical,critical,False,True,True,False,False,False
officer,0,Tenant advises no water supply to the dwelling for 48 hours. Household includes an infant and an elderly resident. Location: Daguragu.,critical,critical,critical,False,True,True,False,False,False
sms,0,"wata cut off since yesterday, got a baby here, my nan lives here, daguragu",critical,low,high,True,True,False,True,True,False
kriol_inf,0,"nomo wota longa haus two day now, biginini en olgamen stap hia longa Daguragu",critical,low,high,True,True,False,True,True,False
app_style,0,"no water at all for two days, got a baby here, my nan lives here, Beswick",critical,critical,critical,False,True,True,False,False,False
officer,0,Tenant advises no water supply to the dwelling for 48 hours. Household includes an infant and an elderly resident. Location: Beswick.,critical,critical,critical,False,True,True,False,False,False
sms,0,"no wata at all for two days, got a bub here, my nan lives here, beswick",critical,low,high,True,True,False,True,True,False
kriol_inf,0,"nomo wota longa haus two day now, biginini en olgamen stap hia longa Beswick",critical,low,high,True,True,False,True,True,False
app_style,0,"water cut off since yesterday, got a baby here, my nan lives here, Papunya",critical,critical,critical,False,True,True,False,False,False
officer,0,Tenant advises no water supply to the dwelling for 48 hours. Household includes an infant and an elderly resident. Location: Papunya.,critical,critical,critical,False,True,True,False,False,False
sms,0,"wata cut off since yesterday, got a bub here, my nan lives here, papunya",critical,low,high,True,True,False,True,True,False
kriol_inf,0,"nomo wota longa haus two day now, biginini en olgamen stap hia longa Papunya",critical,low,high,True,True,False,True,True,False
app_style,0,"no water at all for two days, got a baby here, my nan lives here, Batchelor",critical,critical,critical,False,True,True,False,False,False
officer,0,Tenant advises no water supply to the dwelling for 48 hours. Household includes an infant and an elderly resident. Location: Batchelor.,critical,critical,critical,False,True,True,False,False,False
sms,0,"no wata at all for two days, got a bub here, my nan lives here, batchelor",critical,low,high,True,True,False,True,True,False
kriol_inf,0,"nomo wota longa haus two day now, biginini en olgamen stap hia longa Batchelor",critical,low,high,True,True,False,True,True,False
app_style,0,"no water at all for two days, got a baby here, my nan lives here, Mataranka",critical,critical,critical,False,True,True,False,False,False
officer,0,Tenant advises no water supply to the dwelling for 48 hours. Household includes an infant and an elderly resident. Location: Mataranka.,critical,critical,critical,False,True,True,False,False,False
sms,0,"no water at all for two days, got a bub here, my nan lives here, mataranka",critical,critical,critical,False,True,True,False,False,False
kriol_inf,0,"nomo wota longa haus two day now, biginini en olgamen stap hia longa Mataranka",critical,low,high,True,True,False,True,True,False
app_style,0,"water cut off since yesterday, got a baby here, my nan lives here, Galiwin'ku",critical,critical,critical,False,True,True,False,False,False
officer,0,Tenant advises no water supply to the dwelling for 48 hours. Household includes an infant and an elderly resident. Location: Galiwin'ku.,critical,critical,critical,False,True,True,False,False,False
sms,0,"wata cut off since yesterday, got a bub here, my nan lives here, galiwinku",critical,low,high,True,True,False,True,True,False
kriol_inf,0,"nomo wota longa haus two day now, biginini en olgamen stap hia longa Galiwin'ku",critical,low,high,True,True,False,True,True,False
app_style,0,"nothing coming out of any tap, got a baby here, my nan lives here, Barunga",critical,critical,critical,False,True,True,False,False,False
officer,0,Tenant advises no water supply to the dwelling for 48 hours. Household includes an infant and an elderly resident. Location: Barunga.,critical,critical,critical,False,True,True,False,False,False
sms,0,"nuthin comin out of any tap, got a bub here, my nan lives here, barunga",critical,medium,high,True,True,False,True,True,False
kriol_inf,0,"nomo wota longa haus two day now, biginini en olgamen stap hia longa Barunga",critical,low,high,True,True,False,True,True,False
app_style,0,"no water at all for two days, got a baby here, my nan lives here, Timber Creek",critical,critical,critical,False,True,True,False,False,False
officer,0,Tenant advises no water supply to the dwelling for 48 hours. Household includes an infant and an elderly resident. Location: Timber Creek.,critical,critical,critical,False,True,True,False,False,False
sms,0,"no wata at all for two days, got a bub here, my nan lives here, timber creek",critical,low,high,True,True,False,True,True,False
kriol_inf,0,"nomo wota longa haus two day now, biginini en olgamen stap hia longa Timber Creek",critical,low,high,True,True,False,True,True,False
app_style,0,"water cut off since yesterday, got a baby here, my nan lives here, Palumpa",critical,critical,critical,False,True,True,False,False,False
officer,0,Tenant advises no water supply to the dwelling for 48 hours. Household includes an infant and an elderly resident. Location: Palumpa.,critical,critical,critical,False,True,True,False,False,False
sms,0,"wata cut off since yesterday, got a bub here, my nan lives here, palumpa",critical,low,high,True,True,False,True,True,False
kriol_inf,0,"nomo wota longa haus two day now, biginini en olgamen stap hia longa Palumpa",critical,low,high,True,True,False,True,True,False
app_style,0,"no water at all for two days, got a baby here, my nan lives here, Darwin",critical,critical,critical,False,True,True,False,False,False
officer,0,Tenant advises no water supply to the dwelling for 48 hours. Household includes an infant and an elderly resident. Location: Darwin.,critical,critical,critical,False,True,True,False,False,False
sms,0,"no water at all for two days, got a bub here, my nan lives here, darwin",critical,critical,critical,False,True,True,False,False,False
kriol_inf,0,"nomo wota longa haus two day now, biginini en olgamen stap hia longa Darwin",critical,low,high,True,True,False,True,True,False
app_style,0,"no water at all for two days, got a baby here, my nan lives here, Ngukurr",critical,critical,critical,False,True,True,False,False,False
officer,0,Tenant advises no water supply to the dwelling for 48 hours. Household includes an infant and an elderly resident. Location: Ngukurr.,critical,critical,critical,False,True,True,False,False,False
sms,0,"no water at all for two days, got a baby here, my nan lives here, ngukurr",critical,critical,critical,False,True,True,False,False,False
kriol_inf,0,"nomo wota longa haus two day now, biginini en olgamen stap hia longa Ngukurr",critical,low,high,True,True,False,True,True,False
app_style,0,"water cut off since yesterday, got a baby here, my nan lives here, Papunya",critical,critical,critical,False,True,True,False,False,False
officer,0,Tenant advises no water supply to the dwelling for 48 hours. Household includes an infant and an elderly resident. Location: Papunya.,critical,critical,critical,False,True,True,False,False,False
sms,0,"wata cut off since yesterday, got a bub here, my nan lives here, papunya",critical,low,high,True,True,False,True,True,False
kriol_inf,0,"nomo wota longa haus two day now, biginini en olgamen stap hia longa Papunya",critical,low,high,True,True,False,True,True,False
app_style,0,"no water at all for two days, got a baby here, my nan lives here, Galiwin'ku",critical,critical,critical,False,True,True,False,False,False
officer,0,Tenant advises no water supply to the dwelling for 48 hours. Household includes an infant and an elderly resident. Location: Galiwin'ku.,critical,critical,critical,False,True,True,False,False,False
sms,0,"no water at all for two days, got a bub here, my nan lives here, galiwinku",critical,critical,critical,False,True,True,False,False,False
kriol_inf,0,"nomo wota longa haus two day now, biginini en olgamen stap hia longa Galiwin'ku",critical,low,high,True,True,False,True,True,False
app_style,0,"no water at all for two days, got a baby here, my nan lives here, Alice Springs",critical,critical,critical,False,True,True,False,False,False
officer,0,Tenant advises no water supply to the dwelling for 48 hours. Household includes an infant and an elderly resident. Location: Alice Springs.,critical,critical,critical,False,True,True,False,False,False
sms,0,"no water at all for two days, got a bub here, my nan lives here, alice springs",critical,critical,critical,False,True,True,False,False,False
kriol_inf,0,"nomo wota longa haus two day now, biginini en olgamen stap hia longa Alice Springs",critical,low,high,True,True,False,True,True,False
app_style,0,"nothing coming out of any tap, got a baby here, my nan lives here, Lajamanu",critical,critical,critical,False,True,True,False,False,False
officer,0,Tenant advises no water supply to the dwelling for 48 hours. Household includes an infant and an elderly resident. Location: Lajamanu.,critical,critical,critical,False,True,True,False,False,False
sms,0,"nuthin comin out of any tap, got a bub here, my nan lives here, lajamanu",critical,medium,high,True,True,False,True,True,False
kriol_inf,0,"nomo wota longa haus two day now, biginini en olgamen stap hia longa Lajamanu",critical,low,high,True,True,False,True,True,False
app_style,0,"no water at all for two days, got a baby here, my nan lives here, Wurrumiyanga",critical,critical,critical,False,True,True,False,False,False
officer,0,Tenant advises no water supply to the dwelling for 48 hours. Household includes an infant and an elderly resident. Location: Wurrumiyanga.,critical,critical,critical,False,True,True,False,False,False
sms,0,"no water at all for two days, got a bub here, my nan lives here, wurrumiyanga",critical,critical,critical,False,True,True,False,False,False
kriol_inf,0,"nomo wota longa haus two day now, biginini en olgamen stap hia longa Wurrumiyanga",critical,low,high,True,True,False,True,True,False
app_style,0,"nothing coming out of any tap, got a baby here, my nan lives here, Milingimbi",critical,critical,critical,False,True,True,False,False,False
officer,0,Tenant advises no water supply to the dwelling for 48 hours. Household includes an infant and an elderly resident. Location: Milingimbi.,critical,critical,critical,False,True,True,False,False,False
sms,0,"nuthin coming out of any tap, got a bub here, my nan lives here, milingimbi",critical,medium,high,True,True,False,True,True,False
kriol_inf,0,"nomo wota longa haus two day now, biginini en olgamen stap hia longa Milingimbi",critical,low,high,True,True,False,True,True,False
app_style,1,"dripping tap in the kitchen, Wurrumiyanga",medium,medium,high,True,False,True,False,False,False
officer,1,Tenant reports an ongoing leak beneath the kitchen sink. Location: Wurrumiyanga.,medium,medium,high,True,False,True,False,False,False
sms,1,"dripping tap in the kitchen, wurrumiyanga",medium,medium,high,True,False,True,False,False,False
kriol_inf,1,tap bin lik long time andanith sink longa Wurrumiyanga,medium,medium,high,True,False,True,False,False,False
app_style,1,"tap leaking under the sink for weeks, Yirrkala",medium,medium,high,True,False,True,False,False,False
officer,1,Tenant reports an ongoing leak beneath the kitchen sink. Location: Yirrkala.,medium,medium,high,True,False,True,False,False,False
sms,1,"tap leakin under the sink for weeks, yirrkala",medium,medium,high,True,False,True,False,False,False
kriol_inf,1,tap bin lik long time andanith sink longa Yirrkala,medium,medium,high,True,False,True,False,False,False
app_style,1,"water pressure gone in the shower, Palumpa",medium,medium,high,True,False,True,False,False,False
officer,1,Tenant reports an ongoing leak beneath the kitchen sink. Location: Palumpa.,medium,medium,high,True,False,True,False,False,False
sms,1,"wata pressure gone in the shower, palumpa",medium,low,high,True,False,False,True,False,False
kriol_inf,1,tap bin lik long time andanith sink longa Palumpa,medium,medium,high,True,False,True,False,False,False
app_style,1,"dripping tap in the kitchen, Wurrumiyanga",medium,medium,high,True,False,True,False,False,False
officer,1,Tenant reports an ongoing leak beneath the kitchen sink. Location: Wurrumiyanga.,medium,medium,high,True,False,True,False,False,False
sms,1,"dripping tap in the kitchen, wurrumiyanga",medium,medium,high,True,False,True,False,False,False
kriol_inf,1,tap bin lik long time andanith sink longa Wurrumiyanga,medium,medium,high,True,False,True,False,False,False
app_style,1,"dripping tap in the kitchen, Katherine",medium,medium,high,True,False,True,False,False,False
officer,1,Tenant reports an ongoing leak beneath the kitchen sink. Location: Katherine.,medium,medium,high,True,False,True,False,False,False
sms,1,"dripping tap in the kitchen, katherine",medium,medium,high,True,False,True,False,False,False
kriol_inf,1,tap bin lik long time andanith sink longa Katherine,medium,medium,high,True,False,True,False,False,False
app_style,1,"water pressure gone in the shower, Minyerri",medium,medium,high,True,False,True,False,False,False
officer,1,Tenant reports an ongoing leak beneath the kitchen sink. Location: Minyerri.,medium,medium,high,True,False,True,False,False,False
sms,1,"wata pressure gone in the shower, minyerri",medium,low,high,True,False,False,True,False,False
kriol_inf,1,tap bin lik long time andanith sink longa Minyerri,medium,medium,high,True,False,True,False,False,False
app_style,1,"dripping tap in the kitchen, Alice Springs",medium,medium,high,True,False,True,False,False,False
officer,1,Tenant reports an ongoing leak beneath the kitchen sink. Location: Alice Springs.,medium,medium,high,True,False,True,False,False,False
sms,1,"dripping tap in the kitchen, alice springs",medium,medium,high,True,False,True,False,False,False
kriol_inf,1,tap bin lik long time andanith sink longa Alice Springs,medium,medium,high,True,False,True,False,False,False
app_style,1,"water pressure gone in the shower, Wadeye",medium,medium,high,True,False,True,False,False,False
officer,1,Tenant reports an ongoing leak beneath the kitchen sink. Location: Wadeye.,medium,medium,high,True,False,True,False,False,False
sms,1,"wata pressure gone in the shower, wadeye",medium,low,high,True,False,False,True,False,False
kriol_inf,1,tap bin lik long time andanith sink longa Wadeye,medium,medium,high,True,False,True,False,False,False
app_style,1,"dripping tap in the kitchen, Robinson River",medium,medium,high,True,False,True,False,False,False
officer,1,Tenant reports an ongoing leak beneath the kitchen sink. Location: Robinson River.,medium,medium,high,True,False,True,False,False,False
sms,1,"dripping tap in the kitchen, robinson river",medium,medium,high,True,False,True,False,False,False
kriol_inf,1,tap bin lik long time andanith sink longa Robinson River,medium,medium,high,True,False,True,False,False,False
app_style,1,"water pressure gone in the shower, Ngukurr",medium,medium,high,True,False,True,False,False,False
officer,1,Tenant reports an ongoing leak beneath the kitchen sink. Location: Ngukurr.,medium,medium,high,True,False,True,False,False,False
sms,1,"water pressure gone in the shower, ngukurr",medium,medium,high,True,False,True,False,False,False
kriol_inf,1,tap bin lik long time andanith sink longa Ngukurr,medium,medium,high,True,False,True,False,False,False
app_style,1,"tap leaking under the sink for weeks, Mutitjulu",medium,medium,high,True,False,True,False,False,False
officer,1,Tenant reports an ongoing leak beneath the kitchen sink. Location: Mutitjulu.,medium,medium,high,True,False,True,False,False,False
sms,1,"tap leaking under the sink for weeks, mutitjulu",medium,medium,high,True,False,True,False,False,False
kriol_inf,1,tap bin lik long time andanith sink longa Mutitjulu,medium,medium,high,True,False,True,False,False,False
app_style,1,"tap leaking under the sink for weeks, Maningrida",medium,medium,high,True,False,True,False,False,False
officer,1,Tenant reports an ongoing leak beneath the kitchen sink. Location: Maningrida.,medium,medium,high,True,False,True,False,False,False
sms,1,"tap leaking under the sink for weeks, maningrida",medium,medium,high,True,False,True,False,False,False
kriol_inf,1,tap bin lik long time andanith sink longa Maningrida,medium,medium,high,True,False,True,False,False,False
app_style,1,"water pressure gone in the shower, Ramingining",medium,medium,high,True,False,True,False,False,False
officer,1,Tenant reports an ongoing leak beneath the kitchen sink. Location: Ramingining.,medium,medium,high,True,False,True,False,False,False
sms,1,"wata pressure gone in the shower, ramingining",medium,low,high,True,False,False,True,False,False
kriol_inf,1,tap bin lik long time andanith sink longa Ramingining,medium,medium,high,True,False,True,False,False,False
app_style,1,"dripping tap in the kitchen, Umbakumba",medium,medium,high,True,False,True,False,False,False
officer,1,Tenant reports an ongoing leak beneath the kitchen sink. Location: Umbakumba.,medium,medium,high,True,False,True,False,False,False
sms,1,"dripping tap in the kitchen, umbakumba",medium,medium,high,True,False,True,False,False,False
kriol_inf,1,tap bin lik long time andanith sink longa Umbakumba,medium,medium,high,True,False,True,False,False,False
app_style,1,"water pressure gone in the shower, Umbakumba",medium,medium,high,True,False,True,False,False,False
officer,1,Tenant reports an ongoing leak beneath the kitchen sink. Location: Umbakumba.,medium,medium,high,True,False,True,False,False,False
sms,1,"wata pressure gone in the shower, umbakumba",medium,low,high,True,False,False,True,False,False
kriol_inf,1,tap bin lik long time andanith sink longa Umbakumba,medium,medium,high,True,False,True,False,False,False
app_style,1,"dripping tap in the kitchen, Angurugu",medium,medium,high,True,False,True,False,False,False
officer,1,Tenant reports an ongoing leak beneath the kitchen sink. Location: Angurugu.,medium,medium,high,True,False,True,False,False,False
sms,1,"dripping tap in the kitchen, angurugu",medium,medium,high,True,False,True,False,False,False
kriol_inf,1,tap bin lik long time andanith sink longa Angurugu,medium,medium,high,True,False,True,False,False,False
app_style,1,"water pressure gone in the shower, Ti Tree",medium,medium,high,True,False,True,False,False,False
officer,1,Tenant reports an ongoing leak beneath the kitchen sink. Location: Ti Tree.,medium,medium,high,True,False,True,False,False,False
sms,1,"wata pressure gone in the shower, ti tree",medium,low,high,True,False,False,True,False,False
kriol_inf,1,tap bin lik long time andanith sink longa Ti Tree,medium,medium,high,True,False,True,False,False,False
app_style,1,"water pressure gone in the shower, Tennant Creek",medium,medium,high,True,False,True,False,False,False
officer,1,Tenant reports an ongoing leak beneath the kitchen sink. Location: Tennant Creek.,medium,medium,high,True,False,True,False,False,False
sms,1,"wata pressure gone in the shower, tennant creek",medium,low,high,True,False,False,True,False,False
kriol_inf,1,tap bin lik long time andanith sink longa Tennant Creek,medium,medium,high,True,False,True,False,False,False
app_style,1,"tap leaking under the sink for weeks, Jabiru",medium,medium,high,True,False,True,False,False,False
officer,1,Tenant reports an ongoing leak beneath the kitchen sink. Location: Jabiru.,medium,medium,high,True,False,True,False,False,False
sms,1,"tap leakin under the sink for weeks, jabiru",medium,medium,high,True,False,True,False,False,False
kriol_inf,1,tap bin lik long time andanith sink longa Jabiru,medium,medium,high,True,False,True,False,False,False
app_style,1,"tap leaking under the sink for weeks, Batchelor",medium,medium,high,True,False,True,False,False,False
officer,1,Tenant reports an ongoing leak beneath the kitchen sink. Location: Batchelor.,medium,medium,high,True,False,True,False,False,False
sms,1,"tap leakin under the sink for weeks, batchelor",medium,medium,high,True,False,True,False,False,False
kriol_inf,1,tap bin lik long time andanith sink longa Batchelor,medium,medium,high,True,False,True,False,False,False
app_style,1,"water pressure gone in the shower, Maningrida",medium,medium,high,True,False,True,False,False,False
officer,1,Tenant reports an ongoing leak beneath the kitchen sink. Location: Maningrida.,medium,medium,high,True,False,True,False,False,False
sms,1,"wata pressure gone in the shower, maningrida",medium,low,high,True,False,False,True,False,False
kriol_inf,1,tap bin lik long time andanith sink longa Maningrida,medium,medium,high,True,False,True,False,False,False
app_style,1,"dripping tap in the kitchen, Mutitjulu",medium,medium,high,True,False,True,False,False,False
officer,1,Tenant reports an ongoing leak beneath the kitchen sink. Location: Mutitjulu.,medium,medium,high,True,False,True,False,False,False
sms,1,"dripping tap in the kitchen, mutitjulu",medium,medium,high,True,False,True,False,False,False
kriol_inf,1,tap bin lik long time andanith sink longa Mutitjulu,medium,medium,high,True,False,True,False,False,False
app_style,1,"tap leaking under the sink for weeks, Adelaide River",medium,medium,high,True,False,True,False,False,False
officer,1,Tenant reports an ongoing leak beneath the kitchen sink. Location: Adelaide River.,medium,medium,high,True,False,True,False,False,False
sms,1,"tap leaking under the sink for weeks, adelaide river",medium,medium,high,True,False,True,False,False,False
kriol_inf,1,tap bin lik long time andanith sink longa Adelaide River,medium,medium,high,True,False,True,False,False,False
app_style,1,"dripping tap in the kitchen, Mataranka",medium,medium,high,True,False,True,False,False,False
officer,1,Tenant reports an ongoing leak beneath the kitchen sink. Location: Mataranka.,medium,medium,high,True,False,True,False,False,False
sms,1,"dripping tap in the kitchen, mataranka",medium,medium,high,True,False,True,False,False,False
kriol_inf,1,tap bin lik long time andanith sink longa Mataranka,medium,medium,high,True,False,True,False,False,False
app_style,1,"water pressure gone in the shower, Jabiru",medium,medium,high,True,False,True,False,False,False
officer,1,Tenant reports an ongoing leak beneath the kitchen sink. Location: Jabiru.,medium,medium,high,True,False,True,False,False,False
sms,1,"wata pressure gone in the shower, jabiru",medium,low,high,True,False,False,True,False,False
kriol_inf,1,tap bin lik long time andanith sink longa Jabiru,medium,medium,high,True,False,True,False,False,False
app_style,1,"dripping tap in the kitchen, Daguragu",medium,medium,high,True,False,True,False,False,False
officer,1,Tenant reports an ongoing leak beneath the kitchen sink. Location: Daguragu.,medium,medium,high,True,False,True,False,False,False
sms,1,"dripping tap in the kitchen, daguragu",medium,medium,high,True,False,True,False,False,False
kriol_inf,1,tap bin lik long time andanith sink longa Daguragu,medium,medium,high,True,False,True,False,False,False
app_style,1,"water pressure gone in the shower, Robinson River",medium,medium,high,True,False,True,False,False,False
officer,1,Tenant reports an ongoing leak beneath the kitchen sink. Location: Robinson River.,medium,medium,high,True,False,True,False,False,False
sms,1,"water pressure gone in the shower, robinson river",medium,medium,high,True,False,True,False,False,False
kriol_inf,1,tap bin lik long time andanith sink longa Robinson River,medium,medium,high,True,False,True,False,False,False
app_style,1,"dripping tap in the kitchen, Galiwin'ku",medium,medium,high,True,False,True,False,False,False
officer,1,Tenant reports an ongoing leak beneath the kitchen sink. Location: Galiwin'ku.,medium,medium,high,True,False,True,False,False,False
sms,1,"dripping tap in the kitchen, galiwinku",medium,medium,high,True,False,True,False,False,False
kriol_inf,1,tap bin lik long time andanith sink longa Galiwin'ku,medium,medium,high,True,False,True,False,False,False
app_style,1,"dripping tap in the kitchen, Alyangula",medium,medium,high,True,False,True,False,False,False
officer,1,Tenant reports an ongoing leak beneath the kitchen sink. Location: Alyangula.,medium,medium,high,True,False,True,False,False,False
sms,1,"dripping tap in the kitchen, alyangula",medium,medium,high,True,False,True,False,False,False
kriol_inf,1,tap bin lik long time andanith sink longa Alyangula,medium,medium,high,True,False,True,False,False,False
app_style,1,"water pressure gone in the shower, Daguragu",medium,medium,high,True,False,True,False,False,False
officer,1,Tenant reports an ongoing leak beneath the kitchen sink. Location: Daguragu.,medium,medium,high,True,False,True,False,False,False
sms,1,"wata pressure gone in the shower, daguragu",medium,low,high,True,False,False,True,False,False
kriol_inf,1,tap bin lik long time andanith sink longa Daguragu,medium,medium,high,True,False,True,False,False,False
app_style,2,"hot water system stopped, Wurrumiyanga",medium,medium,high,True,False,True,False,False,False
officer,2,Hot water system not operating; tenant has had cold water only for one week. Location: Wurrumiyanga.,medium,medium,high,True,False,True,False,False,False
sms,2,"hot wata system stopped, wurrumiyanga",medium,low,high,True,False,False,True,False,False
kriol_inf,2,"hot wota nomo werk, onli kol showa one wik longa Wurrumiyanga",medium,low,high,True,False,False,True,False,False
app_style,2,"only cold showers for a week, Daly Waters",medium,medium,medium,False,False,True,False,False,False
officer,2,Hot water system not operating; tenant has had cold water only for one week. Location: Daly Waters.,medium,medium,high,True,False,True,False,False,False
sms,2,"only cold showers for a week, daly waters",medium,medium,medium,False,False,True,False,False,False
kriol_inf,2,"hot wota nomo werk, onli kol showa one wik longa Daly Waters",medium,low,high,True,False,False,True,False,False
app_style,2,"only cold showers for a week, Pine Creek",medium,medium,medium,False,False,True,False,False,False
officer,2,Hot water system not operating; tenant has had cold water only for one week. Location: Pine Creek.,medium,medium,high,True,False,True,False,False,False
sms,2,"only cold showers for a week, pine creek",medium,medium,medium,False,False,True,False,False,False
kriol_inf,2,"hot wota nomo werk, onli kol showa one wik longa Pine Creek",medium,low,high,True,False,False,True,False,False
app_style,2,"hot water system stopped, Ngukurr",medium,medium,high,True,False,True,False,False,False
officer,2,Hot water system not operating; tenant has had cold water only for one week. Location: Ngukurr.,medium,medium,high,True,False,True,False,False,False
sms,2,"hot wata system stopped, ngukurr",medium,low,high,True,False,False,True,False,False
kriol_inf,2,"hot wota nomo werk, onli kol showa one wik longa Ngukurr",medium,low,high,True,False,False,True,False,False
app_style,2,"hot water system stopped, Gapuwiyak",medium,medium,high,True,False,True,False,False,False
officer,2,Hot water system not operating; tenant has had cold water only for one week. Location: Gapuwiyak.,medium,medium,high,True,False,True,False,False,False
sms,2,"hot wata system stopped, gapuwiyak",medium,low,high,True,False,False,True,False,False
kriol_inf,2,"hot wota nomo werk, onli kol showa one wik longa Gapuwiyak",medium,low,high,True,False,False,True,False,False
app_style,2,"hot water system stopped, Maningrida",medium,medium,high,True,False,True,False,False,False
officer,2,Hot water system not operating; tenant has had cold water only for one week. Location: Maningrida.,medium,medium,high,True,False,True,False,False,False
sms,2,"hot wata system stopped, maningrida",medium,low,high,True,False,False,True,False,False
kriol_inf,2,"hot wota nomo werk, onli kol showa one wik longa Maningrida",medium,low,high,True,False,False,True,False,False
app_style,2,"hot water system stopped, Kalkarindji",medium,medium,high,True,False,True,False,False,False
officer,2,Hot water system not operating; tenant has had cold water only for one week. Location: Kalkarindji.,medium,medium,high,True,False,True,False,False,False
sms,2,"hot wata system stopped, kalkarindji",medium,low,high,True,False,False,True,False,False
kriol_inf,2,"hot wota nomo werk, onli kol showa one wik longa Kalkarindji",medium,low,high,True,False,False,True,False,False
app_style,2,"only cold showers for a week, Papunya",medium,medium,medium,False,False,True,False,False,False
officer,2,Hot water system not operating; tenant has had cold water only for one week. Location: Papunya.,medium,medium,high,True,False,True,False,False,False
sms,2,"only cold showers for a week, papunya",medium,medium,medium,False,False,True,False,False,False
kriol_inf,2,"hot wota nomo werk, onli kol showa one wik longa Papunya",medium,low,high,True,False,False,True,False,False
app_style,2,"no hot water since tuesday, Ramingining",medium,medium,medium,False,False,True,False,False,False
officer,2,Hot water system not operating; tenant has had cold water only for one week. Location: Ramingining.,medium,medium,high,True,False,True,False,False,False
sms,2,"no hot wata since tuesday, ramingining",medium,low,high,True,False,False,True,False,False
kriol_inf,2,"hot wota nomo werk, onli kol showa one wik longa Ramingining",medium,low,high,True,False,False,True,False,False
app_style,2,"no hot water since tuesday, Beswick",medium,medium,medium,False,False,True,False,False,False
officer,2,Hot water system not operating; tenant has had cold water only for one week. Location: Beswick.,medium,medium,high,True,False,True,False,False,False
sms,2,"no hot water since tuesday, beswick",medium,medium,medium,False,False,True,False,False,False
kriol_inf,2,"hot wota nomo werk, onli kol showa one wik longa Beswick",medium,low,high,True,False,False,True,False,False
app_style,2,"hot water system stopped, Alyangula",medium,medium,high,True,False,True,False,False,False
officer,2,Hot water system not operating; tenant has had cold water only for one week. Location: Alyangula.,medium,medium,high,True,False,True,False,False,False
sms,2,"hot wata system stopped, alyangula",medium,low,high,True,False,False,True,False,False
kriol_inf,2,"hot wota nomo werk, onli kol showa one wik longa Alyangula",medium,low,high,True,False,False,True,False,False
app_style,2,"only cold showers for a week, Ramingining",medium,medium,medium,False,False,True,False,False,False
officer,2,Hot water system not operating; tenant has had cold water only for one week. Location: Ramingining.,medium,medium,high,True,False,True,False,False,False
sms,2,"only cold showers for a week, ramingining",medium,medium,medium,False,False,True,False,False,False
kriol_inf,2,"hot wota nomo werk, onli kol showa one wik longa Ramingining",medium,low,high,True,False,False,True,False,False
app_style,2,"only cold showers for a week, Robinson River",medium,medium,medium,False,False,True,False,False,False
officer,2,Hot water system not operating; tenant has had cold water only for one week. Location: Robinson River.,medium,medium,high,True,False,True,False,False,False
sms,2,"only cold showers for a week, robinson river",medium,medium,medium,False,False,True,False,False,False
kriol_inf,2,"hot wota nomo werk, onli kol showa one wik longa Robinson River",medium,low,high,True,False,False,True,False,False
app_style,2,"only cold showers for a week, Humpty Doo",medium,medium,medium,False,False,True,False,False,False
officer,2,Hot water system not operating; tenant has had cold water only for one week. Location: Humpty Doo.,medium,medium,high,True,False,True,False,False,False
sms,2,"only cold showers for a week, humpty doo",medium,medium,medium,False,False,True,False,False,False
kriol_inf,2,"hot wota nomo werk, onli kol showa one wik longa Humpty Doo",medium,low,high,True,False,False,True,False,False
app_style,2,"only cold showers for a week, Barunga",medium,medium,medium,False,False,True,False,False,False
officer,2,Hot water system not operating; tenant has had cold water only for one week. Location: Barunga.,medium,medium,high,True,False,True,False,False,False
sms,2,"only cold showers for a week, barunga",medium,medium,medium,False,False,True,False,False,False
kriol_inf,2,"hot wota nomo werk, onli kol showa one wik longa Barunga",medium,low,high,True,False,False,True,False,False
app_style,2,"no hot water since tuesday, Peppimenarti",medium,medium,medium,False,False,True,False,False,False
officer,2,Hot water system not operating; tenant has had cold water only for one week. Location: Peppimenarti.,medium,medium,high,True,False,True,False,False,False
sms,2,"no hot water since tuesday, peppimenarti",medium,medium,medium,False,False,True,False,False,False
kriol_inf,2,"hot wota nomo werk, onli kol showa one wik longa Peppimenarti",medium,low,high,True,False,False,True,False,False
app_style,2,"only cold showers for a week, Milingimbi",medium,medium,medium,False,False,True,False,False,False
officer,2,Hot water system not operating; tenant has had cold water only for one week. Location: Milingimbi.,medium,medium,high,True,False,True,False,False,False
sms,2,"only cold showers for a week, milingimbi",medium,medium,medium,False,False,True,False,False,False
kriol_inf,2,"hot wota nomo werk, onli kol showa one wik longa Milingimbi",medium,low,high,True,False,False,True,False,False
app_style,2,"only cold showers for a week, Daly Waters",medium,medium,medium,False,False,True,False,False,False
officer,2,Hot water system not operating; tenant has had cold water only for one week. Location: Daly Waters.,medium,medium,high,True,False,True,False,False,False
sms,2,"only cold showers for a week, daly waters",medium,medium,medium,False,False,True,False,False,False
kriol_inf,2,"hot wota nomo werk, onli kol showa one wik longa Daly Waters",medium,low,high,True,False,False,True,False,False
app_style,2,"only cold showers for a week, Palumpa",medium,medium,medium,False,False,True,False,False,False
officer,2,Hot water system not operating; tenant has had cold water only for one week. Location: Palumpa.,medium,medium,high,True,False,True,False,False,False
sms,2,"only cold showers for a week, palumpa",medium,medium,medium,False,False,True,False,False,False
kriol_inf,2,"hot wota nomo werk, onli kol showa one wik longa Palumpa",medium,low,high,True,False,False,True,False,False
app_style,2,"no hot water since tuesday, Tennant Creek",medium,medium,medium,False,False,True,False,False,False
officer,2,Hot water system not operating; tenant has had cold water only for one week. Location: Tennant Creek.,medium,medium,high,True,False,True,False,False,False
sms,2,"no hot wata since tuesday, tennant creek",medium,low,high,True,False,False,True,False,False
kriol_inf,2,"hot wota nomo werk, onli kol showa one wik longa Tennant Creek",medium,low,high,True,False,False,True,False,False
app_style,2,"only cold showers for a week, Milikapiti",medium,medium,medium,False,False,True,False,False,False
officer,2,Hot water system not operating; tenant has had cold water only for one week. Location: Milikapiti.,medium,medium,high,True,False,True,False,False,False
sms,2,"only cold showers for a week, milikapiti",medium,medium,medium,False,False,True,False,False,False
kriol_inf,2,"hot wota nomo werk, onli kol showa one wik longa Milikapiti",medium,low,high,True,False,False,True,False,False
app_style,2,"hot water system stopped, Darwin",medium,medium,high,True,False,True,False,False,False
officer,2,Hot water system not operating; tenant has had cold water only for one week. Location: Darwin.,medium,medium,high,True,False,True,False,False,False
sms,2,"hot water system stopped, darwin",medium,medium,high,True,False,True,False,False,False
kriol_inf,2,"hot wota nomo werk, onli kol showa one wik longa Darwin",medium,low,high,True,False,False,True,False,False
app_style,2,"hot water system stopped, Numbulwar",medium,medium,high,True,False,True,False,False,False
officer,2,Hot water system not operating; tenant has had cold water only for one week. Location: Numbulwar.,medium,medium,high,True,False,True,False,False,False
sms,2,"hot wata system stopped, numbulwar",medium,low,high,True,False,False,True,False,False
kriol_inf,2,"hot wota nomo werk, onli kol showa one wik longa Numbulwar",medium,low,high,True,False,False,True,False,False
app_style,2,"hot water system stopped, Kalkarindji",medium,medium,high,True,False,True,False,False,False
officer,2,Hot water system not operating; tenant has had cold water only for one week. Location: Kalkarindji.,medium,medium,high,True,False,True,False,False,False
sms,2,"hot water system stopped, kalkarindji",medium,medium,high,True,False,True,False,False,False
kriol_inf,2,"hot wota nomo werk, onli kol showa one wik longa Kalkarindji",medium,low,high,True,False,False,True,False,False
app_style,2,"hot water system stopped, Ramingining",medium,medium,high,True,False,True,False,False,False
officer,2,Hot water system not operating; tenant has had cold water only for one week. Location: Ramingining.,medium,medium,high,True,False,True,False,False,False
sms,2,"hot wata system stopped, ramingining",medium,low,high,True,False,False,True,False,False
kriol_inf,2,"hot wota nomo werk, onli kol showa one wik longa Ramingining",medium,low,high,True,False,False,True,False,False
app_style,2,"hot water system stopped, Alyangula",medium,medium,high,True,False,True,False,False,False
officer,2,Hot water system not operating; tenant has had cold water only for one week. Location: Alyangula.,medium,medium,high,True,False,True,False,False,False
sms,2,"hot wata system stopped, alyangula",medium,low,high,True,False,False,True,False,False
kriol_inf,2,"hot wota nomo werk, onli kol showa one wik longa Alyangula",medium,low,high,True,False,False,True,False,False
app_style,2,"no hot water since tuesday, Humpty Doo",medium,medium,medium,False,False,True,False,False,False
officer,2,Hot water system not operating; tenant has had cold water only for one week. Location: Humpty Doo.,medium,medium,high,True,False,True,False,False,False
sms,2,"no hot wata since tuesday, humpty doo",medium,low,high,True,False,False,True,False,False
kriol_inf,2,"hot wota nomo werk, onli kol showa one wik longa Humpty Doo",medium,low,high,True,False,False,True,False,False
app_style,2,"no hot water since tuesday, Elliott",medium,medium,medium,False,False,True,False,False,False
officer,2,Hot water system not operating; tenant has had cold water only for one week. Location: Elliott.,medium,medium,high,True,False,True,False,False,False
sms,2,"no hot wata since tuesday, elliott",medium,low,high,True,False,False,True,False,False
kriol_inf,2,"hot wota nomo werk, onli kol showa one wik longa Elliott",medium,low,high,True,False,False,True,False,False
app_style,2,"no hot water since tuesday, Daguragu",medium,medium,medium,False,False,True,False,False,False
officer,2,Hot water system not operating; tenant has had cold water only for one week. Location: Daguragu.,medium,medium,high,True,False,True,False,False,False
sms,2,"no hot wata since tuesday, daguragu",medium,low,high,True,False,False,True,False,False
kriol_inf,2,"hot wota nomo werk, onli kol showa one wik longa Daguragu",medium,low,high,True,False,False,True,False,False
app_style,2,"no hot water since tuesday, Daly Waters",medium,medium,medium,False,False,True,False,False,False
officer,2,Hot water system not operating; tenant has had cold water only for one week. Location: Daly Waters.,medium,medium,high,True,False,True,False,False,False
sms,2,"no hot wata since tuesday, daly waters",medium,low,high,True,False,False,True,False,False
kriol_inf,2,"hot wota nomo werk, onli kol showa one wik longa Daly Waters",medium,low,high,True,False,False,True,False,False
app_style,3,"sewage overflowing outside the back door, Batchelor",critical,critical,critical,False,True,True,False,False,False
officer,3,Sewer overflow reported at the rear of the property. Location: Batchelor.,critical,critical,critical,False,True,True,False,False,False
sms,3,"sewrage overflowin outside the back door, batchelor",critical,critical,critical,False,True,True,False,False,False
kriol_inf,3,"sewage im kamap longa yad, big smel longa Batchelor",critical,critical,critical,False,True,True,False,False,False
app_style,3,"sewage overflowing outside the back door, Barunga",critical,critical,critical,False,True,True,False,False,False
officer,3,Sewer overflow reported at the rear of the property. Location: Barunga.,critical,critical,critical,False,True,True,False,False,False
sms,3,"sewage overflowin outside the back door, barunga",critical,critical,critical,False,True,True,False,False,False
kriol_inf,3,"sewage im kamap longa yad, big smel longa Barunga",critical,critical,critical,False,True,True,False,False,False
app_style,3,"smells like poo near the bathroom, Warruwi",critical,critical,critical,False,True,True,False,False,False
officer,3,Sewer overflow reported at the rear of the property. Location: Warruwi.,critical,critical,critical,False,True,True,False,False,False
sms,3,"smels like poo near the bathroom, warruwi",critical,low,high,True,True,False,True,True,False
kriol_inf,3,"sewage im kamap longa yad, big smel longa Warruwi",critical,critical,critical,False,True,True,False,False,False
app_style,3,"sewerage backing up in the yard, Mataranka",critical,critical,critical,False,True,True,False,False,False
officer,3,Sewer overflow reported at the rear of the property. Location: Mataranka.,critical,critical,critical,False,True,True,False,False,False
sms,3,"sewrage backing up in the yard, mataranka",critical,critical,critical,False,True,True,False,False,False
kriol_inf,3,"sewage im kamap longa yad, big smel longa Mataranka",critical,critical,critical,False,True,True,False,False,False
app_style,3,"sewerage backing up in the yard, Milingimbi",critical,critical,critical,False,True,True,False,False,False
officer,3,Sewer overflow reported at the rear of the property. Location: Milingimbi.,critical,critical,critical,False,True,True,False,False,False
sms,3,"sewrage backing up in the yard, milingimbi",critical,critical,critical,False,True,True,False,False,False
kriol_inf,3,"sewage im kamap longa yad, big smel longa Milingimbi",critical,critical,critical,False,True,True,False,False,False
app_style,3,"smells like poo near the bathroom, Daly Waters",critical,critical,critical,False,True,True,False,False,False
officer,3,Sewer overflow reported at the rear of the property. Location: Daly Waters.,critical,critical,critical,False,True,True,False,False,False
sms,3,"smells like poo near the bathroom, daly waters",critical,critical,critical,False,True,True,False,False,False
kriol_inf,3,"sewage im kamap longa yad, big smel longa Daly Waters",critical,critical,critical,False,True,True,False,False,False
app_style,3,"smells like poo near the bathroom, Robinson River",critical,critical,critical,False,True,True,False,False,False
officer,3,Sewer overflow reported at the rear of the property. Location: Robinson River.,critical,critical,critical,False,True,True,False,False,False
sms,3,"smels like poo near the bathroom, robinson river",critical,low,high,True,True,False,True,True,False
kriol_inf,3,"sewage im kamap longa yad, big smel longa Robinson River",critical,critical,critical,False,True,True,False,False,False
app_style,3,"sewerage backing up in the yard, Galiwin'ku",critical,critical,critical,False,True,True,False,False,False
officer,3,Sewer overflow reported at the rear of the property. Location: Galiwin'ku.,critical,critical,critical,False,True,True,False,False,False
sms,3,"sewrage backing up in the yard, galiwinku",critical,critical,critical,False,True,True,False,False,False
kriol_inf,3,"sewage im kamap longa yad, big smel longa Galiwin'ku",critical,critical,critical,False,True,True,False,False,False
app_style,3,"sewage overflowing outside the back door, Pine Creek",critical,critical,critical,False,True,True,False,False,False
officer,3,Sewer overflow reported at the rear of the property. Location: Pine Creek.,critical,critical,critical,False,True,True,False,False,False
sms,3,"sewrage overflowing outside the back door, pine creek",critical,critical,critical,False,True,True,False,False,False
kriol_inf,3,"sewage im kamap longa yad, big smel longa Pine Creek",critical,critical,critical,False,True,True,False,False,False
app_style,3,"sewage overflowing outside the back door, Maningrida",critical,critical,critical,False,True,True,False,False,False
officer,3,Sewer overflow reported at the rear of the property. Location: Maningrida.,critical,critical,critical,False,True,True,False,False,False
sms,3,"sewage overflowing outside the back door, maningrida",critical,critical,critical,False,True,True,False,False,False
kriol_inf,3,"sewage im kamap longa yad, big smel longa Maningrida",critical,critical,critical,False,True,True,False,False,False
app_style,3,"sewage overflowing outside the back door, Maningrida",critical,critical,critical,False,True,True,False,False,False
officer,3,Sewer overflow reported at the rear of the property. Location: Maningrida.,critical,critical,critical,False,True,True,False,False,False
sms,3,"sewage overflowing outside the back door, maningrida",critical,critical,critical,False,True,True,False,False,False
kriol_inf,3,"sewage im kamap longa yad, big smel longa Maningrida",critical,critical,critical,False,True,True,False,False,False
app_style,3,"sewage overflowing outside the back door, Ti Tree",critical,critical,critical,False,True,True,False,False,False
officer,3,Sewer overflow reported at the rear of the property. Location: Ti Tree.,critical,critical,critical,False,True,True,False,False,False
sms,3,"sewrage overflowin outside the back door, ti tree",critical,critical,critical,False,True,True,False,False,False
kriol_inf,3,"sewage im kamap longa yad, big smel longa Ti Tree",critical,critical,critical,False,True,True,False,False,False
app_style,3,"sewerage backing up in the yard, Elliott",critical,critical,critical,False,True,True,False,False,False
officer,3,Sewer overflow reported at the rear of the property. Location: Elliott.,critical,critical,critical,False,True,True,False,False,False
sms,3,"sewrage backing up in the yard, elliott",critical,critical,critical,False,True,True,False,False,False
kriol_inf,3,"sewage im kamap longa yad, big smel longa Elliott",critical,critical,critical,False,True,True,False,False,False
app_style,3,"sewerage backing up in the yard, Barunga",critical,critical,critical,False,True,True,False,False,False
officer,3,Sewer overflow reported at the rear of the property. Location: Barunga.,critical,critical,critical,False,True,True,False,False,False
sms,3,"sewrage backing up in the yard, barunga",critical,critical,critical,False,True,True,False,False,False
kriol_inf,3,"sewage im kamap longa yad, big smel longa Barunga",critical,critical,critical,False,True,True,False,False,False
app_style,3,"smells like poo near the bathroom, Robinson River",critical,critical,critical,False,True,True,False,False,False
officer,3,Sewer overflow reported at the rear of the property. Location: Robinson River.,critical,critical,critical,False,True,True,False,False,False
sms,3,"smells like poo near the bathroom, robinson river",critical,critical,critical,False,True,True,False,False,False
kriol_inf,3,"sewage im kamap longa yad, big smel longa Robinson River",critical,critical,critical,False,True,True,False,False,False
app_style,3,"sewage overflowing outside the back door, Timber Creek",critical,critical,critical,False,True,True,False,False,False
officer,3,Sewer overflow reported at the rear of the property. Location: Timber Creek.,critical,critical,critical,False,True,True,False,False,False
sms,3,"sewage overflowing outside the back door, timber creek",critical,critical,critical,False,True,True,False,False,False
kriol_inf,3,"sewage im kamap longa yad, big smel longa Timber Creek",critical,critical,critical,False,True,True,False,False,False
app_style,3,"smells like poo near the bathroom, Beswick",critical,critical,critical,False,True,True,False,False,False
officer,3,Sewer overflow reported at the rear of the property. Location: Beswick.,critical,critical,critical,False,True,True,False,False,False
sms,3,"smels like poo near the bathroom, beswick",critical,low,high,True,True,False,True,True,False
kriol_inf,3,"sewage im kamap longa yad, big smel longa Beswick",critical,critical,critical,False,True,True,False,False,False
app_style,3,"sewage overflowing outside the back door, Yuendumu",critical,critical,critical,False,True,True,False,False,False
officer,3,Sewer overflow reported at the rear of the property. Location: Yuendumu.,critical,critical,critical,False,True,True,False,False,False
sms,3,"sewrage overflowin outside the back door, yuendumu",critical,critical,critical,False,True,True,False,False,False
kriol_inf,3,"sewage im kamap longa yad, big smel longa Yuendumu",critical,critical,critical,False,True,True,False,False,False
app_style,3,"sewerage backing up in the yard, Pine Creek",critical,critical,critical,False,True,True,False,False,False
officer,3,Sewer overflow reported at the rear of the property. Location: Pine Creek.,critical,critical,critical,False,True,True,False,False,False
sms,3,"sewerage backing up in the yard, pine creek",critical,critical,critical,False,True,True,False,False,False
kriol_inf,3,"sewage im kamap longa yad, big smel longa Pine Creek",critical,critical,critical,False,True,True,False,False,False
app_style,3,"sewerage backing up in the yard, Numbulwar",critical,critical,critical,False,True,True,False,False,False
officer,3,Sewer overflow reported at the rear of the property. Location: Numbulwar.,critical,critical,critical,False,True,True,False,False,False
sms,3,"sewrage backing up in the yard, numbulwar",critical,critical,critical,False,True,True,False,False,False
kriol_inf,3,"sewage im kamap longa yad, big smel longa Numbulwar",critical,critical,critical,False,True,True,False,False,False
app_style,3,"sewerage backing up in the yard, Numbulwar",critical,critical,critical,False,True,True,False,False,False
officer,3,Sewer overflow reported at the rear of the property. Location: Numbulwar.,critical,critical,critical,False,True,True,False,False,False
sms,3,"sewrage backing up in the yard, numbulwar",critical,critical,critical,False,True,True,False,False,False
kriol_inf,3,"sewage im kamap longa yad, big smel longa Numbulwar",critical,critical,critical,False,True,True,False,False,False
app_style,3,"sewage overflowing outside the back door, Lajamanu",critical,critical,critical,False,True,True,False,False,False
officer,3,Sewer overflow reported at the rear of the property. Location: Lajamanu.,critical,critical,critical,False,True,True,False,False,False
sms,3,"sewrage overflowin outside the back door, lajamanu",critical,critical,critical,False,True,True,False,False,False
kriol_inf,3,"sewage im kamap longa yad, big smel longa Lajamanu",critical,critical,critical,False,True,True,False,False,False
app_style,3,"sewerage backing up in the yard, Jabiru",critical,critical,critical,False,True,True,False,False,False
officer,3,Sewer overflow reported at the rear of the property. Location: Jabiru.,critical,critical,critical,False,True,True,False,False,False
sms,3,"sewerage backing up in the yard, jabiru",critical,critical,critical,False,True,True,False,False,False
kriol_inf,3,"sewage im kamap longa yad, big smel longa Jabiru",critical,critical,critical,False,True,True,False,False,False
app_style,3,"sewerage backing up in the yard, Ngukurr",critical,critical,critical,False,True,True,False,False,False
officer,3,Sewer overflow reported at the rear of the property. Location: Ngukurr.,critical,critical,critical,False,True,True,False,False,False
sms,3,"sewrage backing up in the yard, ngukurr",critical,critical,critical,False,True,True,False,False,False
kriol_inf,3,"sewage im kamap longa yad, big smel longa Ngukurr",critical,critical,critical,False,True,True,False,False,False
app_style,3,"sewerage backing up in the yard, Minjilang",critical,critical,critical,False,True,True,False,False,False
officer,3,Sewer overflow reported at the rear of the property. Location: Minjilang.,critical,critical,critical,False,True,True,False,False,False
sms,3,"sewrage backing up in the yard, minjilang",critical,critical,critical,False,True,True,False,False,False
kriol_inf,3,"sewage im kamap longa yad, big smel longa Minjilang",critical,critical,critical,False,True,True,False,False,False
app_style,3,"sewage overflowing outside the back door, Wurrumiyanga",critical,critical,critical,False,True,True,False,False,False
officer,3,Sewer overflow reported at the rear of the property. Location: Wurrumiyanga.,critical,critical,critical,False,True,True,False,False,False
sms,3,"sewrage overflowin outside the back door, wurrumiyanga",critical,critical,critical,False,True,True,False,False,False
kriol_inf,3,"sewage im kamap longa yad, big smel longa Wurrumiyanga",critical,critical,critical,False,True,True,False,False,False
app_style,3,"sewage overflowing outside the back door, Lajamanu",critical,critical,critical,False,True,True,False,False,False
officer,3,Sewer overflow reported at the rear of the property. Location: Lajamanu.,critical,critical,critical,False,True,True,False,False,False
sms,3,"sewage overflowin outside the back door, lajamanu",critical,critical,critical,False,True,True,False,False,False
kriol_inf,3,"sewage im kamap longa yad, big smel longa Lajamanu",critical,critical,critical,False,True,True,False,False,False
app_style,3,"sewage overflowing outside the back door, Numbulwar",critical,critical,critical,False,True,True,False,False,False
officer,3,Sewer overflow reported at the rear of the property. Location: Numbulwar.,critical,critical,critical,False,True,True,False,False,False
sms,3,"sewrage overflowing outside the back door, numbulwar",critical,critical,critical,False,True,True,False,False,False
kriol_inf,3,"sewage im kamap longa yad, big smel longa Numbulwar",critical,critical,critical,False,True,True,False,False,False
app_style,3,"sewage overflowing outside the back door, Robinson River",critical,critical,critical,False,True,True,False,False,False
officer,3,Sewer overflow reported at the rear of the property. Location: Robinson River.,critical,critical,critical,False,True,True,False,False,False
sms,3,"sewrage overflowin outside the back door, robinson river",critical,critical,critical,False,True,True,False,False,False
kriol_inf,3,"sewage im kamap longa yad, big smel longa Robinson River",critical,critical,critical,False,True,True,False,False,False
app_style,3,"sewage overflowing outside the back door, Warruwi",critical,critical,critical,False,True,True,False,False,False
officer,3,Sewer overflow reported at the rear of the property. Location: Warruwi.,critical,critical,critical,False,True,True,False,False,False
sms,3,"sewage overflowin outside the back door, warruwi",critical,critical,critical,False,True,True,False,False,False
kriol_inf,3,"sewage im kamap longa yad, big smel longa Warruwi",critical,critical,critical,False,True,True,False,False,False
app_style,4,"sparks coming out of the powerpoint, Umbakumba",critical,critical,critical,False,True,True,False,False,False
officer,4,Tenant reports arcing from a general power outlet and a burning odour at the switchboard. Location: Umbakumba.,critical,critical,critical,False,True,True,False,False,False
sms,4,"sparks comin out of the pwr point, umbakumba",critical,critical,critical,False,True,True,False,False,False
kriol_inf,4,"pawa point im sparkin, smok kamat longa Umbakumba",critical,low,high,True,True,False,True,True,False
app_style,4,"wire hanging out of the wall, Darwin",critical,critical,critical,False,True,True,False,False,False
officer,4,Tenant reports arcing from a general power outlet and a burning odour at the switchboard. Location: Darwin.,critical,critical,critical,False,True,True,False,False,False
sms,4,"wire hanging out of the wall, darwin",critical,critical,critical,False,True,True,False,False,False
kriol_inf,4,"pawa point im sparkin, smok kamat longa Darwin",critical,low,high,True,True,False,True,True,False
app_style,4,"burning smell from the switchboard, Humpty Doo",critical,critical,critical,False,True,True,False,False,False
officer,4,Tenant reports arcing from a general power outlet and a burning odour at the switchboard. Location: Humpty Doo.,critical,critical,critical,False,True,True,False,False,False
sms,4,"burnin smell from the switchboard, humpty doo",critical,low,high,True,True,False,True,True,False
kriol_inf,4,"pawa point im sparkin, smok kamat longa Humpty Doo",critical,low,high,True,True,False,True,True,False
app_style,4,"burning smell from the switchboard, Maningrida",critical,critical,critical,False,True,True,False,False,False
officer,4,Tenant reports arcing from a general power outlet and a burning odour at the switchboard. Location: Maningrida.,critical,critical,critical,False,True,True,False,False,False
sms,4,"burnin smell from the switchboard, maningrida",critical,low,high,True,True,False,True,True,False
kriol_inf,4,"pawa point im sparkin, smok kamat longa Maningrida",critical,low,high,True,True,False,True,True,False
app_style,4,"burning smell from the switchboard, Minjilang",critical,critical,critical,False,True,True,False,False,False
officer,4,Tenant reports arcing from a general power outlet and a burning odour at the switchboard. Location: Minjilang.,critical,critical,critical,False,True,True,False,False,False
sms,4,"burning smell from the switchboard, minjilang",critical,critical,critical,False,True,True,False,False,False
kriol_inf,4,"pawa point im sparkin, smok kamat longa Minjilang",critical,low,high,True,True,False,True,True,False
app_style,4,"burning smell from the switchboard, Ngukurr",critical,critical,critical,False,True,True,False,False,False
officer,4,Tenant reports arcing from a general power outlet and a burning odour at the switchboard. Location: Ngukurr.,critical,critical,critical,False,True,True,False,False,False
sms,4,"burnin smell from the switchboard, ngukurr",critical,low,high,True,True,False,True,True,False
kriol_inf,4,"pawa point im sparkin, smok kamat longa Ngukurr",critical,low,high,True,True,False,True,True,False
app_style,4,"wire hanging out of the wall, Yuendumu",critical,critical,critical,False,True,True,False,False,False
officer,4,Tenant reports arcing from a general power outlet and a burning odour at the switchboard. Location: Yuendumu.,critical,critical,critical,False,True,True,False,False,False
sms,4,"wire hanging out of the wall, yuendumu",critical,critical,critical,False,True,True,False,False,False
kriol_inf,4,"pawa point im sparkin, smok kamat longa Yuendumu",critical,low,high,True,True,False,True,True,False
app_style,4,"sparks coming out of the powerpoint, Wurrumiyanga",critical,critical,critical,False,True,True,False,False,False
officer,4,Tenant reports arcing from a general power outlet and a burning odour at the switchboard. Location: Wurrumiyanga.,critical,critical,critical,False,True,True,False,False,False
sms,4,"sparkn coming out of the pwr point, wurrumiyanga",critical,low,high,True,True,False,True,True,False
kriol_inf,4,"pawa point im sparkin, smok kamat longa Wurrumiyanga",critical,low,high,True,True,False,True,True,False
app_style,4,"sparks coming out of the powerpoint, Wadeye",critical,critical,critical,False,True,True,False,False,False
officer,4,Tenant reports arcing from a general power outlet and a burning odour at the switchboard. Location: Wadeye.,critical,critical,critical,False,True,True,False,False,False
sms,4,"sparkn coming out of the powerpoint, wadeye",critical,medium,high,True,True,False,True,True,False
kriol_inf,4,"pawa point im sparkin, smok kamat longa Wadeye",critical,low,high,True,True,False,True,True,False
app_style,4,"sparks coming out of the powerpoint, Borroloola",critical,critical,critical,False,True,True,False,False,False
officer,4,Tenant reports arcing from a general power outlet and a burning odour at the switchboard. Location: Borroloola.,critical,critical,critical,False,True,True,False,False,False
sms,4,"sparkn coming out of the pwr point, borroloola",critical,low,high,True,True,False,True,True,False
kriol_inf,4,"pawa point im sparkin, smok kamat longa Borroloola",critical,low,high,True,True,False,True,True,False
app_style,4,"burning smell from the switchboard, Adelaide River",critical,critical,critical,False,True,True,False,False,False
officer,4,Tenant reports arcing from a general power outlet and a burning odour at the switchboard. Location: Adelaide River.,critical,critical,critical,False,True,True,False,False,False
sms,4,"burning smell from the switchboard, adelaide river",critical,critical,critical,False,True,True,False,False,False
kriol_inf,4,"pawa point im sparkin, smok kamat longa Adelaide River",critical,low,high,True,True,False,True,True,False
app_style,4,"burning smell from the switchboard, Warruwi",critical,critical,critical,False,True,True,False,False,False
officer,4,Tenant reports arcing from a general power outlet and a burning odour at the switchboard. Location: Warruwi.,critical,critical,critical,False,True,True,False,False,False
sms,4,"burning smell from the switchboard, warruwi",critical,critical,critical,False,True,True,False,False,False
kriol_inf,4,"pawa point im sparkin, smok kamat longa Warruwi",critical,low,high,True,True,False,True,True,False
app_style,4,"burning smell from the switchboard, Tennant Creek",critical,critical,critical,False,True,True,False,False,False
officer,4,Tenant reports arcing from a general power outlet and a burning odour at the switchboard. Location: Tennant Creek.,critical,critical,critical,False,True,True,False,False,False
sms,4,"burnin smell from the switchboard, tennant creek",critical,low,high,True,True,False,True,True,False
kriol_inf,4,"pawa point im sparkin, smok kamat longa Tennant Creek",critical,low,high,True,True,False,True,True,False
app_style,4,"wire hanging out of the wall, Maningrida",critical,critical,critical,False,True,True,False,False,False
officer,4,Tenant reports arcing from a general power outlet and a burning odour at the switchboard. Location: Maningrida.,critical,critical,critical,False,True,True,False,False,False
sms,4,"wire hanging out of the wall, maningrida",critical,critical,critical,False,True,True,False,False,False
kriol_inf,4,"pawa point im sparkin, smok kamat longa Maningrida",critical,low,high,True,True,False,True,True,False
app_style,4,"sparks coming out of the powerpoint, Jabiru",critical,critical,critical,False,True,True,False,False,False
officer,4,Tenant reports arcing from a general power outlet and a burning odour at the switchboard. Location: Jabiru.,critical,critical,critical,False,True,True,False,False,False
sms,4,"sparks coming out of the powerpoint, jabiru",critical,critical,critical,False,True,True,False,False,False
kriol_inf,4,"pawa point im sparkin, smok kamat longa Jabiru",critical,low,high,True,True,False,True,True,False
app_style,4,"wire hanging out of the wall, Jabiru",critical,critical,critical,False,True,True,False,False,False
officer,4,Tenant reports arcing from a general power outlet and a burning odour at the switchboard. Location: Jabiru.,critical,critical,critical,False,True,True,False,False,False
sms,4,"wire hanging out of the wall, jabiru",critical,critical,critical,False,True,True,False,False,False
kriol_inf,4,"pawa point im sparkin, smok kamat longa Jabiru",critical,low,high,True,True,False,True,True,False
app_style,4,"wire hanging out of the wall, Pine Creek",critical,critical,critical,False,True,True,False,False,False
officer,4,Tenant reports arcing from a general power outlet and a burning odour at the switchboard. Location: Pine Creek.,critical,critical,critical,False,True,True,False,False,False
sms,4,"wire hanging out of the wall, pine creek",critical,critical,critical,False,True,True,False,False,False
kriol_inf,4,"pawa point im sparkin, smok kamat longa Pine Creek",critical,low,high,True,True,False,True,True,False
app_style,4,"wire hanging out of the wall, Yuendumu",critical,critical,critical,False,True,True,False,False,False
officer,4,Tenant reports arcing from a general power outlet and a burning odour at the switchboard. Location: Yuendumu.,critical,critical,critical,False,True,True,False,False,False
sms,4,"wire hanging out of the wall, yuendumu",critical,critical,critical,False,True,True,False,False,False
kriol_inf,4,"pawa point im sparkin, smok kamat longa Yuendumu",critical,low,high,True,True,False,True,True,False
app_style,4,"sparks coming out of the powerpoint, Beswick",critical,critical,critical,False,True,True,False,False,False
officer,4,Tenant reports arcing from a general power outlet and a burning odour at the switchboard. Location: Beswick.,critical,critical,critical,False,True,True,False,False,False
sms,4,"sparks comin out of the pwr point, beswick",critical,critical,critical,False,True,True,False,False,False
kriol_inf,4,"pawa point im sparkin, smok kamat longa Beswick",critical,low,high,True,True,False,True,True,False
app_style,4,"wire hanging out of the wall, Docker River",critical,critical,critical,False,True,True,False,False,False
officer,4,Tenant reports arcing from a general power outlet and a burning odour at the switchboard. Location: Docker River.,critical,critical,critical,False,True,True,False,False,False
sms,4,"wire hanging out of the wall, docker river",critical,critical,critical,False,True,True,False,False,False
kriol_inf,4,"pawa point im sparkin, smok kamat longa Docker River",critical,low,high,True,True,False,True,True,False
app_style,4,"burning smell from the switchboard, Darwin",critical,critical,critical,False,True,True,False,False,False
officer,4,Tenant reports arcing from a general power outlet and a burning odour at the switchboard. Location: Darwin.,critical,critical,critical,False,True,True,False,False,False
sms,4,"burnin smell from the switchboard, darwin",critical,low,high,True,True,False,True,True,False
kriol_inf,4,"pawa point im sparkin, smok kamat longa Darwin",critical,low,high,True,True,False,True,True,False
app_style,4,"burning smell from the switchboard, Palmerston",critical,critical,critical,False,True,True,False,False,False
officer,4,Tenant reports arcing from a general power outlet and a burning odour at the switchboard. Location: Palmerston.,critical,critical,critical,False,True,True,False,False,False
sms,4,"burning smell from the switchboard, palmerston",critical,critical,critical,False,True,True,False,False,False
kriol_inf,4,"pawa point im sparkin, smok kamat longa Palmerston",critical,low,high,True,True,False,True,True,False
app_style,4,"wire hanging out of the wall, Timber Creek",critical,critical,critical,False,True,True,False,False,False
officer,4,Tenant reports arcing from a general power outlet and a burning odour at the switchboard. Location: Timber Creek.,critical,critical,critical,False,True,True,False,False,False
sms,4,"wire hanging out of the wall, timber creek",critical,critical,critical,False,True,True,False,False,False
kriol_inf,4,"pawa point im sparkin, smok kamat longa Timber Creek",critical,low,high,True,True,False,True,True,False
app_style,4,"sparks coming out of the powerpoint, Yirrkala",critical,critical,critical,False,True,True,False,False,False
officer,4,Tenant reports arcing from a general power outlet and a burning odour at the switchboard. Location: Yirrkala.,critical,critical,critical,False,True,True,False,False,False
sms,4,"sparks coming out of the pwr point, yirrkala",critical,critical,critical,False,True,True,False,False,False
kriol_inf,4,"pawa point im sparkin, smok kamat longa Yirrkala",critical,low,high,True,True,False,True,True,False
app_style,4,"burning smell from the switchboard, Yuendumu",critical,critical,critical,False,True,True,False,False,False
officer,4,Tenant reports arcing from a general power outlet and a burning odour at the switchboard. Location: Yuendumu.,critical,critical,critical,False,True,True,False,False,False
sms,4,"burning smell from the switchboard, yuendumu",critical,critical,critical,False,True,True,False,False,False
kriol_inf,4,"pawa point im sparkin, smok kamat longa Yuendumu",critical,low,high,True,True,False,True,True,False
app_style,4,"burning smell from the switchboard, Timber Creek",critical,critical,critical,False,True,True,False,False,False
officer,4,Tenant reports arcing from a general power outlet and a burning odour at the switchboard. Location: Timber Creek.,critical,critical,critical,False,True,True,False,False,False
sms,4,"burnin smell from the switchboard, timber creek",critical,low,high,True,True,False,True,True,False
kriol_inf,4,"pawa point im sparkin, smok kamat longa Timber Creek",critical,low,high,True,True,False,True,True,False
app_style,4,"sparks coming out of the powerpoint, Minyerri",critical,critical,critical,False,True,True,False,False,False
officer,4,Tenant reports arcing from a general power outlet and a burning odour at the switchboard. Location: Minyerri.,critical,critical,critical,False,True,True,False,False,False
sms,4,"sparks comin out of the pwr point, minyerri",critical,critical,critical,False,True,True,False,False,False
kriol_inf,4,"pawa point im sparkin, smok kamat longa Minyerri",critical,low,high,True,True,False,True,True,False
app_style,4,"wire hanging out of the wall, Ngukurr",critical,critical,critical,False,True,True,False,False,False
officer,4,Tenant reports arcing from a general power outlet and a burning odour at the switchboard. Location: Ngukurr.,critical,critical,critical,False,True,True,False,False,False
sms,4,"wire hanging out of the wall, ngukurr",critical,critical,critical,False,True,True,False,False,False
kriol_inf,4,"pawa point im sparkin, smok kamat longa Ngukurr",critical,low,high,True,True,False,True,True,False
app_style,4,"wire hanging out of the wall, Daguragu",critical,critical,critical,False,True,True,False,False,False
officer,4,Tenant reports arcing from a general power outlet and a burning odour at the switchboard. Location: Daguragu.,critical,critical,critical,False,True,True,False,False,False
sms,4,"wire hanging out of the wall, daguragu",critical,critical,critical,False,True,True,False,False,False
kriol_inf,4,"pawa point im sparkin, smok kamat longa Daguragu",critical,low,high,True,True,False,True,True,False
app_style,4,"burning smell from the switchboard, Kalkarindji",critical,critical,critical,False,True,True,False,False,False
officer,4,Tenant reports arcing from a general power outlet and a burning odour at the switchboard. Location: Kalkarindji.,critical,critical,critical,False,True,True,False,False,False
sms,4,"burnin smell from the switchboard, kalkarindji",critical,low,high,True,True,False,True,True,False
kriol_inf,4,"pawa point im sparkin, smok kamat longa Kalkarindji",critical,low,high,True,True,False,True,True,False
app_style,5,"power point scorched where the dialysis machine plugs in, Barunga",critical,critical,critical,False,True,True,False,False,False
officer,5,Power outlet supplying the resident's oxygen concentrator is scorched. Resident depends on home oxygen. Location: Barunga.,critical,critical,critical,False,True,True,False,False,False
sms,5,"power point scorched where the dialysis machine plugs in, barunga",critical,critical,critical,False,True,True,False,False,False
kriol_inf,5,"pawa point brok wea oksijen masheen plag in, olmen nidim longa Barunga",critical,low,high,True,True,False,True,True,False
app_style,5,"sparks from the powerpoint near the oxygen machine, Milingimbi",critical,critical,critical,False,True,True,False,False,False
officer,5,Power outlet supplying the resident's oxygen concentrator is scorched. Resident depends on home oxygen. Location: Milingimbi.,critical,critical,critical,False,True,True,False,False,False
sms,5,"sparks from the pwr point near the oxy machine, milingimbi",critical,critical,critical,False,True,True,False,False,False
kriol_inf,5,"pawa point brok wea oksijen masheen plag in, olmen nidim longa Milingimbi",critical,low,high,True,True,False,True,True,False
app_style,5,"sparks from the powerpoint near the oxygen machine, Pine Creek",critical,critical,critical,False,True,True,False,False,False
officer,5,Power outlet supplying the resident's oxygen concentrator is scorched. Resident depends on home oxygen. Location: Pine Creek.,critical,critical,critical,False,True,True,False,False,False
sms,5,"sparkn from the pwr point near the oxygen machine, pine creek",critical,critical,critical,False,True,True,False,False,False
kriol_inf,5,"pawa point brok wea oksijen masheen plag in, olmen nidim longa Pine Creek",critical,low,high,True,True,False,True,True,False
app_style,5,"sparks from the powerpoint near the oxygen machine, Daly Waters",critical,critical,critical,False,True,True,False,False,False
officer,5,Power outlet supplying the resident's oxygen concentrator is scorched. Resident depends on home oxygen. Location: Daly Waters.,critical,critical,critical,False,True,True,False,False,False
sms,5,"sparkn from the powerpoint near the oxygen machine, daly waters",critical,critical,critical,False,True,True,False,False,False
kriol_inf,5,"pawa point brok wea oksijen masheen plag in, olmen nidim longa Daly Waters",critical,low,high,True,True,False,True,True,False
app_style,5,"power point scorched where the dialysis machine plugs in, Elliott",critical,critical,critical,False,True,True,False,False,False
officer,5,Power outlet supplying the resident's oxygen concentrator is scorched. Resident depends on home oxygen. Location: Elliott.,critical,critical,critical,False,True,True,False,False,False
sms,5,"power point scorched where the dialysis machine plugs in, elliott",critical,critical,critical,False,True,True,False,False,False
kriol_inf,5,"pawa point brok wea oksijen masheen plag in, olmen nidim longa Elliott",critical,low,high,True,True,False,True,True,False
app_style,5,"sparks from the powerpoint near the oxygen machine, Minjilang",critical,critical,critical,False,True,True,False,False,False
officer,5,Power outlet supplying the resident's oxygen concentrator is scorched. Resident depends on home oxygen. Location: Minjilang.,critical,critical,critical,False,True,True,False,False,False
sms,5,"sparkn from the pwr point near the oxy machine, minjilang",critical,low,high,True,True,False,True,True,False
kriol_inf,5,"pawa point brok wea oksijen masheen plag in, olmen nidim longa Minjilang",critical,low,high,True,True,False,True,True,False
app_style,5,"sparks from the powerpoint near the oxygen machine, Minyerri",critical,critical,critical,False,True,True,False,False,False
officer,5,Power outlet supplying the resident's oxygen concentrator is scorched. Resident depends on home oxygen. Location: Minyerri.,critical,critical,critical,False,True,True,False,False,False
sms,5,"sparkn from the pwr point near the oxy machine, minyerri",critical,low,high,True,True,False,True,True,False
kriol_inf,5,"pawa point brok wea oksijen masheen plag in, olmen nidim longa Minyerri",critical,low,high,True,True,False,True,True,False
app_style,5,"power point scorched where the dialysis machine plugs in, Galiwin'ku",critical,critical,critical,False,True,True,False,False,False
officer,5,Power outlet supplying the resident's oxygen concentrator is scorched. Resident depends on home oxygen. Location: Galiwin'ku.,critical,critical,critical,False,True,True,False,False,False
sms,5,"power point scorched where the dialysis machine plugs in, galiwinku",critical,critical,critical,False,True,True,False,False,False
kriol_inf,5,"pawa point brok wea oksijen masheen plag in, olmen nidim longa Galiwin'ku",critical,low,high,True,True,False,True,True,False
app_style,5,"sparks from the powerpoint near the oxygen machine, Papunya",critical,critical,critical,False,True,True,False,False,False
officer,5,Power outlet supplying the resident's oxygen concentrator is scorched. Resident depends on home oxygen. Location: Papunya.,critical,critical,critical,False,True,True,False,False,False
sms,5,"sparkn from the pwr point near the oxy machine, papunya",critical,low,high,True,True,False,True,True,False
kriol_inf,5,"pawa point brok wea oksijen masheen plag in, olmen nidim longa Papunya",critical,low,high,True,True,False,True,True,False
app_style,5,"power point scorched where the dialysis machine plugs in, Elliott",critical,critical,critical,False,True,True,False,False,False
officer,5,Power outlet supplying the resident's oxygen concentrator is scorched. Resident depends on home oxygen. Location: Elliott.,critical,critical,critical,False,True,True,False,False,False
sms,5,"power point scorched where the dialysis machine plugs in, elliott",critical,critical,critical,False,True,True,False,False,False
kriol_inf,5,"pawa point brok wea oksijen masheen plag in, olmen nidim longa Elliott",critical,low,high,True,True,False,True,True,False
app_style,5,"sparks from the powerpoint near the oxygen machine, Gapuwiyak",critical,critical,critical,False,True,True,False,False,False
officer,5,Power outlet supplying the resident's oxygen concentrator is scorched. Resident depends on home oxygen. Location: Gapuwiyak.,critical,critical,critical,False,True,True,False,False,False
sms,5,"sparkn from the pwr point near the oxy machine, gapuwiyak",critical,low,high,True,True,False,True,True,False
kriol_inf,5,"pawa point brok wea oksijen masheen plag in, olmen nidim longa Gapuwiyak",critical,low,high,True,True,False,True,True,False
app_style,5,"sparks from the powerpoint near the oxygen machine, Mutitjulu",critical,critical,critical,False,True,True,False,False,False
officer,5,Power outlet supplying the resident's oxygen concentrator is scorched. Resident depends on home oxygen. Location: Mutitjulu.,critical,critical,critical,False,True,True,False,False,False
sms,5,"sparks from the powerpoint near the oxy machine, mutitjulu",critical,critical,critical,False,True,True,False,False,False
kriol_inf,5,"pawa point brok wea oksijen masheen plag in, olmen nidim longa Mutitjulu",critical,low,high,True,True,False,True,True,False
app_style,5,"sparks from the powerpoint near the oxygen machine, Elliott",critical,critical,critical,False,True,True,False,False,False
officer,5,Power outlet supplying the resident's oxygen concentrator is scorched. Resident depends on home oxygen. Location: Elliott.,critical,critical,critical,False,True,True,False,False,False
sms,5,"sparkn from the powerpoint near the oxygen machine, elliott",critical,critical,critical,False,True,True,False,False,False
kriol_inf,5,"pawa point brok wea oksijen masheen plag in, olmen nidim longa Elliott",critical,low,high,True,True,False,True,True,False
app_style,5,"sparks from the powerpoint near the oxygen machine, Daly Waters",critical,critical,critical,False,True,True,False,False,False
officer,5,Power outlet supplying the resident's oxygen concentrator is scorched. Resident depends on home oxygen. Location: Daly Waters.,critical,critical,critical,False,True,True,False,False,False
sms,5,"sparks from the pwr point near the oxy machine, daly waters",critical,critical,critical,False,True,True,False,False,False
kriol_inf,5,"pawa point brok wea oksijen masheen plag in, olmen nidim longa Daly Waters",critical,low,high,True,True,False,True,True,False
app_style,5,"sparks from the powerpoint near the oxygen machine, Barunga",critical,critical,critical,False,True,True,False,False,False
officer,5,Power outlet supplying the resident's oxygen concentrator is scorched. Resident depends on home oxygen. Location: Barunga.,critical,critical,critical,False,True,True,False,False,False
sms,5,"sparks from the pwr point near the oxy machine, barunga",critical,critical,critical,False,True,True,False,False,False
kriol_inf,5,"pawa point brok wea oksijen masheen plag in, olmen nidim longa Barunga",critical,low,high,True,True,False,True,True,False
app_style,5,"power point scorched where the dialysis machine plugs in, Yuendumu",critical,critical,critical,False,True,True,False,False,False
officer,5,Power outlet supplying the resident's oxygen concentrator is scorched. Resident depends on home oxygen. Location: Yuendumu.,critical,critical,critical,False,True,True,False,False,False
sms,5,"power point scorched where the dialysis machine plugs in, yuendumu",critical,critical,critical,False,True,True,False,False,False
kriol_inf,5,"pawa point brok wea oksijen masheen plag in, olmen nidim longa Yuendumu",critical,low,high,True,True,False,True,True,False
app_style,5,"sparks from the powerpoint near the oxygen machine, Mutitjulu",critical,critical,critical,False,True,True,False,False,False
officer,5,Power outlet supplying the resident's oxygen concentrator is scorched. Resident depends on home oxygen. Location: Mutitjulu.,critical,critical,critical,False,True,True,False,False,False
sms,5,"sparkn from the pwr point near the oxygen machine, mutitjulu",critical,critical,critical,False,True,True,False,False,False
kriol_inf,5,"pawa point brok wea oksijen masheen plag in, olmen nidim longa Mutitjulu",critical,low,high,True,True,False,True,True,False
app_style,5,"power point scorched where the dialysis machine plugs in, Tennant Creek",critical,critical,critical,False,True,True,False,False,False
officer,5,Power outlet supplying the resident's oxygen concentrator is scorched. Resident depends on home oxygen. Location: Tennant Creek.,critical,critical,critical,False,True,True,False,False,False
sms,5,"power point scorched where the dialysis machine plugs in, tennant creek",critical,critical,critical,False,True,True,False,False,False
kriol_inf,5,"pawa point brok wea oksijen masheen plag in, olmen nidim longa Tennant Creek",critical,low,high,True,True,False,True,True,False
app_style,5,"power point scorched where the dialysis machine plugs in, Gapuwiyak",critical,critical,critical,False,True,True,False,False,False
officer,5,Power outlet supplying the resident's oxygen concentrator is scorched. Resident depends on home oxygen. Location: Gapuwiyak.,critical,critical,critical,False,True,True,False,False,False
sms,5,"power point scorched where the dialysis machine plugs in, gapuwiyak",critical,critical,critical,False,True,True,False,False,False
kriol_inf,5,"pawa point brok wea oksijen masheen plag in, olmen nidim longa Gapuwiyak",critical,low,high,True,True,False,True,True,False
app_style,5,"power point scorched where the dialysis machine plugs in, Mutitjulu",critical,critical,critical,False,True,True,False,False,False
officer,5,Power outlet supplying the resident's oxygen concentrator is scorched. Resident depends on home oxygen. Location: Mutitjulu.,critical,critical,critical,False,True,True,False,False,False
sms,5,"power point scorched where the dialysis machine plugs in, mutitjulu",critical,critical,critical,False,True,True,False,False,False
kriol_inf,5,"pawa point brok wea oksijen masheen plag in, olmen nidim longa Mutitjulu",critical,low,high,True,True,False,True,True,False
app_style,5,"power point scorched where the dialysis machine plugs in, Umbakumba",critical,critical,critical,False,True,True,False,False,False
officer,5,Power outlet supplying the resident's oxygen concentrator is scorched. Resident depends on home oxygen. Location: Umbakumba.,critical,critical,critical,False,True,True,False,False,False
sms,5,"power point scorched where the dialysis machine plugs in, umbakumba",critical,critical,critical,False,True,True,False,False,False
kriol_inf,5,"pawa point brok wea oksijen masheen plag in, olmen nidim longa Umbakumba",critical,low,high,True,True,False,True,True,False
app_style,5,"power point scorched where the dialysis machine plugs in, Maningrida",critical,critical,critical,False,True,True,False,False,False
officer,5,Power outlet supplying the resident's oxygen concentrator is scorched. Resident depends on home oxygen. Location: Maningrida.,critical,critical,critical,False,True,True,False,False,False
sms,5,"power point scorched where the dialysis machine plugs in, maningrida",critical,critical,critical,False,True,True,False,False,False
kriol_inf,5,"pawa point brok wea oksijen masheen plag in, olmen nidim longa Maningrida",critical,low,high,True,True,False,True,True,False
app_style,5,"power point scorched where the dialysis machine plugs in, Pirlangimpi",critical,critical,critical,False,True,True,False,False,False
officer,5,Power outlet supplying the resident's oxygen concentrator is scorched. Resident depends on home oxygen. Location: Pirlangimpi.,critical,critical,critical,False,True,True,False,False,False
sms,5,"power point scorched where the dialysis machine plugs in, pirlangimpi",critical,critical,critical,False,True,True,False,False,False
kriol_inf,5,"pawa point brok wea oksijen masheen plag in, olmen nidim longa Pirlangimpi",critical,low,high,True,True,False,True,True,False
app_style,5,"power point scorched where the dialysis machine plugs in, Docker River",critical,critical,critical,False,True,True,False,False,False
officer,5,Power outlet supplying the resident's oxygen concentrator is scorched. Resident depends on home oxygen. Location: Docker River.,critical,critical,critical,False,True,True,False,False,False
sms,5,"power point scorched where the dialysis machine plugs in, docker river",critical,critical,critical,False,True,True,False,False,False
kriol_inf,5,"pawa point brok wea oksijen masheen plag in, olmen nidim longa Docker River",critical,low,high,True,True,False,True,True,False
app_style,5,"sparks from the powerpoint near the oxygen machine, Yuendumu",critical,critical,critical,False,True,True,False,False,False
officer,5,Power outlet supplying the resident's oxygen concentrator is scorched. Resident depends on home oxygen. Location: Yuendumu.,critical,critical,critical,False,True,True,False,False,False
sms,5,"sparkn from the powerpoint near the oxy machine, yuendumu",critical,medium,high,True,True,False,True,True,False
kriol_inf,5,"pawa point brok wea oksijen masheen plag in, olmen nidim longa Yuendumu",critical,low,high,True,True,False,True,True,False
app_style,5,"power point scorched where the dialysis machine plugs in, Peppimenarti",critical,critical,critical,False,True,True,False,False,False
officer,5,Power outlet supplying the resident's oxygen concentrator is scorched. Resident depends on home oxygen. Location: Peppimenarti.,critical,critical,critical,False,True,True,False,False,False
sms,5,"power point scorched where the dialysis machine plugs in, peppimenarti",critical,critical,critical,False,True,True,False,False,False
kriol_inf,5,"pawa point brok wea oksijen masheen plag in, olmen nidim longa Peppimenarti",critical,low,high,True,True,False,True,True,False
app_style,5,"power point scorched where the dialysis machine plugs in, Umbakumba",critical,critical,critical,False,True,True,False,False,False
officer,5,Power outlet supplying the resident's oxygen concentrator is scorched. Resident depends on home oxygen. Location: Umbakumba.,critical,critical,critical,False,True,True,False,False,False
sms,5,"power point scorched where the dialysis machine plugs in, umbakumba",critical,critical,critical,False,True,True,False,False,False
kriol_inf,5,"pawa point brok wea oksijen masheen plag in, olmen nidim longa Umbakumba",critical,low,high,True,True,False,True,True,False
app_style,5,"sparks from the powerpoint near the oxygen machine, Docker River",critical,critical,critical,False,True,True,False,False,False
officer,5,Power outlet supplying the resident's oxygen concentrator is scorched. Resident depends on home oxygen. Location: Docker River.,critical,critical,critical,False,True,True,False,False,False
sms,5,"sparks from the pwr point near the oxy machine, docker river",critical,critical,critical,False,True,True,False,False,False
kriol_inf,5,"pawa point brok wea oksijen masheen plag in, olmen nidim longa Docker River",critical,low,high,True,True,False,True,True,False
app_style,5,"sparks from the powerpoint near the oxygen machine, Wadeye",critical,critical,critical,False,True,True,False,False,False
officer,5,Power outlet supplying the resident's oxygen concentrator is scorched. Resident depends on home oxygen. Location: Wadeye.,critical,critical,critical,False,True,True,False,False,False
sms,5,"sparks from the pwr point near the oxygen machine, wadeye",critical,critical,critical,False,True,True,False,False,False
kriol_inf,5,"pawa point brok wea oksijen masheen plag in, olmen nidim longa Wadeye",critical,low,high,True,True,False,True,True,False
app_style,5,"sparks from the powerpoint near the oxygen machine, Tennant Creek",critical,critical,critical,False,True,True,False,False,False
officer,5,Power outlet supplying the resident's oxygen concentrator is scorched. Resident depends on home oxygen. Location: Tennant Creek.,critical,critical,critical,False,True,True,False,False,False
sms,5,"sparks from the powerpoint near the oxy machine, tennant creek",critical,critical,critical,False,True,True,False,False,False
kriol_inf,5,"pawa point brok wea oksijen masheen plag in, olmen nidim longa Tennant Creek",critical,low,high,True,True,False,True,True,False
app_style,6,"powerpoint dead in the lounge, Alyangula",medium,medium,high,True,False,True,False,False,False
officer,6,Intermittent loss of lighting; circuit breaker tripping. Location: Alyangula.,medium,medium,high,True,False,True,False,False,False
sms,6,"pwr point ded in the lounge, alyangula",medium,low,high,True,False,False,True,False,False
kriol_inf,6,lait flikaflika en pawa go off longa Alyangula,medium,low,high,True,False,False,True,False,False
app_style,6,"powerpoint dead in the lounge, Darwin",medium,medium,high,True,False,True,False,False,False
officer,6,Intermittent loss of lighting; circuit breaker tripping. Location: Darwin.,medium,medium,high,True,False,True,False,False,False
sms,6,"powerpoint ded in the lounge, darwin",medium,medium,high,True,False,True,False,False,False
kriol_inf,6,lait flikaflika en pawa go off longa Darwin,medium,low,high,True,False,False,True,False,False
app_style,6,"powerpoint dead in the lounge, Barunga",medium,medium,high,True,False,True,False,False,False
officer,6,Intermittent loss of lighting; circuit breaker tripping. Location: Barunga.,medium,medium,high,True,False,True,False,False,False
sms,6,"pwr point ded in the lounge, barunga",medium,low,high,True,False,False,True,False,False
kriol_inf,6,lait flikaflika en pawa go off longa Barunga,medium,low,high,True,False,False,True,False,False
app_style,6,"powerpoint dead in the lounge, Ngukurr",medium,medium,high,True,False,True,False,False,False
officer,6,Intermittent loss of lighting; circuit breaker tripping. Location: Ngukurr.,medium,medium,high,True,False,True,False,False,False
sms,6,"pwr point dead in the lounge, ngukurr",medium,low,high,True,False,False,True,False,False
kriol_inf,6,lait flikaflika en pawa go off longa Ngukurr,medium,low,high,True,False,False,True,False,False
app_style,6,"lights flicker and trip the box, Yirrkala",medium,medium,high,True,False,True,False,False,False
officer,6,Intermittent loss of lighting; circuit breaker tripping. Location: Yirrkala.,medium,medium,high,True,False,True,False,False,False
sms,6,"lights flicker and trip the box, yirrkala",medium,medium,high,True,False,True,False,False,False
kriol_inf,6,lait flikaflika en pawa go off longa Yirrkala,medium,low,high,True,False,False,True,False,False
app_style,6,"powerpoint dead in the lounge, Minjilang",medium,medium,high,True,False,True,False,False,False
officer,6,Intermittent loss of lighting; circuit breaker tripping. Location: Minjilang.,medium,medium,high,True,False,True,False,False,False
sms,6,"pwr point ded in the lounge, minjilang",medium,low,high,True,False,False,True,False,False
kriol_inf,6,lait flikaflika en pawa go off longa Minjilang,medium,low,high,True,False,False,True,False,False
app_style,6,"powerpoint dead in the lounge, Alice Springs",medium,medium,high,True,False,True,False,False,False
officer,6,Intermittent loss of lighting; circuit breaker tripping. Location: Alice Springs.,medium,medium,high,True,False,True,False,False,False
sms,6,"pwr point dead in the lounge, alice springs",medium,low,high,True,False,False,True,False,False
kriol_inf,6,lait flikaflika en pawa go off longa Alice Springs,medium,low,high,True,False,False,True,False,False
app_style,6,"lights flicker and trip the box, Docker River",medium,medium,high,True,False,True,False,False,False
officer,6,Intermittent loss of lighting; circuit breaker tripping. Location: Docker River.,medium,medium,high,True,False,True,False,False,False
sms,6,"lights flicker and trip the box, docker river",medium,medium,high,True,False,True,False,False,False
kriol_inf,6,lait flikaflika en pawa go off longa Docker River,medium,low,high,True,False,False,True,False,False
app_style,6,"no power in the back rooms, Daguragu",medium,medium,high,True,False,True,False,False,False
officer,6,Intermittent loss of lighting; circuit breaker tripping. Location: Daguragu.,medium,medium,high,True,False,True,False,False,False
sms,6,"no power in the back rooms, daguragu",medium,medium,high,True,False,True,False,False,False
kriol_inf,6,lait flikaflika en pawa go off longa Daguragu,medium,low,high,True,False,False,True,False,False
app_style,6,"no power in the back rooms, Palumpa",medium,medium,high,True,False,True,False,False,False
officer,6,Intermittent loss of lighting; circuit breaker tripping. Location: Palumpa.,medium,medium,high,True,False,True,False,False,False
sms,6,"no power in the back rooms, palumpa",medium,medium,high,True,False,True,False,False,False
kriol_inf,6,lait flikaflika en pawa go off longa Palumpa,medium,low,high,True,False,False,True,False,False
app_style,6,"powerpoint dead in the lounge, Palmerston",medium,medium,high,True,False,True,False,False,False
officer,6,Intermittent loss of lighting; circuit breaker tripping. Location: Palmerston.,medium,medium,high,True,False,True,False,False,False
sms,6,"pwr point ded in the lounge, palmerston",medium,low,high,True,False,False,True,False,False
kriol_inf,6,lait flikaflika en pawa go off longa Palmerston,medium,low,high,True,False,False,True,False,False
app_style,6,"no power in the back rooms, Batchelor",medium,medium,high,True,False,True,False,False,False
officer,6,Intermittent loss of lighting; circuit breaker tripping. Location: Batchelor.,medium,medium,high,True,False,True,False,False,False
sms,6,"no power in the back rooms, batchelor",medium,medium,high,True,False,True,False,False,False
kriol_inf,6,lait flikaflika en pawa go off longa Batchelor,medium,low,high,True,False,False,True,False,False
app_style,6,"no power in the back rooms, Katherine",medium,medium,high,True,False,True,False,False,False
officer,6,Intermittent loss of lighting; circuit breaker tripping. Location: Katherine.,medium,medium,high,True,False,True,False,False,False
sms,6,"no power in the back rooms, katherine",medium,medium,high,True,False,True,False,False,False
kriol_inf,6,lait flikaflika en pawa go off longa Katherine,medium,low,high,True,False,False,True,False,False
app_style,6,"lights flicker and trip the box, Milingimbi",medium,medium,high,True,False,True,False,False,False
officer,6,Intermittent loss of lighting; circuit breaker tripping. Location: Milingimbi.,medium,medium,high,True,False,True,False,False,False
sms,6,"lights flicker and trip the box, milingimbi",medium,medium,high,True,False,True,False,False,False
kriol_inf,6,lait flikaflika en pawa go off longa Milingimbi,medium,low,high,True,False,False,True,False,False
app_style,6,"no power in the back rooms, Gapuwiyak",medium,medium,high,True,False,True,False,False,False
officer,6,Intermittent loss of lighting; circuit breaker tripping. Location: Gapuwiyak.,medium,medium,high,True,False,True,False,False,False
sms,6,"no power in the back rooms, gapuwiyak",medium,medium,high,True,False,True,False,False,False
kriol_inf,6,lait flikaflika en pawa go off longa Gapuwiyak,medium,low,high,True,False,False,True,False,False
app_style,6,"lights flicker and trip the box, Gunbalanya",medium,medium,high,True,False,True,False,False,False
officer,6,Intermittent loss of lighting; circuit breaker tripping. Location: Gunbalanya.,medium,medium,high,True,False,True,False,False,False
sms,6,"lights flicker and trip the box, gunbalanya",medium,medium,high,True,False,True,False,False,False
kriol_inf,6,lait flikaflika en pawa go off longa Gunbalanya,medium,low,high,True,False,False,True,False,False
app_style,6,"lights flicker and trip the box, Darwin",medium,medium,high,True,False,True,False,False,False
officer,6,Intermittent loss of lighting; circuit breaker tripping. Location: Darwin.,medium,medium,high,True,False,True,False,False,False
sms,6,"lights flicker and trip the box, darwin",medium,medium,high,True,False,True,False,False,False
kriol_inf,6,lait flikaflika en pawa go off longa Darwin,medium,low,high,True,False,False,True,False,False
app_style,6,"powerpoint dead in the lounge, Wadeye",medium,medium,high,True,False,True,False,False,False
officer,6,Intermittent loss of lighting; circuit breaker tripping. Location: Wadeye.,medium,medium,high,True,False,True,False,False,False
sms,6,"pwr point ded in the lounge, wadeye",medium,low,high,True,False,False,True,False,False
kriol_inf,6,lait flikaflika en pawa go off longa Wadeye,medium,low,high,True,False,False,True,False,False
app_style,6,"powerpoint dead in the lounge, Umbakumba",medium,medium,high,True,False,True,False,False,False
officer,6,Intermittent loss of lighting; circuit breaker tripping. Location: Umbakumba.,medium,medium,high,True,False,True,False,False,False
sms,6,"powerpoint ded in the lounge, umbakumba",medium,medium,high,True,False,True,False,False,False
kriol_inf,6,lait flikaflika en pawa go off longa Umbakumba,medium,low,high,True,False,False,True,False,False
app_style,6,"powerpoint dead in the lounge, Minyerri",medium,medium,high,True,False,True,False,False,False
officer,6,Intermittent loss of lighting; circuit breaker tripping. Location: Minyerri.,medium,medium,high,True,False,True,False,False,False
sms,6,"pwr point ded in the lounge, minyerri",medium,low,high,True,False,False,True,False,False
kriol_inf,6,lait flikaflika en pawa go off longa Minyerri,medium,low,high,True,False,False,True,False,False
app_style,6,"powerpoint dead in the lounge, Palmerston",medium,medium,high,True,False,True,False,False,False
officer,6,Intermittent loss of lighting; circuit breaker tripping. Location: Palmerston.,medium,medium,high,True,False,True,False,False,False
sms,6,"pwr point ded in the lounge, palmerston",medium,low,high,True,False,False,True,False,False
kriol_inf,6,lait flikaflika en pawa go off longa Palmerston,medium,low,high,True,False,False,True,False,False
app_style,6,"no power in the back rooms, Minyerri",medium,medium,high,True,False,True,False,False,False
officer,6,Intermittent loss of lighting; circuit breaker tripping. Location: Minyerri.,medium,medium,high,True,False,True,False,False,False
sms,6,"no power in the back rooms, minyerri",medium,medium,high,True,False,True,False,False,False
kriol_inf,6,lait flikaflika en pawa go off longa Minyerri,medium,low,high,True,False,False,True,False,False
app_style,6,"no power in the back rooms, Tennant Creek",medium,medium,high,True,False,True,False,False,False
officer,6,Intermittent loss of lighting; circuit breaker tripping. Location: Tennant Creek.,medium,medium,high,True,False,True,False,False,False
sms,6,"no power in the back rooms, tennant creek",medium,medium,high,True,False,True,False,False,False
kriol_inf,6,lait flikaflika en pawa go off longa Tennant Creek,medium,low,high,True,False,False,True,False,False
app_style,6,"no power in the back rooms, Wadeye",medium,medium,high,True,False,True,False,False,False
officer,6,Intermittent loss of lighting; circuit breaker tripping. Location: Wadeye.,medium,medium,high,True,False,True,False,False,False
sms,6,"no power in the back rooms, wadeye",medium,medium,high,True,False,True,False,False,False
kriol_inf,6,lait flikaflika en pawa go off longa Wadeye,medium,low,high,True,False,False,True,False,False
app_style,6,"powerpoint dead in the lounge, Humpty Doo",medium,medium,high,True,False,True,False,False,False
officer,6,Intermittent loss of lighting; circuit breaker tripping. Location: Humpty Doo.,medium,medium,high,True,False,True,False,False,False
sms,6,"pwr point ded in the lounge, humpty doo",medium,low,high,True,False,False,True,False,False
kriol_inf,6,lait flikaflika en pawa go off longa Humpty Doo,medium,low,high,True,False,False,True,False,False
app_style,6,"powerpoint dead in the lounge, Katherine",medium,medium,high,True,False,True,False,False,False
officer,6,Intermittent loss of lighting; circuit breaker tripping. Location: Katherine.,medium,medium,high,True,False,True,False,False,False
sms,6,"pwr point ded in the lounge, katherine",medium,low,high,True,False,False,True,False,False
kriol_inf,6,lait flikaflika en pawa go off longa Katherine,medium,low,high,True,False,False,True,False,False
app_style,6,"powerpoint dead in the lounge, Pine Creek",medium,medium,high,True,False,True,False,False,False
officer,6,Intermittent loss of lighting; circuit breaker tripping. Location: Pine Creek.,medium,medium,high,True,False,True,False,False,False
sms,6,"pwr point dead in the lounge, pine creek",medium,low,high,True,False,False,True,False,False
kriol_inf,6,lait flikaflika en pawa go off longa Pine Creek,medium,low,high,True,False,False,True,False,False
app_style,6,"powerpoint dead in the lounge, Tennant Creek",medium,medium,high,True,False,True,False,False,False
officer,6,Intermittent loss of lighting; circuit breaker tripping. Location: Tennant Creek.,medium,medium,high,True,False,True,False,False,False
sms,6,"pwr point dead in the lounge, tennant creek",medium,low,high,True,False,False,True,False,False
kriol_inf,6,lait flikaflika en pawa go off longa Tennant Creek,medium,low,high,True,False,False,True,False,False
app_style,6,"lights flicker and trip the box, Robinson River",medium,medium,high,True,False,True,False,False,False
officer,6,Intermittent loss of lighting; circuit breaker tripping. Location: Robinson River.,medium,medium,high,True,False,True,False,False,False
sms,6,"lights flicker and trip the box, robinson river",medium,medium,high,True,False,True,False,False,False
kriol_inf,6,lait flikaflika en pawa go off longa Robinson River,medium,low,high,True,False,False,True,False,False
app_style,6,"no power in the back rooms, Pirlangimpi",medium,medium,high,True,False,True,False,False,False
officer,6,Intermittent loss of lighting; circuit breaker tripping. Location: Pirlangimpi.,medium,medium,high,True,False,True,False,False,False
sms,6,"no power in the back rooms, pirlangimpi",medium,medium,high,True,False,True,False,False,False
kriol_inf,6,lait flikaflika en pawa go off longa Pirlangimpi,medium,low,high,True,False,False,True,False,False
app_style,7,"roof caving over the bedroom, got a baby here, Angurugu",critical,critical,critical,False,True,True,False,False,False
officer,7,Storm damage: ceiling sagging above the children's bedroom and roof leaking. Location: Angurugu.,critical,critical,critical,False,True,True,False,False,False
sms,7,"roof cavin over the bedroom, got a bub here, angurugu",critical,medium,high,True,True,False,True,True,False
kriol_inf,7,"ruf lik ola wota la biginini bed, siling im go down longa Angurugu",critical,low,high,True,True,False,True,True,False
app_style,7,"ceiling caving in above the children, got a baby here, Alyangula",critical,critical,critical,False,True,True,False,False,False
officer,7,Storm damage: ceiling sagging above the children's bedroom and roof leaking. Location: Alyangula.,critical,critical,critical,False,True,True,False,False,False
sms,7,"cieling cavin in above the chldrn, got a bub here, alyangula",critical,low,high,True,True,False,True,True,False
kriol_inf,7,"ruf lik ola wota la biginini bed, siling im go down longa Alyangula",critical,low,high,True,True,False,True,True,False
app_style,7,"roof is leaking right over my kids bed and the ceiling is sagging, got a baby here, Yuendumu",critical,critical,critical,False,True,True,False,False,False
officer,7,Storm damage: ceiling sagging above the children's bedroom and roof leaking. Location: Yuendumu.,critical,critical,critical,False,True,True,False,False,False
sms,7,"roof is leakin right over my kidz bed and the ceiling is saggin, got a bub here, yuendumu",critical,medium,high,True,True,False,True,True,False
kriol_inf,7,"ruf lik ola wota la biginini bed, siling im go down longa Yuendumu",critical,low,high,True,True,False,True,True,False
app_style,7,"ceiling caving in above the children, got a baby here, Kalkarindji",critical,critical,critical,False,True,True,False,False,False
officer,7,Storm damage: ceiling sagging above the children's bedroom and roof leaking. Location: Kalkarindji.,critical,critical,critical,False,True,True,False,False,False
sms,7,"cieling caving in above the children, got a bub here, kalkarindji",critical,critical,critical,False,True,True,False,False,False
kriol_inf,7,"ruf lik ola wota la biginini bed, siling im go down longa Kalkarindji",critical,low,high,True,True,False,True,True,False
app_style,7,"roof is leaking right over my kids bed and the ceiling is sagging, got a baby here, Yuendumu",critical,critical,critical,False,True,True,False,False,False
officer,7,Storm damage: ceiling sagging above the children's bedroom and roof leaking. Location: Yuendumu.,critical,critical,critical,False,True,True,False,False,False
sms,7,"roof is leaking right over my kidz bed and the cieling is saggin, got a baby here, yuendumu",critical,medium,high,True,True,False,True,True,False
kriol_inf,7,"ruf lik ola wota la biginini bed, siling im go down longa Yuendumu",critical,low,high,True,True,False,True,True,False
app_style,7,"roof is leaking right over my kids bed and the ceiling is sagging, got a baby here, Mataranka",critical,critical,critical,False,True,True,False,False,False
officer,7,Storm damage: ceiling sagging above the children's bedroom and roof leaking. Location: Mataranka.,critical,critical,critical,False,True,True,False,False,False
sms,7,"roof is leakin right over my kidz bed and the cieling is sagging, got a baby here, mataranka",critical,critical,critical,False,True,True,False,False,False
kriol_inf,7,"ruf lik ola wota la biginini bed, siling im go down longa Mataranka",critical,low,high,True,True,False,True,True,False
app_style,7,"ceiling caving in above the children, got a baby here, Pine Creek",critical,critical,critical,False,True,True,False,False,False
officer,7,Storm damage: ceiling sagging above the children's bedroom and roof leaking. Location: Pine Creek.,critical,critical,critical,False,True,True,False,False,False
sms,7,"ceiling cavin in above the chldrn, got a bub here, pine creek",critical,medium,high,True,True,False,True,True,False
kriol_inf,7,"ruf lik ola wota la biginini bed, siling im go down longa Pine Creek",critical,low,high,True,True,False,True,True,False
app_style,7,"roof is leaking right over my kids bed and the ceiling is sagging, got a baby here, Maningrida",critical,critical,critical,False,True,True,False,False,False
officer,7,Storm damage: ceiling sagging above the children's bedroom and roof leaking. Location: Maningrida.,critical,critical,critical,False,True,True,False,False,False
sms,7,"roof is leakin right over my kids bed and the ceiling is saggin, got a baby here, maningrida",critical,medium,high,True,True,False,True,True,False
kriol_inf,7,"ruf lik ola wota la biginini bed, siling im go down longa Maningrida",critical,low,high,True,True,False,True,True,False
app_style,7,"roof caving over the bedroom, got a baby here, Lajamanu",critical,critical,critical,False,True,True,False,False,False
officer,7,Storm damage: ceiling sagging above the children's bedroom and roof leaking. Location: Lajamanu.,critical,critical,critical,False,True,True,False,False,False
sms,7,"roof cavin over the bedroom, got a bub here, lajamanu",critical,medium,high,True,True,False,True,True,False
kriol_inf,7,"ruf lik ola wota la biginini bed, siling im go down longa Lajamanu",critical,low,high,True,True,False,True,True,False
app_style,7,"roof caving over the bedroom, got a baby here, Adelaide River",critical,critical,critical,False,True,True,False,False,False
officer,7,Storm damage: ceiling sagging above the children's bedroom and roof leaking. Location: Adelaide River.,critical,critical,critical,False,True,True,False,False,False
sms,7,"roof cavin over the bedroom, got a bub here, adelaide river",critical,medium,high,True,True,False,True,True,False
kriol_inf,7,"ruf lik ola wota la biginini bed, siling im go down longa Adelaide River",critical,low,high,True,True,False,True,True,False
app_style,7,"ceiling caving in above the children, got a baby here, Peppimenarti",critical,critical,critical,False,True,True,False,False,False
officer,7,Storm damage: ceiling sagging above the children's bedroom and roof leaking. Location: Peppimenarti.,critical,critical,critical,False,True,True,False,False,False
sms,7,"cieling cavin in above the chldrn, got a bub here, peppimenarti",critical,low,high,True,True,False,True,True,False
kriol_inf,7,"ruf lik ola wota la biginini bed, siling im go down longa Peppimenarti",critical,low,high,True,True,False,True,True,False
app_style,7,"ceiling caving in above the children, got a baby here, Numbulwar",critical,critical,critical,False,True,True,False,False,False
officer,7,Storm damage: ceiling sagging above the children's bedroom and roof leaking. Location: Numbulwar.,critical,critical,critical,False,True,True,False,False,False
sms,7,"cieling caving in above the chldrn, got a bub here, numbulwar",critical,critical,critical,False,True,True,False,False,False
kriol_inf,7,"ruf lik ola wota la biginini bed, siling im go down longa Numbulwar",critical,low,high,True,True,False,True,True,False
app_style,7,"roof is leaking right over my kids bed and the ceiling is sagging, got a baby here, Daly Waters",critical,critical,critical,False,True,True,False,False,False
officer,7,Storm damage: ceiling sagging above the children's bedroom and roof leaking. Location: Daly Waters.,critical,critical,critical,False,True,True,False,False,False
sms,7,"roof is leakin right over my kidz bed and the ceiling is sagging, got a bub here, daly waters",critical,critical,critical,False,True,True,False,False,False
kriol_inf,7,"ruf lik ola wota la biginini bed, siling im go down longa Daly Waters",critical,low,high,True,True,False,True,True,False
app_style,7,"roof is leaking right over my kids bed and the ceiling is sagging, got a baby here, Pine Creek",critical,critical,critical,False,True,True,False,False,False
officer,7,Storm damage: ceiling sagging above the children's bedroom and roof leaking. Location: Pine Creek.,critical,critical,critical,False,True,True,False,False,False
sms,7,"roof is leakin right over my kids bed and the cieling is sagging, got a bub here, pine creek",critical,critical,critical,False,True,True,False,False,False
kriol_inf,7,"ruf lik ola wota la biginini bed, siling im go down longa Pine Creek",critical,low,high,True,True,False,True,True,False
app_style,7,"ceiling caving in above the children, got a baby here, Lajamanu",critical,critical,critical,False,True,True,False,False,False
officer,7,Storm damage: ceiling sagging above the children's bedroom and roof leaking. Location: Lajamanu.,critical,critical,critical,False,True,True,False,False,False
sms,7,"ceiling caving in above the chldrn, got a bub here, lajamanu",critical,critical,critical,False,True,True,False,False,False
kriol_inf,7,"ruf lik ola wota la biginini bed, siling im go down longa Lajamanu",critical,low,high,True,True,False,True,True,False
app_style,7,"ceiling caving in above the children, got a baby here, Robinson River",critical,critical,critical,False,True,True,False,False,False
officer,7,Storm damage: ceiling sagging above the children's bedroom and roof leaking. Location: Robinson River.,critical,critical,critical,False,True,True,False,False,False
sms,7,"cieling cavin in above the chldrn, got a bub here, robinson river",critical,low,high,True,True,False,True,True,False
kriol_inf,7,"ruf lik ola wota la biginini bed, siling im go down longa Robinson River",critical,low,high,True,True,False,True,True,False
app_style,7,"roof is leaking right over my kids bed and the ceiling is sagging, got a baby here, Ti Tree",critical,critical,critical,False,True,True,False,False,False
officer,7,Storm damage: ceiling sagging above the children's bedroom and roof leaking. Location: Ti Tree.,critical,critical,critical,False,True,True,False,False,False
sms,7,"roof is leakin right over my kidz bed and the cieling is sagging, got a bub here, ti tree",critical,critical,critical,False,True,True,False,False,False
kriol_inf,7,"ruf lik ola wota la biginini bed, siling im go down longa Ti Tree",critical,low,high,True,True,False,True,True,False
app_style,7,"roof is leaking right over my kids bed and the ceiling is sagging, got a baby here, Darwin",critical,critical,critical,False,True,True,False,False,False
officer,7,Storm damage: ceiling sagging above the children's bedroom and roof leaking. Location: Darwin.,critical,critical,critical,False,True,True,False,False,False
sms,7,"roof is leakin right over my kidz bed and the cieling is saggin, got a bub here, darwin",critical,medium,high,True,True,False,True,True,False
kriol_inf,7,"ruf lik ola wota la biginini bed, siling im go down longa Darwin",critical,low,high,True,True,False,True,True,False
app_style,7,"roof is leaking right over my kids bed and the ceiling is sagging, got a baby here, Palmerston",critical,critical,critical,False,True,True,False,False,False
officer,7,Storm damage: ceiling sagging above the children's bedroom and roof leaking. Location: Palmerston.,critical,critical,critical,False,True,True,False,False,False
sms,7,"roof is leaking right over my kidz bed and the cieling is saggin, got a bub here, palmerston",critical,medium,high,True,True,False,True,True,False
kriol_inf,7,"ruf lik ola wota la biginini bed, siling im go down longa Palmerston",critical,low,high,True,True,False,True,True,False
app_style,7,"roof caving over the bedroom, got a baby here, Beswick",critical,critical,critical,False,True,True,False,False,False
officer,7,Storm damage: ceiling sagging above the children's bedroom and roof leaking. Location: Beswick.,critical,critical,critical,False,True,True,False,False,False
sms,7,"roof cavin over the bedroom, got a baby here, beswick",critical,medium,high,True,True,False,True,True,False
kriol_inf,7,"ruf lik ola wota la biginini bed, siling im go down longa Beswick",critical,low,high,True,True,False,True,True,False
app_style,7,"roof caving over the bedroom, got a baby here, Mataranka",critical,critical,critical,False,True,True,False,False,False
officer,7,Storm damage: ceiling sagging above the children's bedroom and roof leaking. Location: Mataranka.,critical,critical,critical,False,True,True,False,False,False
sms,7,"roof cavin over the bedroom, got a bub here, mataranka",critical,medium,high,True,True,False,True,True,False
kriol_inf,7,"ruf lik ola wota la biginini bed, siling im go down longa Mataranka",critical,low,high,True,True,False,True,True,False
app_style,7,"ceiling caving in above the children, got a baby here, Palmerston",critical,critical,critical,False,True,True,False,False,False
officer,7,Storm damage: ceiling sagging above the children's bedroom and roof leaking. Location: Palmerston.,critical,critical,critical,False,True,True,False,False,False
sms,7,"cieling caving in above the chldrn, got a baby here, palmerston",critical,critical,critical,False,True,True,False,False,False
kriol_inf,7,"ruf lik ola wota la biginini bed, siling im go down longa Palmerston",critical,low,high,True,True,False,True,True,False
app_style,7,"roof caving over the bedroom, got a baby here, Alice Springs",critical,critical,critical,False,True,True,False,False,False
officer,7,Storm damage: ceiling sagging above the children's bedroom and roof leaking. Location: Alice Springs.,critical,critical,critical,False,True,True,False,False,False
sms,7,"roof cavin over the bedroom, got a bub here, alice springs",critical,medium,high,True,True,False,True,True,False
kriol_inf,7,"ruf lik ola wota la biginini bed, siling im go down longa Alice Springs",critical,low,high,True,True,False,True,True,False
app_style,7,"roof is leaking right over my kids bed and the ceiling is sagging, got a baby here, Gunbalanya",critical,critical,critical,False,True,True,False,False,False
officer,7,Storm damage: ceiling sagging above the children's bedroom and roof leaking. Location: Gunbalanya.,critical,critical,critical,False,True,True,False,False,False
sms,7,"roof is leaking right over my kids bed and the ceiling is saggin, got a bub here, gunbalanya",critical,medium,high,True,True,False,True,True,False
kriol_inf,7,"ruf lik ola wota la biginini bed, siling im go down longa Gunbalanya",critical,low,high,True,True,False,True,True,False
app_style,7,"roof caving over the bedroom, got a baby here, Gapuwiyak",critical,critical,critical,False,True,True,False,False,False
officer,7,Storm damage: ceiling sagging above the children's bedroom and roof leaking. Location: Gapuwiyak.,critical,critical,critical,False,True,True,False,False,False
sms,7,"roof cavin over the bedroom, got a baby here, gapuwiyak",critical,medium,high,True,True,False,True,True,False
kriol_inf,7,"ruf lik ola wota la biginini bed, siling im go down longa Gapuwiyak",critical,low,high,True,True,False,True,True,False
app_style,7,"ceiling caving in above the children, got a baby here, Numbulwar",critical,critical,critical,False,True,True,False,False,False
officer,7,Storm damage: ceiling sagging above the children's bedroom and roof leaking. Location: Numbulwar.,critical,critical,critical,False,True,True,False,False,False
sms,7,"cieling cavin in above the chldrn, got a baby here, numbulwar",critical,low,high,True,True,False,True,True,False
kriol_inf,7,"ruf lik ola wota la biginini bed, siling im go down longa Numbulwar",critical,low,high,True,True,False,True,True,False
app_style,7,"roof caving over the bedroom, got a baby here, Elliott",critical,critical,critical,False,True,True,False,False,False
officer,7,Storm damage: ceiling sagging above the children's bedroom and roof leaking. Location: Elliott.,critical,critical,critical,False,True,True,False,False,False
sms,7,"roof cavin over the bedroom, got a baby here, elliott",critical,medium,high,True,True,False,True,True,False
kriol_inf,7,"ruf lik ola wota la biginini bed, siling im go down longa Elliott",critical,low,high,True,True,False,True,True,False
app_style,7,"roof caving over the bedroom, got a baby here, Daguragu",critical,critical,critical,False,True,True,False,False,False
officer,7,Storm damage: ceiling sagging above the children's bedroom and roof leaking. Location: Daguragu.,critical,critical,critical,False,True,True,False,False,False
sms,7,"roof cavin over the bedroom, got a bub here, daguragu",critical,medium,high,True,True,False,True,True,False
kriol_inf,7,"ruf lik ola wota la biginini bed, siling im go down longa Daguragu",critical,low,high,True,True,False,True,True,False
app_style,7,"roof is leaking right over my kids bed and the ceiling is sagging, got a baby here, Minyerri",critical,critical,critical,False,True,True,False,False,False
officer,7,Storm damage: ceiling sagging above the children's bedroom and roof leaking. Location: Minyerri.,critical,critical,critical,False,True,True,False,False,False
sms,7,"roof is leakin right over my kidz bed and the cieling is sagging, got a bub here, minyerri",critical,critical,critical,False,True,True,False,False,False
kriol_inf,7,"ruf lik ola wota la biginini bed, siling im go down longa Minyerri",critical,low,high,True,True,False,True,True,False
app_style,7,"roof caving over the bedroom, got a baby here, Minyerri",critical,critical,critical,False,True,True,False,False,False
officer,7,Storm damage: ceiling sagging above the children's bedroom and roof leaking. Location: Minyerri.,critical,critical,critical,False,True,True,False,False,False
sms,7,"roof cavin over the bedroom, got a baby here, minyerri",critical,medium,high,True,True,False,True,True,False
kriol_inf,7,"ruf lik ola wota la biginini bed, siling im go down longa Minyerri",critical,low,high,True,True,False,True,True,False
app_style,8,"floor gave way near the door, Humpty Doo",critical,critical,critical,False,True,True,False,False,False
officer,8,Structural crack through an external wall following the cyclone. Location: Humpty Doo.,critical,medium,high,True,True,False,True,True,False
sms,8,"floor gave way near the door, humpty doo",critical,critical,critical,False,True,True,False,False,False
kriol_inf,8,wol im brok big krak afta saiklon longa Humpty Doo,critical,low,high,True,True,False,True,True,False
app_style,8,"wall cracked right through after the cyclone, Timber Creek",critical,critical,critical,False,True,True,False,False,False
officer,8,Structural crack through an external wall following the cyclone. Location: Timber Creek.,critical,medium,high,True,True,False,True,True,False
sms,8,"wall cracked right through after the cyclone, timber creek",critical,critical,critical,False,True,True,False,False,False
kriol_inf,8,wol im brok big krak afta saiklon longa Timber Creek,critical,low,high,True,True,False,True,True,False
app_style,8,"wall cracked right through after the cyclone, Daguragu",critical,critical,critical,False,True,True,False,False,False
officer,8,Structural crack through an external wall following the cyclone. Location: Daguragu.,critical,medium,high,True,True,False,True,True,False
sms,8,"wall crakd right through after the cyclone, daguragu",critical,medium,high,True,True,False,True,True,False
kriol_inf,8,wol im brok big krak afta saiklon longa Daguragu,critical,low,high,True,True,False,True,True,False
app_style,8,"verandah posts collapsing, Alice Springs",critical,critical,critical,False,True,True,False,False,False
officer,8,Structural crack through an external wall following the cyclone. Location: Alice Springs.,critical,medium,high,True,True,False,True,True,False
sms,8,"verandah posts collapsing, alice springs",critical,critical,critical,False,True,True,False,False,False
kriol_inf,8,wol im brok big krak afta saiklon longa Alice Springs,critical,low,high,True,True,False,True,True,False
app_style,8,"verandah posts collapsing, Alice Springs",critical,critical,critical,False,True,True,False,False,False
officer,8,Structural crack through an external wall following the cyclone. Location: Alice Springs.,critical,medium,high,True,True,False,True,True,False
sms,8,"verandah posts collapsing, alice springs",critical,critical,critical,False,True,True,False,False,False
kriol_inf,8,wol im brok big krak afta saiklon longa Alice Springs,critical,low,high,True,True,False,True,True,False
app_style,8,"wall cracked right through after the cyclone, Yirrkala",critical,critical,critical,False,True,True,False,False,False
officer,8,Structural crack through an external wall following the cyclone. Location: Yirrkala.,critical,medium,high,True,True,False,True,True,False
sms,8,"wall crakd right through after the cyclone, yirrkala",critical,medium,high,True,True,False,True,True,False
kriol_inf,8,wol im brok big krak afta saiklon longa Yirrkala,critical,low,high,True,True,False,True,True,False
app_style,8,"verandah posts collapsing, Milingimbi",critical,critical,critical,False,True,True,False,False,False
officer,8,Structural crack through an external wall following the cyclone. Location: Milingimbi.,critical,medium,high,True,True,False,True,True,False
sms,8,"verandah posts collapsing, milingimbi",critical,critical,critical,False,True,True,False,False,False
kriol_inf,8,wol im brok big krak afta saiklon longa Milingimbi,critical,low,high,True,True,False,True,True,False
app_style,8,"wall cracked right through after the cyclone, Milingimbi",critical,critical,critical,False,True,True,False,False,False
officer,8,Structural crack through an external wall following the cyclone. Location: Milingimbi.,critical,medium,high,True,True,False,True,True,False
sms,8,"wall cracked right through after the cyclone, milingimbi",critical,critical,critical,False,True,True,False,False,False
kriol_inf,8,wol im brok big krak afta saiklon longa Milingimbi,critical,low,high,True,True,False,True,True,False
app_style,8,"wall cracked right through after the cyclone, Minyerri",critical,critical,critical,False,True,True,False,False,False
officer,8,Structural crack through an external wall following the cyclone. Location: Minyerri.,critical,medium,high,True,True,False,True,True,False
sms,8,"wall cracked right through after the cyclone, minyerri",critical,critical,critical,False,True,True,False,False,False
kriol_inf,8,wol im brok big krak afta saiklon longa Minyerri,critical,low,high,True,True,False,True,True,False
app_style,8,"wall cracked right through after the cyclone, Hermannsburg",critical,critical,critical,False,True,True,False,False,False
officer,8,Structural crack through an external wall following the cyclone. Location: Hermannsburg.,critical,medium,high,True,True,False,True,True,False
sms,8,"wall crakd right through after the cyclone, hermannsburg",critical,medium,high,True,True,False,True,True,False
kriol_inf,8,wol im brok big krak afta saiklon longa Hermannsburg,critical,low,high,True,True,False,True,True,False
app_style,8,"wall cracked right through after the cyclone, Yuendumu",critical,critical,critical,False,True,True,False,False,False
officer,8,Structural crack through an external wall following the cyclone. Location: Yuendumu.,critical,medium,high,True,True,False,True,True,False
sms,8,"wall crakd right through after the cyclone, yuendumu",critical,medium,high,True,True,False,True,True,False
kriol_inf,8,wol im brok big krak afta saiklon longa Yuendumu,critical,low,high,True,True,False,True,True,False
app_style,8,"verandah posts collapsing, Pine Creek",critical,critical,critical,False,True,True,False,False,False
officer,8,Structural crack through an external wall following the cyclone. Location: Pine Creek.,critical,medium,high,True,True,False,True,True,False
sms,8,"verandah posts collapsing, pine creek",critical,critical,critical,False,True,True,False,False,False
kriol_inf,8,wol im brok big krak afta saiklon longa Pine Creek,critical,low,high,True,True,False,True,True,False
app_style,8,"wall cracked right through after the cyclone, Hermannsburg",critical,critical,critical,False,True,True,False,False,False
officer,8,Structural crack through an external wall following the cyclone. Location: Hermannsburg.,critical,medium,high,True,True,False,True,True,False
sms,8,"wall crakd right through after the cyclone, hermannsburg",critical,medium,high,True,True,False,True,True,False
kriol_inf,8,wol im brok big krak afta saiklon longa Hermannsburg,critical,low,high,True,True,False,True,True,False
app_style,8,"verandah posts collapsing, Ramingining",critical,critical,critical,False,True,True,False,False,False
officer,8,Structural crack through an external wall following the cyclone. Location: Ramingining.,critical,medium,high,True,True,False,True,True,False
sms,8,"verandah posts collapsing, ramingining",critical,critical,critical,False,True,True,False,False,False
kriol_inf,8,wol im brok big krak afta saiklon longa Ramingining,critical,low,high,True,True,False,True,True,False
app_style,8,"floor gave way near the door, Alyangula",critical,critical,critical,False,True,True,False,False,False
officer,8,Structural crack through an external wall following the cyclone. Location: Alyangula.,critical,medium,high,True,True,False,True,True,False
sms,8,"floor gave way near the door, alyangula",critical,critical,critical,False,True,True,False,False,False
kriol_inf,8,wol im brok big krak afta saiklon longa Alyangula,critical,low,high,True,True,False,True,True,False
app_style,8,"wall cracked right through after the cyclone, Robinson River",critical,critical,critical,False,True,True,False,False,False
officer,8,Structural crack through an external wall following the cyclone. Location: Robinson River.,critical,medium,high,True,True,False,True,True,False
sms,8,"wall crakd right through after the cyclone, robinson river",critical,medium,high,True,True,False,True,True,False
kriol_inf,8,wol im brok big krak afta saiklon longa Robinson River,critical,low,high,True,True,False,True,True,False
app_style,8,"floor gave way near the door, Timber Creek",critical,critical,critical,False,True,True,False,False,False
officer,8,Structural crack through an external wall following the cyclone. Location: Timber Creek.,critical,medium,high,True,True,False,True,True,False
sms,8,"floor gave way near the door, timber creek",critical,critical,critical,False,True,True,False,False,False
kriol_inf,8,wol im brok big krak afta saiklon longa Timber Creek,critical,low,high,True,True,False,True,True,False
app_style,8,"verandah posts collapsing, Pirlangimpi",critical,critical,critical,False,True,True,False,False,False
officer,8,Structural crack through an external wall following the cyclone. Location: Pirlangimpi.,critical,medium,high,True,True,False,True,True,False
sms,8,"verandah posts collapsing, pirlangimpi",critical,critical,critical,False,True,True,False,False,False
kriol_inf,8,wol im brok big krak afta saiklon longa Pirlangimpi,critical,low,high,True,True,False,True,True,False
app_style,8,"wall cracked right through after the cyclone, Kalkarindji",critical,critical,critical,False,True,True,False,False,False
officer,8,Structural crack through an external wall following the cyclone. Location: Kalkarindji.,critical,medium,high,True,True,False,True,True,False
sms,8,"wall cracked right through after the cyclone, kalkarindji",critical,critical,critical,False,True,True,False,False,False
kriol_inf,8,wol im brok big krak afta saiklon longa Kalkarindji,critical,low,high,True,True,False,True,True,False
app_style,8,"floor gave way near the door, Kalkarindji",critical,critical,critical,False,True,True,False,False,False
officer,8,Structural crack through an external wall following the cyclone. Location: Kalkarindji.,critical,medium,high,True,True,False,True,True,False
sms,8,"floor gave way near the door, kalkarindji",critical,critical,critical,False,True,True,False,False,False
kriol_inf,8,wol im brok big krak afta saiklon longa Kalkarindji,critical,low,high,True,True,False,True,True,False
app_style,8,"verandah posts collapsing, Jabiru",critical,critical,critical,False,True,True,False,False,False
officer,8,Structural crack through an external wall following the cyclone. Location: Jabiru.,critical,medium,high,True,True,False,True,True,False
sms,8,"verandah posts collapsing, jabiru",critical,critical,critical,False,True,True,False,False,False
kriol_inf,8,wol im brok big krak afta saiklon longa Jabiru,critical,low,high,True,True,False,True,True,False
app_style,8,"floor gave way near the door, Humpty Doo",critical,critical,critical,False,True,True,False,False,False
officer,8,Structural crack through an external wall following the cyclone. Location: Humpty Doo.,critical,medium,high,True,True,False,True,True,False
sms,8,"floor gave way near the door, humpty doo",critical,critical,critical,False,True,True,False,False,False
kriol_inf,8,wol im brok big krak afta saiklon longa Humpty Doo,critical,low,high,True,True,False,True,True,False
app_style,8,"verandah posts collapsing, Ti Tree",critical,critical,critical,False,True,True,False,False,False
officer,8,Structural crack through an external wall following the cyclone. Location: Ti Tree.,critical,medium,high,True,True,False,True,True,False
sms,8,"verandah posts collapsing, ti tree",critical,critical,critical,False,True,True,False,False,False
kriol_inf,8,wol im brok big krak afta saiklon longa Ti Tree,critical,low,high,True,True,False,True,True,False
app_style,8,"verandah posts collapsing, Humpty Doo",critical,critical,critical,False,True,True,False,False,False
officer,8,Structural crack through an external wall following the cyclone. Location: Humpty Doo.,critical,medium,high,True,True,False,True,True,False
sms,8,"verandah posts collapsing, humpty doo",critical,critical,critical,False,True,True,False,False,False
kriol_inf,8,wol im brok big krak afta saiklon longa Humpty Doo,critical,low,high,True,True,False,True,True,False
app_style,8,"floor gave way near the door, Adelaide River",critical,critical,critical,False,True,True,False,False,False
officer,8,Structural crack through an external wall following the cyclone. Location: Adelaide River.,critical,medium,high,True,True,False,True,True,False
sms,8,"floor gave way near the door, adelaide river",critical,critical,critical,False,True,True,False,False,False
kriol_inf,8,wol im brok big krak afta saiklon longa Adelaide River,critical,low,high,True,True,False,True,True,False
app_style,8,"wall cracked right through after the cyclone, Batchelor",critical,critical,critical,False,True,True,False,False,False
officer,8,Structural crack through an external wall following the cyclone. Location: Batchelor.,critical,medium,high,True,True,False,True,True,False
sms,8,"wall cracked right through after the cyclone, batchelor",critical,critical,critical,False,True,True,False,False,False
kriol_inf,8,wol im brok big krak afta saiklon longa Batchelor,critical,low,high,True,True,False,True,True,False
app_style,8,"verandah posts collapsing, Borroloola",critical,critical,critical,False,True,True,False,False,False
officer,8,Structural crack through an external wall following the cyclone. Location: Borroloola.,critical,medium,high,True,True,False,True,True,False
sms,8,"verandah posts collapsing, borroloola",critical,critical,critical,False,True,True,False,False,False
kriol_inf,8,wol im brok big krak afta saiklon longa Borroloola,critical,low,high,True,True,False,True,True,False
app_style,8,"wall cracked right through after the cyclone, Mataranka",critical,critical,critical,False,True,True,False,False,False
officer,8,Structural crack through an external wall following the cyclone. Location: Mataranka.,critical,medium,high,True,True,False,True,True,False
sms,8,"wall cracked right through after the cyclone, mataranka",critical,critical,critical,False,True,True,False,False,False
kriol_inf,8,wol im brok big krak afta saiklon longa Mataranka,critical,low,high,True,True,False,True,True,False
app_style,8,"wall cracked right through after the cyclone, Ti Tree",critical,critical,critical,False,True,True,False,False,False
officer,8,Structural crack through an external wall following the cyclone. Location: Ti Tree.,critical,medium,high,True,True,False,True,True,False
sms,8,"wall crakd right through after the cyclone, ti tree",critical,medium,high,True,True,False,True,True,False
kriol_inf,8,wol im brok big krak afta saiklon longa Ti Tree,critical,low,high,True,True,False,True,True,False
app_style,8,"verandah posts collapsing, Alice Springs",critical,critical,critical,False,True,True,False,False,False
officer,8,Structural crack through an external wall following the cyclone. Location: Alice Springs.,critical,medium,high,True,True,False,True,True,False
sms,8,"verandah posts collapsing, alice springs",critical,critical,critical,False,True,True,False,False,False
kriol_inf,8,wol im brok big krak afta saiklon longa Alice Springs,critical,low,high,True,True,False,True,True,False
app_style,9,"no aircon and the kids cant sleep, got a baby here, my nan lives here, Minyerri",high,high,high,False,True,True,False,False,False
officer,9,Air-conditioning unit failed during a heatwave; infant and elderly occupants. Location: Minyerri.,high,low,high,True,True,False,True,True,False
sms,9,"no a/c and the kidz cant sleep, got a bub here, my nan lives here, minyerri",high,low,high,True,True,False,True,True,False
kriol_inf,9,"aircon nomo werk, too hot, biginini en olgamen kan sliip longa Minyerri",high,high,high,False,True,True,False,False,False
app_style,9,"aircon dead and its 40 degrees, got a baby here, my nan lives here, Umbakumba",high,high,high,False,True,True,False,False,False
officer,9,Air-conditioning unit failed during a heatwave; infant and elderly occupants. Location: Umbakumba.,high,low,high,True,True,False,True,True,False
sms,9,"a/c ded and its 40 deg, got a bub here, my nan lives here, umbakumba",high,low,high,True,True,False,True,True,False
kriol_inf,9,"aircon nomo werk, too hot, biginini en olgamen kan sliip longa Umbakumba",high,high,high,False,True,True,False,False,False
app_style,9,"aircon dead and its 40 degrees, got a baby here, my nan lives here, Barunga",high,high,high,False,True,True,False,False,False
officer,9,Air-conditioning unit failed during a heatwave; infant and elderly occupants. Location: Barunga.,high,low,high,True,True,False,True,True,False
sms,9,"aircon dead and its 40 deg, got a bub here, my nan lives here, barunga",high,high,high,False,True,True,False,False,False
kriol_inf,9,"aircon nomo werk, too hot, biginini en olgamen kan sliip longa Barunga",high,high,high,False,True,True,False,False,False
app_style,9,"no aircon and the kids cant sleep, got a baby here, my nan lives here, Borroloola",high,high,high,False,True,True,False,False,False
officer,9,Air-conditioning unit failed during a heatwave; infant and elderly occupants. Location: Borroloola.,high,low,high,True,True,False,True,True,False
sms,9,"no a/c and the kidz cant sleep, got a baby here, my nan lives here, borroloola",high,low,high,True,True,False,True,True,False
kriol_inf,9,"aircon nomo werk, too hot, biginini en olgamen kan sliip longa Borroloola",high,high,high,False,True,True,False,False,False
app_style,9,"no aircon and the kids cant sleep, got a baby here, my nan lives here, Alyangula",high,high,high,False,True,True,False,False,False
officer,9,Air-conditioning unit failed during a heatwave; infant and elderly occupants. Location: Alyangula.,high,low,high,True,True,False,True,True,False
sms,9,"no aircon and the kidz cant sleep, got a bub here, my nan lives here, alyangula",high,high,high,False,True,True,False,False,False
kriol_inf,9,"aircon nomo werk, too hot, biginini en olgamen kan sliip longa Alyangula",high,high,high,False,True,True,False,False,False
app_style,9,"split system died in the heat, got a baby here, my nan lives here, Barunga",high,medium,high,True,True,False,True,True,False
officer,9,Air-conditioning unit failed during a heatwave; infant and elderly occupants. Location: Barunga.,high,low,high,True,True,False,True,True,False
sms,9,"split system died in the heat, got a baby here, my nan lives here, barunga",high,medium,high,True,True,False,True,True,False
kriol_inf,9,"aircon nomo werk, too hot, biginini en olgamen kan sliip longa Barunga",high,high,high,False,True,True,False,False,False
app_style,9,"aircon dead and its 40 degrees, got a baby here, my nan lives here, Darwin",high,high,high,False,True,True,False,False,False
officer,9,Air-conditioning unit failed during a heatwave; infant and elderly occupants. Location: Darwin.,high,low,high,True,True,False,True,True,False
sms,9,"a/c ded and its 40 degrees, got a bub here, my nan lives here, darwin",high,low,high,True,True,False,True,True,False
kriol_inf,9,"aircon nomo werk, too hot, biginini en olgamen kan sliip longa Darwin",high,high,high,False,True,True,False,False,False
app_style,9,"aircon dead and its 40 degrees, got a baby here, my nan lives here, Peppimenarti",high,high,high,False,True,True,False,False,False
officer,9,Air-conditioning unit failed during a heatwave; infant and elderly occupants. Location: Peppimenarti.,high,low,high,True,True,False,True,True,False
sms,9,"aircon ded and its 40 deg, got a baby here, my nan lives here, peppimenarti",high,high,high,False,True,True,False,False,False
kriol_inf,9,"aircon nomo werk, too hot, biginini en olgamen kan sliip longa Peppimenarti",high,high,high,False,True,True,False,False,False
app_style,9,"aircon dead and its 40 degrees, got a baby here, my nan lives here, Docker River",high,high,high,False,True,True,False,False,False
officer,9,Air-conditioning unit failed during a heatwave; infant and elderly occupants. Location: Docker River.,high,low,high,True,True,False,True,True,False
sms,9,"a/c ded and its 40 deg, got a bub here, my nan lives here, docker river",high,low,high,True,True,False,True,True,False
kriol_inf,9,"aircon nomo werk, too hot, biginini en olgamen kan sliip longa Docker River",high,high,high,False,True,True,False,False,False
app_style,9,"no aircon and the kids cant sleep, got a baby here, my nan lives here, Katherine",high,high,high,False,True,True,False,False,False
officer,9,Air-conditioning unit failed during a heatwave; infant and elderly occupants. Location: Katherine.,high,low,high,True,True,False,True,True,False
sms,9,"no aircon and the kidz cant sleep, got a bub here, my nan lives here, katherine",high,high,high,False,True,True,False,False,False
kriol_inf,9,"aircon nomo werk, too hot, biginini en olgamen kan sliip longa Katherine",high,high,high,False,True,True,False,False,False
app_style,9,"aircon dead and its 40 degrees, got a baby here, my nan lives here, Gapuwiyak",high,high,high,False,True,True,False,False,False
officer,9,Air-conditioning unit failed during a heatwave; infant and elderly occupants. Location: Gapuwiyak.,high,low,high,True,True,False,True,True,False
sms,9,"a/c dead and its 40 deg, got a baby here, my nan lives here, gapuwiyak",high,low,high,True,True,False,True,True,False
kriol_inf,9,"aircon nomo werk, too hot, biginini en olgamen kan sliip longa Gapuwiyak",high,high,high,False,True,True,False,False,False
app_style,9,"no aircon and the kids cant sleep, got a baby here, my nan lives here, Docker River",high,high,high,False,True,True,False,False,False
officer,9,Air-conditioning unit failed during a heatwave; infant and elderly occupants. Location: Docker River.,high,low,high,True,True,False,True,True,False
sms,9,"no a/c and the kidz cant sleep, got a bub here, my nan lives here, docker river",high,low,high,True,True,False,True,True,False
kriol_inf,9,"aircon nomo werk, too hot, biginini en olgamen kan sliip longa Docker River",high,high,high,False,True,True,False,False,False
app_style,9,"aircon dead and its 40 degrees, got a baby here, my nan lives here, Humpty Doo",high,high,high,False,True,True,False,False,False
officer,9,Air-conditioning unit failed during a heatwave; infant and elderly occupants. Location: Humpty Doo.,high,low,high,True,True,False,True,True,False
sms,9,"a/c dead and its 40 deg, got a bub here, my nan lives here, humpty doo",high,low,high,True,True,False,True,True,False
kriol_inf,9,"aircon nomo werk, too hot, biginini en olgamen kan sliip longa Humpty Doo",high,high,high,False,True,True,False,False,False
app_style,9,"split system died in the heat, got a baby here, my nan lives here, Umbakumba",high,medium,high,True,True,False,True,True,False
officer,9,Air-conditioning unit failed during a heatwave; infant and elderly occupants. Location: Umbakumba.,high,low,high,True,True,False,True,True,False
sms,9,"split system died in the heat, got a bub here, my nan lives here, umbakumba",high,medium,high,True,True,False,True,True,False
kriol_inf,9,"aircon nomo werk, too hot, biginini en olgamen kan sliip longa Umbakumba",high,high,high,False,True,True,False,False,False
app_style,9,"aircon dead and its 40 degrees, got a baby here, my nan lives here, Palumpa",high,high,high,False,True,True,False,False,False
officer,9,Air-conditioning unit failed during a heatwave; infant and elderly occupants. Location: Palumpa.,high,low,high,True,True,False,True,True,False
sms,9,"a/c ded and its 40 deg, got a bub here, my nan lives here, palumpa",high,low,high,True,True,False,True,True,False
kriol_inf,9,"aircon nomo werk, too hot, biginini en olgamen kan sliip longa Palumpa",high,high,high,False,True,True,False,False,False
app_style,9,"aircon dead and its 40 degrees, got a baby here, my nan lives here, Pine Creek",high,high,high,False,True,True,False,False,False
officer,9,Air-conditioning unit failed during a heatwave; infant and elderly occupants. Location: Pine Creek.,high,low,high,True,True,False,True,True,False
sms,9,"aircon dead and its 40 deg, got a bub here, my nan lives here, pine creek",high,high,high,False,True,True,False,False,False
kriol_inf,9,"aircon nomo werk, too hot, biginini en olgamen kan sliip longa Pine Creek",high,high,high,False,True,True,False,False,False
app_style,9,"aircon dead and its 40 degrees, got a baby here, my nan lives here, Wurrumiyanga",high,high,high,False,True,True,False,False,False
officer,9,Air-conditioning unit failed during a heatwave; infant and elderly occupants. Location: Wurrumiyanga.,high,low,high,True,True,False,True,True,False
sms,9,"aircon dead and its 40 deg, got a bub here, my nan lives here, wurrumiyanga",high,high,high,False,True,True,False,False,False
kriol_inf,9,"aircon nomo werk, too hot, biginini en olgamen kan sliip longa Wurrumiyanga",high,high,high,False,True,True,False,False,False
app_style,9,"aircon dead and its 40 degrees, got a baby here, my nan lives here, Pirlangimpi",high,high,high,False,True,True,False,False,False
officer,9,Air-conditioning unit failed during a heatwave; infant and elderly occupants. Location: Pirlangimpi.,high,low,high,True,True,False,True,True,False
sms,9,"a/c dead and its 40 deg, got a bub here, my nan lives here, pirlangimpi",high,low,high,True,True,False,True,True,False
kriol_inf,9,"aircon nomo werk, too hot, biginini en olgamen kan sliip longa Pirlangimpi",high,high,high,False,True,True,False,False,False
app_style,9,"no aircon and the kids cant sleep, got a baby here, my nan lives here, Pine Creek",high,high,high,False,True,True,False,False,False
officer,9,Air-conditioning unit failed during a heatwave; infant and elderly occupants. Location: Pine Creek.,high,low,high,True,True,False,True,True,False
sms,9,"no a/c and the kids cant sleep, got a bub here, my nan lives here, pine creek",high,low,high,True,True,False,True,True,False
kriol_inf,9,"aircon nomo werk, too hot, biginini en olgamen kan sliip longa Pine Creek",high,high,high,False,True,True,False,False,False
app_style,9,"aircon dead and its 40 degrees, got a baby here, my nan lives here, Pirlangimpi",high,high,high,False,True,True,False,False,False
officer,9,Air-conditioning unit failed during a heatwave; infant and elderly occupants. Location: Pirlangimpi.,high,low,high,True,True,False,True,True,False
sms,9,"a/c dead and its 40 degrees, got a bub here, my nan lives here, pirlangimpi",high,low,high,True,True,False,True,True,False
kriol_inf,9,"aircon nomo werk, too hot, biginini en olgamen kan sliip longa Pirlangimpi",high,high,high,False,True,True,False,False,False
app_style,9,"split system died in the heat, got a baby here, my nan lives here, Barunga",high,medium,high,True,True,False,True,True,False
officer,9,Air-conditioning unit failed during a heatwave; infant and elderly occupants. Location: Barunga.,high,low,high,True,True,False,True,True,False
sms,9,"split system died in the heat, got a bub here, my nan lives here, barunga",high,medium,high,True,True,False,True,True,False
kriol_inf,9,"aircon nomo werk, too hot, biginini en olgamen kan sliip longa Barunga",high,high,high,False,True,True,False,False,False
app_style,9,"split system died in the heat, got a baby here, my nan lives here, Numbulwar",high,medium,high,True,True,False,True,True,False
officer,9,Air-conditioning unit failed during a heatwave; infant and elderly occupants. Location: Numbulwar.,high,low,high,True,True,False,True,True,False
sms,9,"split system died in the heat, got a bub here, my nan lives here, numbulwar",high,medium,high,True,True,False,True,True,False
kriol_inf,9,"aircon nomo werk, too hot, biginini en olgamen kan sliip longa Numbulwar",high,high,high,False,True,True,False,False,False
app_style,9,"split system died in the heat, got a baby here, my nan lives here, Ti Tree",high,medium,high,True,True,False,True,True,False
officer,9,Air-conditioning unit failed during a heatwave; infant and elderly occupants. Location: Ti Tree.,high,low,high,True,True,False,True,True,False
sms,9,"split system died in the heat, got a bub here, my nan lives here, ti tree",high,medium,high,True,True,False,True,True,False
kriol_inf,9,"aircon nomo werk, too hot, biginini en olgamen kan sliip longa Ti Tree",high,high,high,False,True,True,False,False,False
app_style,9,"no aircon and the kids cant sleep, got a baby here, my nan lives here, Ti Tree",high,high,high,False,True,True,False,False,False
officer,9,Air-conditioning unit failed during a heatwave; infant and elderly occupants. Location: Ti Tree.,high,low,high,True,True,False,True,True,False
sms,9,"no a/c and the kidz cant sleep, got a bub here, my nan lives here, ti tree",high,low,high,True,True,False,True,True,False
kriol_inf,9,"aircon nomo werk, too hot, biginini en olgamen kan sliip longa Ti Tree",high,high,high,False,True,True,False,False,False
app_style,9,"aircon dead and its 40 degrees, got a baby here, my nan lives here, Ti Tree",high,high,high,False,True,True,False,False,False
officer,9,Air-conditioning unit failed during a heatwave; infant and elderly occupants. Location: Ti Tree.,high,low,high,True,True,False,True,True,False
sms,9,"a/c ded and its 40 deg, got a bub here, my nan lives here, ti tree",high,low,high,True,True,False,True,True,False
kriol_inf,9,"aircon nomo werk, too hot, biginini en olgamen kan sliip longa Ti Tree",high,high,high,False,True,True,False,False,False
app_style,9,"no aircon and the kids cant sleep, got a baby here, my nan lives here, Papunya",high,high,high,False,True,True,False,False,False
officer,9,Air-conditioning unit failed during a heatwave; infant and elderly occupants. Location: Papunya.,high,low,high,True,True,False,True,True,False
sms,9,"no a/c and the kidz cant sleep, got a bub here, my nan lives here, papunya",high,low,high,True,True,False,True,True,False
kriol_inf,9,"aircon nomo werk, too hot, biginini en olgamen kan sliip longa Papunya",high,high,high,False,True,True,False,False,False
app_style,9,"aircon dead and its 40 degrees, got a baby here, my nan lives here, Peppimenarti",high,high,high,False,True,True,False,False,False
officer,9,Air-conditioning unit failed during a heatwave; infant and elderly occupants. Location: Peppimenarti.,high,low,high,True,True,False,True,True,False
sms,9,"a/c dead and its 40 deg, got a bub here, my nan lives here, peppimenarti",high,low,high,True,True,False,True,True,False
kriol_inf,9,"aircon nomo werk, too hot, biginini en olgamen kan sliip longa Peppimenarti",high,high,high,False,True,True,False,False,False
app_style,9,"split system died in the heat, got a baby here, my nan lives here, Minyerri",high,medium,high,True,True,False,True,True,False
officer,9,Air-conditioning unit failed during a heatwave; infant and elderly occupants. Location: Minyerri.,high,low,high,True,True,False,True,True,False
sms,9,"split system died in the heat, got a bub here, my nan lives here, minyerri",high,medium,high,True,True,False,True,True,False
kriol_inf,9,"aircon nomo werk, too hot, biginini en olgamen kan sliip longa Minyerri",high,high,high,False,True,True,False,False,False
app_style,9,"split system died in the heat, got a baby here, my nan lives here, Mataranka",high,medium,high,True,True,False,True,True,False
officer,9,Air-conditioning unit failed during a heatwave; infant and elderly occupants. Location: Mataranka.,high,low,high,True,True,False,True,True,False
sms,9,"split system died in the heat, got a baby here, my nan lives here, mataranka",high,medium,high,True,True,False,True,True,False
kriol_inf,9,"aircon nomo werk, too hot, biginini en olgamen kan sliip longa Mataranka",high,high,high,False,True,True,False,False,False
app_style,9,"aircon dead and its 40 degrees, got a baby here, my nan lives here, Peppimenarti",high,high,high,False,True,True,False,False,False
officer,9,Air-conditioning unit failed during a heatwave; infant and elderly occupants. Location: Peppimenarti.,high,low,high,True,True,False,True,True,False
sms,9,"aircon ded and its 40 deg, got a bub here, my nan lives here, peppimenarti",high,high,high,False,True,True,False,False,False
kriol_inf,9,"aircon nomo werk, too hot, biginini en olgamen kan sliip longa Peppimenarti",high,high,high,False,True,True,False,False,False
app_style,10,"split system leaking water, Maningrida",medium,medium,high,True,False,True,False,False,False
officer,10,Bedroom ceiling fan not operational. Location: Maningrida.,medium,medium,high,True,False,True,False,False,False
sms,10,"split system leaking wata, maningrida",medium,medium,high,True,False,True,False,False,False
kriol_inf,10,fan brok la bedrum longa Maningrida,medium,medium,high,True,False,True,False,False,False
app_style,10,"aircon not cooling properly, Minyerri",medium,medium,high,True,False,True,False,False,False
officer,10,Bedroom ceiling fan not operational. Location: Minyerri.,medium,medium,high,True,False,True,False,False,False
sms,10,"a/c not cooling properly, minyerri",medium,medium,high,True,False,True,False,False,False
kriol_inf,10,fan brok la bedrum longa Minyerri,medium,medium,high,True,False,True,False,False,False
app_style,10,"fan broke in the bedroom, Umbakumba",medium,medium,high,True,False,True,False,False,False
officer,10,Bedroom ceiling fan not operational. Location: Umbakumba.,medium,medium,high,True,False,True,False,False,False
sms,10,"fan broke in the bedroom, umbakumba",medium,medium,high,True,False,True,False,False,False
kriol_inf,10,fan brok la bedrum longa Umbakumba,medium,medium,high,True,False,True,False,False,False
app_style,10,"aircon not cooling properly, Yuendumu",medium,medium,high,True,False,True,False,False,False
officer,10,Bedroom ceiling fan not operational. Location: Yuendumu.,medium,medium,high,True,False,True,False,False,False
sms,10,"a/c not cooling properly, yuendumu",medium,medium,high,True,False,True,False,False,False
kriol_inf,10,fan brok la bedrum longa Yuendumu,medium,medium,high,True,False,True,False,False,False
app_style,10,"fan broke in the bedroom, Mataranka",medium,medium,high,True,False,True,False,False,False
officer,10,Bedroom ceiling fan not operational. Location: Mataranka.,medium,medium,high,True,False,True,False,False,False
sms,10,"fan broke in the bedroom, mataranka",medium,medium,high,True,False,True,False,False,False
kriol_inf,10,fan brok la bedrum longa Mataranka,medium,medium,high,True,False,True,False,False,False
app_style,10,"aircon not cooling properly, Pine Creek",medium,medium,high,True,False,True,False,False,False
officer,10,Bedroom ceiling fan not operational. Location: Pine Creek.,medium,medium,high,True,False,True,False,False,False
sms,10,"a/c not cooling properly, pine creek",medium,medium,high,True,False,True,False,False,False
kriol_inf,10,fan brok la bedrum longa Pine Creek,medium,medium,high,True,False,True,False,False,False
app_style,10,"fan broke in the bedroom, Pirlangimpi",medium,medium,high,True,False,True,False,False,False
officer,10,Bedroom ceiling fan not operational. Location: Pirlangimpi.,medium,medium,high,True,False,True,False,False,False
sms,10,"fan broke in the bedroom, pirlangimpi",medium,medium,high,True,False,True,False,False,False
kriol_inf,10,fan brok la bedrum longa Pirlangimpi,medium,medium,high,True,False,True,False,False,False
app_style,10,"fan broke in the bedroom, Alyangula",medium,medium,high,True,False,True,False,False,False
officer,10,Bedroom ceiling fan not operational. Location: Alyangula.,medium,medium,high,True,False,True,False,False,False
sms,10,"fan broke in the bedroom, alyangula",medium,medium,high,True,False,True,False,False,False
kriol_inf,10,fan brok la bedrum longa Alyangula,medium,medium,high,True,False,True,False,False,False
app_style,10,"aircon not cooling properly, Alice Springs",medium,medium,high,True,False,True,False,False,False
officer,10,Bedroom ceiling fan not operational. Location: Alice Springs.,medium,medium,high,True,False,True,False,False,False
sms,10,"a/c not cooling properly, alice springs",medium,medium,high,True,False,True,False,False,False
kriol_inf,10,fan brok la bedrum longa Alice Springs,medium,medium,high,True,False,True,False,False,False
app_style,10,"aircon not cooling properly, Peppimenarti",medium,medium,high,True,False,True,False,False,False
officer,10,Bedroom ceiling fan not operational. Location: Peppimenarti.,medium,medium,high,True,False,True,False,False,False
sms,10,"a/c not cooling properly, peppimenarti",medium,medium,high,True,False,True,False,False,False
kriol_inf,10,fan brok la bedrum longa Peppimenarti,medium,medium,high,True,False,True,False,False,False
app_style,10,"fan broke in the bedroom, Angurugu",medium,medium,high,True,False,True,False,False,False
officer,10,Bedroom ceiling fan not operational. Location: Angurugu.,medium,medium,high,True,False,True,False,False,False
sms,10,"fan broke in the bedroom, angurugu",medium,medium,high,True,False,True,False,False,False
kriol_inf,10,fan brok la bedrum longa Angurugu,medium,medium,high,True,False,True,False,False,False
app_style,10,"split system leaking water, Ti Tree",medium,medium,high,True,False,True,False,False,False
officer,10,Bedroom ceiling fan not operational. Location: Ti Tree.,medium,medium,high,True,False,True,False,False,False
sms,10,"split system leakin wata, ti tree",medium,medium,high,True,False,True,False,False,False
kriol_inf,10,fan brok la bedrum longa Ti Tree,medium,medium,high,True,False,True,False,False,False
app_style,10,"aircon not cooling properly, Minyerri",medium,medium,high,True,False,True,False,False,False
officer,10,Bedroom ceiling fan not operational. Location: Minyerri.,medium,medium,high,True,False,True,False,False,False
sms,10,"a/c not cooling properly, minyerri",medium,medium,high,True,False,True,False,False,False
kriol_inf,10,fan brok la bedrum longa Minyerri,medium,medium,high,True,False,True,False,False,False
app_style,10,"aircon not cooling properly, Papunya",medium,medium,high,True,False,True,False,False,False
officer,10,Bedroom ceiling fan not operational. Location: Papunya.,medium,medium,high,True,False,True,False,False,False
sms,10,"a/c not cooling properly, papunya",medium,medium,high,True,False,True,False,False,False
kriol_inf,10,fan brok la bedrum longa Papunya,medium,medium,high,True,False,True,False,False,False
app_style,10,"aircon not cooling properly, Kalkarindji",medium,medium,high,True,False,True,False,False,False
officer,10,Bedroom ceiling fan not operational. Location: Kalkarindji.,medium,medium,high,True,False,True,False,False,False
sms,10,"a/c not cooling properly, kalkarindji",medium,medium,high,True,False,True,False,False,False
kriol_inf,10,fan brok la bedrum longa Kalkarindji,medium,medium,high,True,False,True,False,False,False
app_style,10,"aircon not cooling properly, Minjilang",medium,medium,high,True,False,True,False,False,False
officer,10,Bedroom ceiling fan not operational. Location: Minjilang.,medium,medium,high,True,False,True,False,False,False
sms,10,"aircon not cooling properly, minjilang",medium,medium,high,True,False,True,False,False,False
kriol_inf,10,fan brok la bedrum longa Minjilang,medium,medium,high,True,False,True,False,False,False
app_style,10,"aircon not cooling properly, Katherine",medium,medium,high,True,False,True,False,False,False
officer,10,Bedroom ceiling fan not operational. Location: Katherine.,medium,medium,high,True,False,True,False,False,False
sms,10,"a/c not cooling properly, katherine",medium,medium,high,True,False,True,False,False,False
kriol_inf,10,fan brok la bedrum longa Katherine,medium,medium,high,True,False,True,False,False,False
app_style,10,"split system leaking water, Mataranka",medium,medium,high,True,False,True,False,False,False
officer,10,Bedroom ceiling fan not operational. Location: Mataranka.,medium,medium,high,True,False,True,False,False,False
sms,10,"split system leaking water, mataranka",medium,medium,high,True,False,True,False,False,False
kriol_inf,10,fan brok la bedrum longa Mataranka,medium,medium,high,True,False,True,False,False,False
app_style,10,"split system leaking water, Milikapiti",medium,medium,high,True,False,True,False,False,False
officer,10,Bedroom ceiling fan not operational. Location: Milikapiti.,medium,medium,high,True,False,True,False,False,False
sms,10,"split system leaking wata, milikapiti",medium,medium,high,True,False,True,False,False,False
kriol_inf,10,fan brok la bedrum longa Milikapiti,medium,medium,high,True,False,True,False,False,False
app_style,10,"split system leaking water, Ramingining",medium,medium,high,True,False,True,False,False,False
officer,10,Bedroom ceiling fan not operational. Location: Ramingining.,medium,medium,high,True,False,True,False,False,False
sms,10,"split system leaking wata, ramingining",medium,medium,high,True,False,True,False,False,False
kriol_inf,10,fan brok la bedrum longa Ramingining,medium,medium,high,True,False,True,False,False,False
app_style,10,"split system leaking water, Palumpa",medium,medium,high,True,False,True,False,False,False
officer,10,Bedroom ceiling fan not operational. Location: Palumpa.,medium,medium,high,True,False,True,False,False,False
sms,10,"split system leakin wata, palumpa",medium,medium,high,True,False,True,False,False,False
kriol_inf,10,fan brok la bedrum longa Palumpa,medium,medium,high,True,False,True,False,False,False
app_style,10,"fan broke in the bedroom, Ramingining",medium,medium,high,True,False,True,False,False,False
officer,10,Bedroom ceiling fan not operational. Location: Ramingining.,medium,medium,high,True,False,True,False,False,False
sms,10,"fan broke in the bedroom, ramingining",medium,medium,high,True,False,True,False,False,False
kriol_inf,10,fan brok la bedrum longa Ramingining,medium,medium,high,True,False,True,False,False,False
app_style,10,"fan broke in the bedroom, Pine Creek",medium,medium,high,True,False,True,False,False,False
officer,10,Bedroom ceiling fan not operational. Location: Pine Creek.,medium,medium,high,True,False,True,False,False,False
sms,10,"fan broke in the bedroom, pine creek",medium,medium,high,True,False,True,False,False,False
kriol_inf,10,fan brok la bedrum longa Pine Creek,medium,medium,high,True,False,True,False,False,False
app_style,10,"aircon not cooling properly, Alyangula",medium,medium,high,True,False,True,False,False,False
officer,10,Bedroom ceiling fan not operational. Location: Alyangula.,medium,medium,high,True,False,True,False,False,False
sms,10,"a/c not cooling properly, alyangula",medium,medium,high,True,False,True,False,False,False
kriol_inf,10,fan brok la bedrum longa Alyangula,medium,medium,high,True,False,True,False,False,False
app_style,10,"aircon not cooling properly, Beswick",medium,medium,high,True,False,True,False,False,False
officer,10,Bedroom ceiling fan not operational. Location: Beswick.,medium,medium,high,True,False,True,False,False,False
sms,10,"aircon not cooling properly, beswick",medium,medium,high,True,False,True,False,False,False
kriol_inf,10,fan brok la bedrum longa Beswick,medium,medium,high,True,False,True,False,False,False
app_style,10,"fan broke in the bedroom, Hermannsburg",medium,medium,high,True,False,True,False,False,False
officer,10,Bedroom ceiling fan not operational. Location: Hermannsburg.,medium,medium,high,True,False,True,False,False,False
sms,10,"fan broke in the bedroom, hermannsburg",medium,medium,high,True,False,True,False,False,False
kriol_inf,10,fan brok la bedrum longa Hermannsburg,medium,medium,high,True,False,True,False,False,False
app_style,10,"fan broke in the bedroom, Hermannsburg",medium,medium,high,True,False,True,False,False,False
officer,10,Bedroom ceiling fan not operational. Location: Hermannsburg.,medium,medium,high,True,False,True,False,False,False
sms,10,"fan broke in the bedroom, hermannsburg",medium,medium,high,True,False,True,False,False,False
kriol_inf,10,fan brok la bedrum longa Hermannsburg,medium,medium,high,True,False,True,False,False,False
app_style,10,"fan broke in the bedroom, Hermannsburg",medium,medium,high,True,False,True,False,False,False
officer,10,Bedroom ceiling fan not operational. Location: Hermannsburg.,medium,medium,high,True,False,True,False,False,False
sms,10,"fan broke in the bedroom, hermannsburg",medium,medium,high,True,False,True,False,False,False
kriol_inf,10,fan brok la bedrum longa Hermannsburg,medium,medium,high,True,False,True,False,False,False
app_style,10,"fan broke in the bedroom, Minyerri",medium,medium,high,True,False,True,False,False,False
officer,10,Bedroom ceiling fan not operational. Location: Minyerri.,medium,medium,high,True,False,True,False,False,False
sms,10,"fan broke in the bedroom, minyerri",medium,medium,high,True,False,True,False,False,False
kriol_inf,10,fan brok la bedrum longa Minyerri,medium,medium,high,True,False,True,False,False,False
app_style,10,"aircon not cooling properly, Ngukurr",medium,medium,high,True,False,True,False,False,False
officer,10,Bedroom ceiling fan not operational. Location: Ngukurr.,medium,medium,high,True,False,True,False,False,False
sms,10,"a/c not cooling properly, ngukurr",medium,medium,high,True,False,True,False,False,False
kriol_inf,10,fan brok la bedrum longa Ngukurr,medium,medium,high,True,False,True,False,False,False
app_style,11,"water from the tap is brown and smells, got a baby here, Ti Tree",high,high,high,False,True,True,False,False,False
officer,11,"Tenant reports discoloured, malodorous tap water; young children in the household. Location: Ti Tree.",high,medium,high,True,True,False,True,True,False
sms,11,"wata from the tap is brwn and smels, got a bub here, ti tree",high,medium,high,True,True,False,True,True,False
kriol_inf,11,"wota la tap im braun en smel nogudwan, kid kan dringk longa Ti Tree",high,medium,high,True,True,False,True,True,False
app_style,11,"bore water salty and smells off, got a baby here, Pine Creek",high,high,high,False,True,True,False,False,False
officer,11,"Tenant reports discoloured, malodorous tap water; young children in the household. Location: Pine Creek.",high,medium,high,True,True,False,True,True,False
sms,11,"bore wata salty and smels off, got a bub here, pine creek",high,high,high,False,True,True,False,False,False
kriol_inf,11,"wota la tap im braun en smel nogudwan, kid kan dringk longa Pine Creek",high,medium,high,True,True,False,True,True,False
app_style,11,"tank water is dirty and cant drink it, got a baby here, Ramingining",high,high,high,False,True,True,False,False,False
officer,11,"Tenant reports discoloured, malodorous tap water; young children in the household. Location: Ramingining.",high,medium,high,True,True,False,True,True,False
sms,11,"tank wata is dirty and cant drink it, got a bub here, ramingining",high,high,high,False,True,True,False,False,False
kriol_inf,11,"wota la tap im braun en smel nogudwan, kid kan dringk longa Ramingining",high,medium,high,True,True,False,True,True,False
app_style,11,"tank water is dirty and cant drink it, got a baby here, Minjilang",high,high,high,False,True,True,False,False,False
officer,11,"Tenant reports discoloured, malodorous tap water; young children in the household. Location: Minjilang.",high,medium,high,True,True,False,True,True,False
sms,11,"tank wata is dirty and cant drink it, got a bub here, minjilang",high,high,high,False,True,True,False,False,False
kriol_inf,11,"wota la tap im braun en smel nogudwan, kid kan dringk longa Minjilang",high,medium,high,True,True,False,True,True,False
app_style,11,"water from the tap is brown and smells, got a baby here, Milingimbi",high,high,high,False,True,True,False,False,False
officer,11,"Tenant reports discoloured, malodorous tap water; young children in the household. Location: Milingimbi.",high,medium,high,True,True,False,True,True,False
sms,11,"water from the tap is brwn and smells, got a bub here, milingimbi",high,medium,high,True,True,False,True,True,False
kriol_inf,11,"wota la tap im braun en smel nogudwan, kid kan dringk longa Milingimbi",high,medium,high,True,True,False,True,True,False
app_style,11,"water from the tap is brown and smells, got a baby here, Wurrumiyanga",high,high,high,False,True,True,False,False,False
officer,11,"Tenant reports discoloured, malodorous tap water; young children in the household. Location: Wurrumiyanga.",high,medium,high,True,True,False,True,True,False
sms,11,"wata from the tap is brown and smels, got a bub here, wurrumiyanga",high,high,high,False,True,True,False,False,False
kriol_inf,11,"wota la tap im braun en smel nogudwan, kid kan dringk longa Wurrumiyanga",high,medium,high,True,True,False,True,True,False
app_style,11,"bore water salty and smells off, got a baby here, Alice Springs",high,high,high,False,True,True,False,False,False
officer,11,"Tenant reports discoloured, malodorous tap water; young children in the household. Location: Alice Springs.",high,medium,high,True,True,False,True,True,False
sms,11,"bore water salty and smels off, got a bub here, alice springs",high,high,high,False,True,True,False,False,False
kriol_inf,11,"wota la tap im braun en smel nogudwan, kid kan dringk longa Alice Springs",high,medium,high,True,True,False,True,True,False
app_style,11,"tank water is dirty and cant drink it, got a baby here, Numbulwar",high,high,high,False,True,True,False,False,False
officer,11,"Tenant reports discoloured, malodorous tap water; young children in the household. Location: Numbulwar.",high,medium,high,True,True,False,True,True,False
sms,11,"tank water is dirty and cant drink it, got a bub here, numbulwar",high,high,high,False,True,True,False,False,False
kriol_inf,11,"wota la tap im braun en smel nogudwan, kid kan dringk longa Numbulwar",high,medium,high,True,True,False,True,True,False
app_style,11,"water from the tap is brown and smells, got a baby here, Lajamanu",high,high,high,False,True,True,False,False,False
officer,11,"Tenant reports discoloured, malodorous tap water; young children in the household. Location: Lajamanu.",high,medium,high,True,True,False,True,True,False
sms,11,"wata from the tap is brwn and smels, got a bub here, lajamanu",high,medium,high,True,True,False,True,True,False
kriol_inf,11,"wota la tap im braun en smel nogudwan, kid kan dringk longa Lajamanu",high,medium,high,True,True,False,True,True,False
app_style,11,"water from the tap is brown and smells, got a baby here, Ramingining",high,high,high,False,True,True,False,False,False
officer,11,"Tenant reports discoloured, malodorous tap water; young children in the household. Location: Ramingining.",high,medium,high,True,True,False,True,True,False
sms,11,"wata from the tap is brwn and smels, got a baby here, ramingining",high,medium,high,True,True,False,True,True,False
kriol_inf,11,"wota la tap im braun en smel nogudwan, kid kan dringk longa Ramingining",high,medium,high,True,True,False,True,True,False
app_style,11,"tank water is dirty and cant drink it, got a baby here, Docker River",high,high,high,False,True,True,False,False,False
officer,11,"Tenant reports discoloured, malodorous tap water; young children in the household. Location: Docker River.",high,medium,high,True,True,False,True,True,False
sms,11,"tank wata is dirty and cant drink it, got a baby here, docker river",high,high,high,False,True,True,False,False,False
kriol_inf,11,"wota la tap im braun en smel nogudwan, kid kan dringk longa Docker River",high,medium,high,True,True,False,True,True,False
app_style,11,"water from the tap is brown and smells, got a baby here, Numbulwar",high,high,high,False,True,True,False,False,False
officer,11,"Tenant reports discoloured, malodorous tap water; young children in the household. Location: Numbulwar.",high,medium,high,True,True,False,True,True,False
sms,11,"wata from the tap is brown and smells, got a bub here, numbulwar",high,high,high,False,True,True,False,False,False
kriol_inf,11,"wota la tap im braun en smel nogudwan, kid kan dringk longa Numbulwar",high,medium,high,True,True,False,True,True,False
app_style,11,"water from the tap is brown and smells, got a baby here, Kalkarindji",high,high,high,False,True,True,False,False,False
officer,11,"Tenant reports discoloured, malodorous tap water; young children in the household. Location: Kalkarindji.",high,medium,high,True,True,False,True,True,False
sms,11,"wata from the tap is brwn and smels, got a bub here, kalkarindji",high,medium,high,True,True,False,True,True,False
kriol_inf,11,"wota la tap im braun en smel nogudwan, kid kan dringk longa Kalkarindji",high,medium,high,True,True,False,True,True,False
app_style,11,"water from the tap is brown and smells, got a baby here, Batchelor",high,high,high,False,True,True,False,False,False
officer,11,"Tenant reports discoloured, malodorous tap water; young children in the household. Location: Batchelor.",high,medium,high,True,True,False,True,True,False
sms,11,"wata from the tap is brwn and smels, got a baby here, batchelor",high,medium,high,True,True,False,True,True,False
kriol_inf,11,"wota la tap im braun en smel nogudwan, kid kan dringk longa Batchelor",high,medium,high,True,True,False,True,True,False
app_style,11,"tank water is dirty and cant drink it, got a baby here, Minyerri",high,high,high,False,True,True,False,False,False
officer,11,"Tenant reports discoloured, malodorous tap water; young children in the household. Location: Minyerri.",high,medium,high,True,True,False,True,True,False
sms,11,"tank wata is dirty and cant drink it, got a bub here, minyerri",high,high,high,False,True,True,False,False,False
kriol_inf,11,"wota la tap im braun en smel nogudwan, kid kan dringk longa Minyerri",high,medium,high,True,True,False,True,True,False
app_style,11,"bore water salty and smells off, got a baby here, Minjilang",high,high,high,False,True,True,False,False,False
officer,11,"Tenant reports discoloured, malodorous tap water; young children in the household. Location: Minjilang.",high,medium,high,True,True,False,True,True,False
sms,11,"bore wata salty and smels off, got a bub here, minjilang",high,high,high,False,True,True,False,False,False
kriol_inf,11,"wota la tap im braun en smel nogudwan, kid kan dringk longa Minjilang",high,medium,high,True,True,False,True,True,False
app_style,11,"water from the tap is brown and smells, got a baby here, Palmerston",high,high,high,False,True,True,False,False,False
officer,11,"Tenant reports discoloured, malodorous tap water; young children in the household. Location: Palmerston.",high,medium,high,True,True,False,True,True,False
sms,11,"wata from the tap is brwn and smells, got a baby here, palmerston",high,medium,high,True,True,False,True,True,False
kriol_inf,11,"wota la tap im braun en smel nogudwan, kid kan dringk longa Palmerston",high,medium,high,True,True,False,True,True,False
app_style,11,"tank water is dirty and cant drink it, got a baby here, Kalkarindji",high,high,high,False,True,True,False,False,False
officer,11,"Tenant reports discoloured, malodorous tap water; young children in the household. Location: Kalkarindji.",high,medium,high,True,True,False,True,True,False
sms,11,"tank wata is dirty and cant drink it, got a bub here, kalkarindji",high,high,high,False,True,True,False,False,False
kriol_inf,11,"wota la tap im braun en smel nogudwan, kid kan dringk longa Kalkarindji",high,medium,high,True,True,False,True,True,False
app_style,11,"bore water salty and smells off, got a baby here, Batchelor",high,high,high,False,True,True,False,False,False
officer,11,"Tenant reports discoloured, malodorous tap water; young children in the household. Location: Batchelor.",high,medium,high,True,True,False,True,True,False
sms,11,"bore wata salty and smels off, got a bub here, batchelor",high,high,high,False,True,True,False,False,False
kriol_inf,11,"wota la tap im braun en smel nogudwan, kid kan dringk longa Batchelor",high,medium,high,True,True,False,True,True,False
app_style,11,"bore water salty and smells off, got a baby here, Yirrkala",high,high,high,False,True,True,False,False,False
officer,11,"Tenant reports discoloured, malodorous tap water; young children in the household. Location: Yirrkala.",high,medium,high,True,True,False,True,True,False
sms,11,"bore water salty and smels off, got a bub here, yirrkala",high,high,high,False,True,True,False,False,False
kriol_inf,11,"wota la tap im braun en smel nogudwan, kid kan dringk longa Yirrkala",high,medium,high,True,True,False,True,True,False
app_style,11,"water from the tap is brown and smells, got a baby here, Milikapiti",high,high,high,False,True,True,False,False,False
officer,11,"Tenant reports discoloured, malodorous tap water; young children in the household. Location: Milikapiti.",high,medium,high,True,True,False,True,True,False
sms,11,"water from the tap is brown and smels, got a baby here, milikapiti",high,high,high,False,True,True,False,False,False
kriol_inf,11,"wota la tap im braun en smel nogudwan, kid kan dringk longa Milikapiti",high,medium,high,True,True,False,True,True,False
app_style,11,"tank water is dirty and cant drink it, got a baby here, Mutitjulu",high,high,high,False,True,True,False,False,False
officer,11,"Tenant reports discoloured, malodorous tap water; young children in the household. Location: Mutitjulu.",high,medium,high,True,True,False,True,True,False
sms,11,"tank wata is dirty and cant drink it, got a bub here, mutitjulu",high,high,high,False,True,True,False,False,False
kriol_inf,11,"wota la tap im braun en smel nogudwan, kid kan dringk longa Mutitjulu",high,medium,high,True,True,False,True,True,False
app_style,11,"water from the tap is brown and smells, got a baby here, Timber Creek",high,high,high,False,True,True,False,False,False
officer,11,"Tenant reports discoloured, malodorous tap water; young children in the household. Location: Timber Creek.",high,medium,high,True,True,False,True,True,False
sms,11,"wata from the tap is brwn and smells, got a bub here, timber creek",high,medium,high,True,True,False,True,True,False
kriol_inf,11,"wota la tap im braun en smel nogudwan, kid kan dringk longa Timber Creek",high,medium,high,True,True,False,True,True,False
app_style,11,"bore water salty and smells off, got a baby here, Lajamanu",high,high,high,False,True,True,False,False,False
officer,11,"Tenant reports discoloured, malodorous tap water; young children in the household. Location: Lajamanu.",high,medium,high,True,True,False,True,True,False
sms,11,"bore water salty and smels off, got a bub here, lajamanu",high,high,high,False,True,True,False,False,False
kriol_inf,11,"wota la tap im braun en smel nogudwan, kid kan dringk longa Lajamanu",high,medium,high,True,True,False,True,True,False
app_style,11,"bore water salty and smells off, got a baby here, Angurugu",high,high,high,False,True,True,False,False,False
officer,11,"Tenant reports discoloured, malodorous tap water; young children in the household. Location: Angurugu.",high,medium,high,True,True,False,True,True,False
sms,11,"bore wata salty and smels off, got a bub here, angurugu",high,high,high,False,True,True,False,False,False
kriol_inf,11,"wota la tap im braun en smel nogudwan, kid kan dringk longa Angurugu",high,medium,high,True,True,False,True,True,False
app_style,11,"bore water salty and smells off, got a baby here, Palumpa",high,high,high,False,True,True,False,False,False
officer,11,"Tenant reports discoloured, malodorous tap water; young children in the household. Location: Palumpa.",high,medium,high,True,True,False,True,True,False
sms,11,"bore wata salty and smels off, got a bub here, palumpa",high,high,high,False,True,True,False,False,False
kriol_inf,11,"wota la tap im braun en smel nogudwan, kid kan dringk longa Palumpa",high,medium,high,True,True,False,True,True,False
app_style,11,"tank water is dirty and cant drink it, got a baby here, Batchelor",high,high,high,False,True,True,False,False,False
officer,11,"Tenant reports discoloured, malodorous tap water; young children in the household. Location: Batchelor.",high,medium,high,True,True,False,True,True,False
sms,11,"tank wata is dirty and cant drink it, got a baby here, batchelor",high,high,high,False,True,True,False,False,False
kriol_inf,11,"wota la tap im braun en smel nogudwan, kid kan dringk longa Batchelor",high,medium,high,True,True,False,True,True,False
app_style,11,"bore water salty and smells off, got a baby here, Timber Creek",high,high,high,False,True,True,False,False,False
officer,11,"Tenant reports discoloured, malodorous tap water; young children in the household. Location: Timber Creek.",high,medium,high,True,True,False,True,True,False
sms,11,"bore wata salty and smels off, got a bub here, timber creek",high,high,high,False,True,True,False,False,False
kriol_inf,11,"wota la tap im braun en smel nogudwan, kid kan dringk longa Timber Creek",high,medium,high,True,True,False,True,True,False
app_style,11,"bore water salty and smells off, got a baby here, Milikapiti",high,high,high,False,True,True,False,False,False
officer,11,"Tenant reports discoloured, malodorous tap water; young children in the household. Location: Milikapiti.",high,medium,high,True,True,False,True,True,False
sms,11,"bore wata salty and smells off, got a bub here, milikapiti",high,high,high,False,True,True,False,False,False
kriol_inf,11,"wota la tap im braun en smel nogudwan, kid kan dringk longa Milikapiti",high,medium,high,True,True,False,True,True,False
app_style,11,"water from the tap is brown and smells, got a baby here, Batchelor",high,high,high,False,True,True,False,False,False
officer,11,"Tenant reports discoloured, malodorous tap water; young children in the household. Location: Batchelor.",high,medium,high,True,True,False,True,True,False
sms,11,"water from the tap is brwn and smels, got a bub here, batchelor",high,medium,high,True,True,False,True,True,False
kriol_inf,11,"wota la tap im braun en smel nogudwan, kid kan dringk longa Batchelor",high,medium,high,True,True,False,True,True,False
app_style,12,"only toilet backing up, Maningrida",high,high,high,False,True,True,False,False,False
officer,12,The sole toilet in the dwelling is blocked and overflowing. Location: Maningrida.,high,critical,critical,False,True,False,False,False,False
sms,12,"only toilet backing up, maningrida",high,high,high,False,True,True,False,False,False
kriol_inf,12,onli wan toilet en im blok ap longa Maningrida,high,medium,high,True,True,False,True,True,False
app_style,12,"only toilet backing up, Palumpa",high,high,high,False,True,True,False,False,False
officer,12,The sole toilet in the dwelling is blocked and overflowing. Location: Palumpa.,high,critical,critical,False,True,False,False,False,False
sms,12,"only toilt backing up, palumpa",high,critical,critical,False,True,False,False,False,False
kriol_inf,12,onli wan toilet en im blok ap longa Palumpa,high,medium,high,True,True,False,True,True,False
app_style,12,"only toilet backing up, Peppimenarti",high,high,high,False,True,True,False,False,False
officer,12,The sole toilet in the dwelling is blocked and overflowing. Location: Peppimenarti.,high,critical,critical,False,True,False,False,False,False
sms,12,"only toilt backing up, peppimenarti",high,critical,critical,False,True,False,False,False,False
kriol_inf,12,onli wan toilet en im blok ap longa Peppimenarti,high,medium,high,True,True,False,True,True,False
app_style,12,"toilet blocked and its the only one in the house, Gunbalanya",high,high,high,False,True,True,False,False,False
officer,12,The sole toilet in the dwelling is blocked and overflowing. Location: Gunbalanya.,high,critical,critical,False,True,False,False,False,False
sms,12,"toilt blocked and its the only one in the hse, gunbalanya",high,low,high,True,True,False,True,True,False
kriol_inf,12,onli wan toilet en im blok ap longa Gunbalanya,high,medium,high,True,True,False,True,True,False
app_style,12,"only toilet backing up, Milingimbi",high,high,high,False,True,True,False,False,False
officer,12,The sole toilet in the dwelling is blocked and overflowing. Location: Milingimbi.,high,critical,critical,False,True,False,False,False,False
sms,12,"only toilt backing up, milingimbi",high,critical,critical,False,True,False,False,False,False
kriol_inf,12,onli wan toilet en im blok ap longa Milingimbi,high,medium,high,True,True,False,True,True,False
app_style,12,"only toilet backing up, Numbulwar",high,high,high,False,True,True,False,False,False
officer,12,The sole toilet in the dwelling is blocked and overflowing. Location: Numbulwar.,high,critical,critical,False,True,False,False,False,False
sms,12,"only toilt backing up, numbulwar",high,critical,critical,False,True,False,False,False,False
kriol_inf,12,onli wan toilet en im blok ap longa Numbulwar,high,medium,high,True,True,False,True,True,False
app_style,12,"only toilet backing up, Angurugu",high,high,high,False,True,True,False,False,False
officer,12,The sole toilet in the dwelling is blocked and overflowing. Location: Angurugu.,high,critical,critical,False,True,False,False,False,False
sms,12,"only toilt backing up, angurugu",high,critical,critical,False,True,False,False,False,False
kriol_inf,12,onli wan toilet en im blok ap longa Angurugu,high,medium,high,True,True,False,True,True,False
app_style,12,"one toilet blocked and overflowing, Hermannsburg",high,high,high,False,True,True,False,False,False
officer,12,The sole toilet in the dwelling is blocked and overflowing. Location: Hermannsburg.,high,critical,critical,False,True,False,False,False,False
sms,12,"one toilet blocked and overflowin, hermannsburg",high,high,high,False,True,True,False,False,False
kriol_inf,12,onli wan toilet en im blok ap longa Hermannsburg,high,medium,high,True,True,False,True,True,False
app_style,12,"only toilet backing up, Wurrumiyanga",high,high,high,False,True,True,False,False,False
officer,12,The sole toilet in the dwelling is blocked and overflowing. Location: Wurrumiyanga.,high,critical,critical,False,True,False,False,False,False
sms,12,"only toilet backing up, wurrumiyanga",high,high,high,False,True,True,False,False,False
kriol_inf,12,onli wan toilet en im blok ap longa Wurrumiyanga,high,medium,high,True,True,False,True,True,False
app_style,12,"toilet blocked and its the only one in the house, Ramingining",high,high,high,False,True,True,False,False,False
officer,12,The sole toilet in the dwelling is blocked and overflowing. Location: Ramingining.,high,critical,critical,False,True,False,False,False,False
sms,12,"toilet blocked and its the only one in the hse, ramingining",high,high,high,False,True,True,False,False,False
kriol_inf,12,onli wan toilet en im blok ap longa Ramingining,high,medium,high,True,True,False,True,True,False
app_style,12,"one toilet blocked and overflowing, Milingimbi",high,high,high,False,True,True,False,False,False
officer,12,The sole toilet in the dwelling is blocked and overflowing. Location: Milingimbi.,high,critical,critical,False,True,False,False,False,False
sms,12,"one toilt blocked and overflowin, milingimbi",high,critical,critical,False,True,False,False,False,False
kriol_inf,12,onli wan toilet en im blok ap longa Milingimbi,high,medium,high,True,True,False,True,True,False
app_style,12,"one toilet blocked and overflowing, Mataranka",high,high,high,False,True,True,False,False,False
officer,12,The sole toilet in the dwelling is blocked and overflowing. Location: Mataranka.,high,critical,critical,False,True,False,False,False,False
sms,12,"one toilt blocked and overflowing, mataranka",high,critical,critical,False,True,False,False,False,False
kriol_inf,12,onli wan toilet en im blok ap longa Mataranka,high,medium,high,True,True,False,True,True,False
app_style,12,"only toilet backing up, Pirlangimpi",high,high,high,False,True,True,False,False,False
officer,12,The sole toilet in the dwelling is blocked and overflowing. Location: Pirlangimpi.,high,critical,critical,False,True,False,False,False,False
sms,12,"only toilt backing up, pirlangimpi",high,critical,critical,False,True,False,False,False,False
kriol_inf,12,onli wan toilet en im blok ap longa Pirlangimpi,high,medium,high,True,True,False,True,True,False
app_style,12,"only toilet backing up, Daguragu",high,high,high,False,True,True,False,False,False
officer,12,The sole toilet in the dwelling is blocked and overflowing. Location: Daguragu.,high,critical,critical,False,True,False,False,False,False
sms,12,"only toilt backing up, daguragu",high,critical,critical,False,True,False,False,False,False
kriol_inf,12,onli wan toilet en im blok ap longa Daguragu,high,medium,high,True,True,False,True,True,False
app_style,12,"toilet blocked and its the only one in the house, Ngukurr",high,high,high,False,True,True,False,False,False
officer,12,The sole toilet in the dwelling is blocked and overflowing. Location: Ngukurr.,high,critical,critical,False,True,False,False,False,False
sms,12,"toilt blocked and its the only one in the hse, ngukurr",high,low,high,True,True,False,True,True,False
kriol_inf,12,onli wan toilet en im blok ap longa Ngukurr,high,medium,high,True,True,False,True,True,False
app_style,12,"one toilet blocked and overflowing, Galiwin'ku",high,high,high,False,True,True,False,False,False
officer,12,The sole toilet in the dwelling is blocked and overflowing. Location: Galiwin'ku.,high,critical,critical,False,True,False,False,False,False
sms,12,"one toilet blocked and overflowing, galiwinku",high,high,high,False,True,True,False,False,False
kriol_inf,12,onli wan toilet en im blok ap longa Galiwin'ku,high,medium,high,True,True,False,True,True,False
app_style,12,"one toilet blocked and overflowing, Adelaide River",high,high,high,False,True,True,False,False,False
officer,12,The sole toilet in the dwelling is blocked and overflowing. Location: Adelaide River.,high,critical,critical,False,True,False,False,False,False
sms,12,"one toilet blocked and overflowin, adelaide river",high,high,high,False,True,True,False,False,False
kriol_inf,12,onli wan toilet en im blok ap longa Adelaide River,high,medium,high,True,True,False,True,True,False
app_style,12,"one toilet blocked and overflowing, Humpty Doo",high,high,high,False,True,True,False,False,False
officer,12,The sole toilet in the dwelling is blocked and overflowing. Location: Humpty Doo.,high,critical,critical,False,True,False,False,False,False
sms,12,"one toilt blocked and overflowing, humpty doo",high,critical,critical,False,True,False,False,False,False
kriol_inf,12,onli wan toilet en im blok ap longa Humpty Doo,high,medium,high,True,True,False,True,True,False
app_style,12,"one toilet blocked and overflowing, Wadeye",high,high,high,False,True,True,False,False,False
officer,12,The sole toilet in the dwelling is blocked and overflowing. Location: Wadeye.,high,critical,critical,False,True,False,False,False,False
sms,12,"one toilt blocked and overflowin, wadeye",high,critical,critical,False,True,False,False,False,False
kriol_inf,12,onli wan toilet en im blok ap longa Wadeye,high,medium,high,True,True,False,True,True,False
app_style,12,"toilet blocked and its the only one in the house, Papunya",high,high,high,False,True,True,False,False,False
officer,12,The sole toilet in the dwelling is blocked and overflowing. Location: Papunya.,high,critical,critical,False,True,False,False,False,False
sms,12,"toilt blocked and its the only one in the hse, papunya",high,low,high,True,True,False,True,True,False
kriol_inf,12,onli wan toilet en im blok ap longa Papunya,high,medium,high,True,True,False,True,True,False
app_style,12,"toilet blocked and its the only one in the house, Borroloola",high,high,high,False,True,True,False,False,False
officer,12,The sole toilet in the dwelling is blocked and overflowing. Location: Borroloola.,high,critical,critical,False,True,False,False,False,False
sms,12,"toilt blocked and its the only one in the house, borroloola",high,low,high,True,True,False,True,True,False
kriol_inf,12,onli wan toilet en im blok ap longa Borroloola,high,medium,high,True,True,False,True,True,False
app_style,12,"one toilet blocked and overflowing, Robinson River",high,high,high,False,True,True,False,False,False
officer,12,The sole toilet in the dwelling is blocked and overflowing. Location: Robinson River.,high,critical,critical,False,True,False,False,False,False
sms,12,"one toilt blocked and overflowin, robinson river",high,critical,critical,False,True,False,False,False,False
kriol_inf,12,onli wan toilet en im blok ap longa Robinson River,high,medium,high,True,True,False,True,True,False
app_style,12,"toilet blocked and its the only one in the house, Elliott",high,high,high,False,True,True,False,False,False
officer,12,The sole toilet in the dwelling is blocked and overflowing. Location: Elliott.,high,critical,critical,False,True,False,False,False,False
sms,12,"toilt blocked and its the only one in the hse, elliott",high,low,high,True,True,False,True,True,False
kriol_inf,12,onli wan toilet en im blok ap longa Elliott,high,medium,high,True,True,False,True,True,False
app_style,12,"only toilet backing up, Angurugu",high,high,high,False,True,True,False,False,False
officer,12,The sole toilet in the dwelling is blocked and overflowing. Location: Angurugu.,high,critical,critical,False,True,False,False,False,False
sms,12,"only toilt backing up, angurugu",high,critical,critical,False,True,False,False,False,False
kriol_inf,12,onli wan toilet en im blok ap longa Angurugu,high,medium,high,True,True,False,True,True,False
app_style,12,"only toilet backing up, Batchelor",high,high,high,False,True,True,False,False,False
officer,12,The sole toilet in the dwelling is blocked and overflowing. Location: Batchelor.,high,critical,critical,False,True,False,False,False,False
sms,12,"only toilt backing up, batchelor",high,critical,critical,False,True,False,False,False,False
kriol_inf,12,onli wan toilet en im blok ap longa Batchelor,high,medium,high,True,True,False,True,True,False
app_style,12,"only toilet backing up, Docker River",high,high,high,False,True,True,False,False,False
officer,12,The sole toilet in the dwelling is blocked and overflowing. Location: Docker River.,high,critical,critical,False,True,False,False,False,False
sms,12,"only toilt backing up, docker river",high,critical,critical,False,True,False,False,False,False
kriol_inf,12,onli wan toilet en im blok ap longa Docker River,high,medium,high,True,True,False,True,True,False
app_style,12,"only toilet backing up, Gapuwiyak",high,high,high,False,True,True,False,False,False
officer,12,The sole toilet in the dwelling is blocked and overflowing. Location: Gapuwiyak.,high,critical,critical,False,True,False,False,False,False
sms,12,"only toilt backing up, gapuwiyak",high,critical,critical,False,True,False,False,False,False
kriol_inf,12,onli wan toilet en im blok ap longa Gapuwiyak,high,medium,high,True,True,False,True,True,False
app_style,12,"one toilet blocked and overflowing, Pirlangimpi",high,high,high,False,True,True,False,False,False
officer,12,The sole toilet in the dwelling is blocked and overflowing. Location: Pirlangimpi.,high,critical,critical,False,True,False,False,False,False
sms,12,"one toilt blocked and overflowing, pirlangimpi",high,critical,critical,False,True,False,False,False,False
kriol_inf,12,onli wan toilet en im blok ap longa Pirlangimpi,high,medium,high,True,True,False,True,True,False
app_style,12,"toilet blocked and its the only one in the house, Palumpa",high,high,high,False,True,True,False,False,False
officer,12,The sole toilet in the dwelling is blocked and overflowing. Location: Palumpa.,high,critical,critical,False,True,False,False,False,False
sms,12,"toilet blocked and its the only one in the hse, palumpa",high,high,high,False,True,True,False,False,False
kriol_inf,12,onli wan toilet en im blok ap longa Palumpa,high,medium,high,True,True,False,True,True,False
app_style,12,"only toilet backing up, Milingimbi",high,high,high,False,True,True,False,False,False
officer,12,The sole toilet in the dwelling is blocked and overflowing. Location: Milingimbi.,high,critical,critical,False,True,False,False,False,False
sms,12,"only toilet backing up, milingimbi",high,high,high,False,True,True,False,False,False
kriol_inf,12,onli wan toilet en im blok ap longa Milingimbi,high,medium,high,True,True,False,True,True,False
app_style,13,"front gate broken and lock hanging off, Papunya",high,medium,high,True,True,False,True,True,False
officer,13,Rear door lock defective and a window broken; dwelling cannot be secured. Location: Papunya.,high,medium,high,True,True,False,True,True,False
sms,13,"front gate broken and lok hanging off, papunya",high,medium,high,True,True,False,True,True,False
kriol_inf,13,dowa kan lok en windo brok longa Papunya,high,low,high,True,True,False,True,True,False
app_style,13,"back door wont lock and the window got smashed, Umbakumba",high,high,high,False,True,True,False,False,False
officer,13,Rear door lock defective and a window broken; dwelling cannot be secured. Location: Umbakumba.,high,medium,high,True,True,False,True,True,False
sms,13,"back door wont lock and the window got smashd, umbakumba",high,high,high,False,True,True,False,False,False
kriol_inf,13,dowa kan lok en windo brok longa Umbakumba,high,low,high,True,True,False,True,True,False
app_style,13,"back door wont lock and the window got smashed, Pirlangimpi",high,high,high,False,True,True,False,False,False
officer,13,Rear door lock defective and a window broken; dwelling cannot be secured. Location: Pirlangimpi.,high,medium,high,True,True,False,True,True,False
sms,13,"back door wont lock and the window got smashd, pirlangimpi",high,high,high,False,True,True,False,False,False
kriol_inf,13,dowa kan lok en windo brok longa Pirlangimpi,high,low,high,True,True,False,True,True,False
app_style,13,"back door wont lock and the window got smashed, Milikapiti",high,high,high,False,True,True,False,False,False
officer,13,Rear door lock defective and a window broken; dwelling cannot be secured. Location: Milikapiti.,high,medium,high,True,True,False,True,True,False
sms,13,"back door wont lok and the window got smashd, milikapiti",high,medium,high,True,True,False,True,True,False
kriol_inf,13,dowa kan lok en windo brok longa Milikapiti,high,low,high,True,True,False,True,True,False
app_style,13,"cant lock the house at night, Ngukurr",high,medium,high,True,True,False,True,True,False
officer,13,Rear door lock defective and a window broken; dwelling cannot be secured. Location: Ngukurr.,high,medium,high,True,True,False,True,True,False
sms,13,"cant lok the hse at night, ngukurr",high,low,high,True,True,False,True,True,False
kriol_inf,13,dowa kan lok en windo brok longa Ngukurr,high,low,high,True,True,False,True,True,False
app_style,13,"back door wont lock and the window got smashed, Galiwin'ku",high,high,high,False,True,True,False,False,False
officer,13,Rear door lock defective and a window broken; dwelling cannot be secured. Location: Galiwin'ku.,high,medium,high,True,True,False,True,True,False
sms,13,"back door wont lock and the window got smashed, galiwinku",high,high,high,False,True,True,False,False,False
kriol_inf,13,dowa kan lok en windo brok longa Galiwin'ku,high,low,high,True,True,False,True,True,False
app_style,13,"cant lock the house at night, Minyerri",high,medium,high,True,True,False,True,True,False
officer,13,Rear door lock defective and a window broken; dwelling cannot be secured. Location: Minyerri.,high,medium,high,True,True,False,True,True,False
sms,13,"cant lok the hse at night, minyerri",high,low,high,True,True,False,True,True,False
kriol_inf,13,dowa kan lok en windo brok longa Minyerri,high,low,high,True,True,False,True,True,False
app_style,13,"cant lock the house at night, Katherine",high,medium,high,True,True,False,True,True,False
officer,13,Rear door lock defective and a window broken; dwelling cannot be secured. Location: Katherine.,high,medium,high,True,True,False,True,True,False
sms,13,"cant lok the house at night, katherine",high,low,high,True,True,False,True,True,False
kriol_inf,13,dowa kan lok en windo brok longa Katherine,high,low,high,True,True,False,True,True,False
app_style,13,"cant lock the house at night, Beswick",high,medium,high,True,True,False,True,True,False
officer,13,Rear door lock defective and a window broken; dwelling cannot be secured. Location: Beswick.,high,medium,high,True,True,False,True,True,False
sms,13,"cant lok the hse at night, beswick",high,low,high,True,True,False,True,True,False
kriol_inf,13,dowa kan lok en windo brok longa Beswick,high,low,high,True,True,False,True,True,False
app_style,13,"cant lock the house at night, Wurrumiyanga",high,medium,high,True,True,False,True,True,False
officer,13,Rear door lock defective and a window broken; dwelling cannot be secured. Location: Wurrumiyanga.,high,medium,high,True,True,False,True,True,False
sms,13,"cant lock the house at night, wurrumiyanga",high,medium,high,True,True,False,True,True,False
kriol_inf,13,dowa kan lok en windo brok longa Wurrumiyanga,high,low,high,True,True,False,True,True,False
app_style,13,"back door wont lock and the window got smashed, Alyangula",high,high,high,False,True,True,False,False,False
officer,13,Rear door lock defective and a window broken; dwelling cannot be secured. Location: Alyangula.,high,medium,high,True,True,False,True,True,False
sms,13,"back door wont lock and the window got smashed, alyangula",high,high,high,False,True,True,False,False,False
kriol_inf,13,dowa kan lok en windo brok longa Alyangula,high,low,high,True,True,False,True,True,False
app_style,13,"cant lock the house at night, Gapuwiyak",high,medium,high,True,True,False,True,True,False
officer,13,Rear door lock defective and a window broken; dwelling cannot be secured. Location: Gapuwiyak.,high,medium,high,True,True,False,True,True,False
sms,13,"cant lok the house at night, gapuwiyak",high,low,high,True,True,False,True,True,False
kriol_inf,13,dowa kan lok en windo brok longa Gapuwiyak,high,low,high,True,True,False,True,True,False
app_style,13,"back door wont lock and the window got smashed, Ngukurr",high,high,high,False,True,True,False,False,False
officer,13,Rear door lock defective and a window broken; dwelling cannot be secured. Location: Ngukurr.,high,medium,high,True,True,False,True,True,False
sms,13,"back door wont lok and the window got smashed, ngukurr",high,high,high,False,True,True,False,False,False
kriol_inf,13,dowa kan lok en windo brok longa Ngukurr,high,low,high,True,True,False,True,True,False
app_style,13,"cant lock the house at night, Mutitjulu",high,medium,high,True,True,False,True,True,False
officer,13,Rear door lock defective and a window broken; dwelling cannot be secured. Location: Mutitjulu.,high,medium,high,True,True,False,True,True,False
sms,13,"cant lock the hse at night, mutitjulu",high,medium,high,True,True,False,True,True,False
kriol_inf,13,dowa kan lok en windo brok longa Mutitjulu,high,low,high,True,True,False,True,True,False
app_style,13,"cant lock the house at night, Humpty Doo",high,medium,high,True,True,False,True,True,False
officer,13,Rear door lock defective and a window broken; dwelling cannot be secured. Location: Humpty Doo.,high,medium,high,True,True,False,True,True,False
sms,13,"cant lok the house at night, humpty doo",high,low,high,True,True,False,True,True,False
kriol_inf,13,dowa kan lok en windo brok longa Humpty Doo,high,low,high,True,True,False,True,True,False
app_style,13,"back door wont lock and the window got smashed, Umbakumba",high,high,high,False,True,True,False,False,False
officer,13,Rear door lock defective and a window broken; dwelling cannot be secured. Location: Umbakumba.,high,medium,high,True,True,False,True,True,False
sms,13,"back door wont lok and the window got smashd, umbakumba",high,medium,high,True,True,False,True,True,False
kriol_inf,13,dowa kan lok en windo brok longa Umbakumba,high,low,high,True,True,False,True,True,False
app_style,13,"front gate broken and lock hanging off, Papunya",high,medium,high,True,True,False,True,True,False
officer,13,Rear door lock defective and a window broken; dwelling cannot be secured. Location: Papunya.,high,medium,high,True,True,False,True,True,False
sms,13,"front gate broken and lock hanging off, papunya",high,medium,high,True,True,False,True,True,False
kriol_inf,13,dowa kan lok en windo brok longa Papunya,high,low,high,True,True,False,True,True,False
app_style,13,"back door wont lock and the window got smashed, Tennant Creek",high,high,high,False,True,True,False,False,False
officer,13,Rear door lock defective and a window broken; dwelling cannot be secured. Location: Tennant Creek.,high,medium,high,True,True,False,True,True,False
sms,13,"back door wont lock and the window got smashd, tennant creek",high,high,high,False,True,True,False,False,False
kriol_inf,13,dowa kan lok en windo brok longa Tennant Creek,high,low,high,True,True,False,True,True,False
app_style,13,"back door wont lock and the window got smashed, Minyerri",high,high,high,False,True,True,False,False,False
officer,13,Rear door lock defective and a window broken; dwelling cannot be secured. Location: Minyerri.,high,medium,high,True,True,False,True,True,False
sms,13,"back door wont lok and the window got smashd, minyerri",high,medium,high,True,True,False,True,True,False
kriol_inf,13,dowa kan lok en windo brok longa Minyerri,high,low,high,True,True,False,True,True,False
app_style,13,"cant lock the house at night, Batchelor",high,medium,high,True,True,False,True,True,False
officer,13,Rear door lock defective and a window broken; dwelling cannot be secured. Location: Batchelor.,high,medium,high,True,True,False,True,True,False
sms,13,"cant lok the hse at night, batchelor",high,low,high,True,True,False,True,True,False
kriol_inf,13,dowa kan lok en windo brok longa Batchelor,high,low,high,True,True,False,True,True,False
app_style,13,"back door wont lock and the window got smashed, Minjilang",high,high,high,False,True,True,False,False,False
officer,13,Rear door lock defective and a window broken; dwelling cannot be secured. Location: Minjilang.,high,medium,high,True,True,False,True,True,False
sms,13,"back door wont lok and the window got smashed, minjilang",high,high,high,False,True,True,False,False,False
kriol_inf,13,dowa kan lok en windo brok longa Minjilang,high,low,high,True,True,False,True,True,False
app_style,13,"front gate broken and lock hanging off, Warruwi",high,medium,high,True,True,False,True,True,False
officer,13,Rear door lock defective and a window broken; dwelling cannot be secured. Location: Warruwi.,high,medium,high,True,True,False,True,True,False
sms,13,"front gate broken and lok hanging off, warruwi",high,medium,high,True,True,False,True,True,False
kriol_inf,13,dowa kan lok en windo brok longa Warruwi,high,low,high,True,True,False,True,True,False
app_style,13,"cant lock the house at night, Pirlangimpi",high,medium,high,True,True,False,True,True,False
officer,13,Rear door lock defective and a window broken; dwelling cannot be secured. Location: Pirlangimpi.,high,medium,high,True,True,False,True,True,False
sms,13,"cant lok the hse at night, pirlangimpi",high,low,high,True,True,False,True,True,False
kriol_inf,13,dowa kan lok en windo brok longa Pirlangimpi,high,low,high,True,True,False,True,True,False
app_style,13,"front gate broken and lock hanging off, Katherine",high,medium,high,True,True,False,True,True,False
officer,13,Rear door lock defective and a window broken; dwelling cannot be secured. Location: Katherine.,high,medium,high,True,True,False,True,True,False
sms,13,"front gate broken and lok hanging off, katherine",high,medium,high,True,True,False,True,True,False
kriol_inf,13,dowa kan lok en windo brok longa Katherine,high,low,high,True,True,False,True,True,False
app_style,13,"front gate broken and lock hanging off, Minyerri",high,medium,high,True,True,False,True,True,False
officer,13,Rear door lock defective and a window broken; dwelling cannot be secured. Location: Minyerri.,high,medium,high,True,True,False,True,True,False
sms,13,"front gate broken and lok hanging off, minyerri",high,medium,high,True,True,False,True,True,False
kriol_inf,13,dowa kan lok en windo brok longa Minyerri,high,low,high,True,True,False,True,True,False
app_style,13,"back door wont lock and the window got smashed, Maningrida",high,high,high,False,True,True,False,False,False
officer,13,Rear door lock defective and a window broken; dwelling cannot be secured. Location: Maningrida.,high,medium,high,True,True,False,True,True,False
sms,13,"back door wont lock and the window got smashd, maningrida",high,high,high,False,True,True,False,False,False
kriol_inf,13,dowa kan lok en windo brok longa Maningrida,high,low,high,True,True,False,True,True,False
app_style,13,"front gate broken and lock hanging off, Maningrida",high,medium,high,True,True,False,True,True,False
officer,13,Rear door lock defective and a window broken; dwelling cannot be secured. Location: Maningrida.,high,medium,high,True,True,False,True,True,False
sms,13,"front gate broken and lok hanging off, maningrida",high,medium,high,True,True,False,True,True,False
kriol_inf,13,dowa kan lok en windo brok longa Maningrida,high,low,high,True,True,False,True,True,False
app_style,13,"back door wont lock and the window got smashed, Elliott",high,high,high,False,True,True,False,False,False
officer,13,Rear door lock defective and a window broken; dwelling cannot be secured. Location: Elliott.,high,medium,high,True,True,False,True,True,False
sms,13,"back door wont lock and the window got smashd, elliott",high,high,high,False,True,True,False,False,False
kriol_inf,13,dowa kan lok en windo brok longa Elliott,high,low,high,True,True,False,True,True,False
app_style,13,"back door wont lock and the window got smashed, Jabiru",high,high,high,False,True,True,False,False,False
officer,13,Rear door lock defective and a window broken; dwelling cannot be secured. Location: Jabiru.,high,medium,high,True,True,False,True,True,False
sms,13,"back door wont lok and the window got smashd, jabiru",high,medium,high,True,True,False,True,True,False
kriol_inf,13,dowa kan lok en windo brok longa Jabiru,high,low,high,True,True,False,True,True,False
app_style,13,"cant lock the house at night, Milikapiti",high,medium,high,True,True,False,True,True,False
officer,13,Rear door lock defective and a window broken; dwelling cannot be secured. Location: Milikapiti.,high,medium,high,True,True,False,True,True,False
sms,13,"cant lock the house at night, milikapiti",high,medium,high,True,True,False,True,True,False
kriol_inf,13,dowa kan lok en windo brok longa Milikapiti,high,low,high,True,True,False,True,True,False
app_style,14,"door wont lock and there was a break in, kids scared, got a baby here, Lajamanu",critical,critical,critical,False,True,True,False,False,False
officer,14,Break-in reported; doors cannot be locked. Infant in the household. Location: Lajamanu.,critical,medium,high,True,True,False,True,True,False
sms,14,"door wont lok and there was a break in, kids scared, got a bub here, lajamanu",critical,critical,critical,False,True,True,False,False,False
kriol_inf,14,"samwan bin breikin, dowa kan lok, biginini frait longa Lajamanu",critical,low,high,True,True,False,True,True,False
app_style,14,"windows smashed and cant secure the house with the baby, got a baby here, Palmerston",critical,critical,critical,False,True,True,False,False,False
officer,14,Break-in reported; doors cannot be locked. Infant in the household. Location: Palmerston.,critical,medium,high,True,True,False,True,True,False
sms,14,"windows smashd and cant secure the house with the bub, got a baby here, palmerston",critical,medium,high,True,True,False,True,True,False
kriol_inf,14,"samwan bin breikin, dowa kan lok, biginini frait longa Palmerston",critical,low,high,True,True,False,True,True,False
app_style,14,"windows smashed and cant secure the house with the baby, got a baby here, Ramingining",critical,critical,critical,False,True,True,False,False,False
officer,14,Break-in reported; doors cannot be locked. Infant in the household. Location: Ramingining.,critical,medium,high,True,True,False,True,True,False
sms,14,"windows smashed and cant secure the hse with the baby, got a bub here, ramingining",critical,critical,critical,False,True,True,False,False,False
kriol_inf,14,"samwan bin breikin, dowa kan lok, biginini frait longa Ramingining",critical,low,high,True,True,False,True,True,False
app_style,14,"door wont lock and there was a break in, kids scared, got a baby here, Maningrida",critical,critical,critical,False,True,True,False,False,False
officer,14,Break-in reported; doors cannot be locked. Infant in the household. Location: Maningrida.,critical,medium,high,True,True,False,True,True,False
sms,14,"door wont lok and there was a break in, kidz scared, got a bub here, maningrida",critical,high,high,False,True,False,True,False,False
kriol_inf,14,"samwan bin breikin, dowa kan lok, biginini frait longa Maningrida",critical,low,high,True,True,False,True,True,False
app_style,14,"windows smashed and cant secure the house with the baby, got a baby here, Jabiru",critical,critical,critical,False,True,True,False,False,False
officer,14,Break-in reported; doors cannot be locked. Infant in the household. Location: Jabiru.,critical,medium,high,True,True,False,True,True,False
sms,14,"windows smashd and cant secure the hse with the bub, got a baby here, jabiru",critical,medium,high,True,True,False,True,True,False
kriol_inf,14,"samwan bin breikin, dowa kan lok, biginini frait longa Jabiru",critical,low,high,True,True,False,True,True,False
app_style,14,"windows smashed and cant secure the house with the baby, got a baby here, Wadeye",critical,critical,critical,False,True,True,False,False,False
officer,14,Break-in reported; doors cannot be locked. Infant in the household. Location: Wadeye.,critical,medium,high,True,True,False,True,True,False
sms,14,"windows smashd and cant secure the house with the bub, got a bub here, wadeye",critical,medium,high,True,True,False,True,True,False
kriol_inf,14,"samwan bin breikin, dowa kan lok, biginini frait longa Wadeye",critical,low,high,True,True,False,True,True,False
app_style,14,"door wont lock and there was a break in, kids scared, got a baby here, Ramingining",critical,critical,critical,False,True,True,False,False,False
officer,14,Break-in reported; doors cannot be locked. Infant in the household. Location: Ramingining.,critical,medium,high,True,True,False,True,True,False
sms,14,"door wont lok and there was a break in, kids scared, got a bub here, ramingining",critical,critical,critical,False,True,True,False,False,False
kriol_inf,14,"samwan bin breikin, dowa kan lok, biginini frait longa Ramingining",critical,low,high,True,True,False,True,True,False
app_style,14,"door wont lock and there was a break in, kids scared, got a baby here, Borroloola",critical,critical,critical,False,True,True,False,False,False
officer,14,Break-in reported; doors cannot be locked. Infant in the household. Location: Borroloola.,critical,medium,high,True,True,False,True,True,False
sms,14,"door wont lok and there was a break in, kidz scared, got a bub here, borroloola",critical,high,high,False,True,False,True,False,False
kriol_inf,14,"samwan bin breikin, dowa kan lok, biginini frait longa Borroloola",critical,low,high,True,True,False,True,True,False
app_style,14,"windows smashed and cant secure the house with the baby, got a baby here, Peppimenarti",critical,critical,critical,False,True,True,False,False,False
officer,14,Break-in reported; doors cannot be locked. Infant in the household. Location: Peppimenarti.,critical,medium,high,True,True,False,True,True,False
sms,14,"windows smashed and cant secure the hse with the bub, got a bub here, peppimenarti",critical,high,high,False,True,False,True,False,False
kriol_inf,14,"samwan bin breikin, dowa kan lok, biginini frait longa Peppimenarti",critical,low,high,True,True,False,True,True,False
app_style,14,"windows smashed and cant secure the house with the baby, got a baby here, Numbulwar",critical,critical,critical,False,True,True,False,False,False
officer,14,Break-in reported; doors cannot be locked. Infant in the household. Location: Numbulwar.,critical,medium,high,True,True,False,True,True,False
sms,14,"windows smashed and cant secure the hse with the baby, got a bub here, numbulwar",critical,critical,critical,False,True,True,False,False,False
kriol_inf,14,"samwan bin breikin, dowa kan lok, biginini frait longa Numbulwar",critical,low,high,True,True,False,True,True,False
app_style,14,"windows smashed and cant secure the house with the baby, got a baby here, Palmerston",critical,critical,critical,False,True,True,False,False,False
officer,14,Break-in reported; doors cannot be locked. Infant in the household. Location: Palmerston.,critical,medium,high,True,True,False,True,True,False
sms,14,"windows smashd and cant secure the hse with the baby, got a bub here, palmerston",critical,medium,high,True,True,False,True,True,False
kriol_inf,14,"samwan bin breikin, dowa kan lok, biginini frait longa Palmerston",critical,low,high,True,True,False,True,True,False
app_style,14,"windows smashed and cant secure the house with the baby, got a baby here, Yuendumu",critical,critical,critical,False,True,True,False,False,False
officer,14,Break-in reported; doors cannot be locked. Infant in the household. Location: Yuendumu.,critical,medium,high,True,True,False,True,True,False
sms,14,"windows smashd and cant secure the hse with the bub, got a baby here, yuendumu",critical,medium,high,True,True,False,True,True,False
kriol_inf,14,"samwan bin breikin, dowa kan lok, biginini frait longa Yuendumu",critical,low,high,True,True,False,True,True,False
app_style,14,"door wont lock and there was a break in, kids scared, got a baby here, Maningrida",critical,critical,critical,False,True,True,False,False,False
officer,14,Break-in reported; doors cannot be locked. Infant in the household. Location: Maningrida.,critical,medium,high,True,True,False,True,True,False
sms,14,"door wont lock and there was a break in, kids scared, got a bub here, maningrida",critical,critical,critical,False,True,True,False,False,False
kriol_inf,14,"samwan bin breikin, dowa kan lok, biginini frait longa Maningrida",critical,low,high,True,True,False,True,True,False
app_style,14,"door wont lock and there was a break in, kids scared, got a baby here, Pine Creek",critical,critical,critical,False,True,True,False,False,False
officer,14,Break-in reported; doors cannot be locked. Infant in the household. Location: Pine Creek.,critical,medium,high,True,True,False,True,True,False
sms,14,"door wont lock and there was a break in, kidz scared, got a bub here, pine creek",critical,high,high,False,True,False,True,False,False
kriol_inf,14,"samwan bin breikin, dowa kan lok, biginini frait longa Pine Creek",critical,low,high,True,True,False,True,True,False
app_style,14,"door wont lock and there was a break in, kids scared, got a baby here, Ti Tree",critical,critical,critical,False,True,True,False,False,False
officer,14,Break-in reported; doors cannot be locked. Infant in the household. Location: Ti Tree.,critical,medium,high,True,True,False,True,True,False
sms,14,"door wont lok and there was a break in, kidz scared, got a bub here, ti tree",critical,high,high,False,True,False,True,False,False
kriol_inf,14,"samwan bin breikin, dowa kan lok, biginini frait longa Ti Tree",critical,low,high,True,True,False,True,True,False
app_style,14,"windows smashed and cant secure the house with the baby, got a baby here, Papunya",critical,critical,critical,False,True,True,False,False,False
officer,14,Break-in reported; doors cannot be locked. Infant in the household. Location: Papunya.,critical,medium,high,True,True,False,True,True,False
sms,14,"windows smashed and cant secure the hse with the bub, got a bub here, papunya",critical,high,high,False,True,False,True,False,False
kriol_inf,14,"samwan bin breikin, dowa kan lok, biginini frait longa Papunya",critical,low,high,True,True,False,True,True,False
app_style,14,"windows smashed and cant secure the house with the baby, got a baby here, Yirrkala",critical,critical,critical,False,True,True,False,False,False
officer,14,Break-in reported; doors cannot be locked. Infant in the household. Location: Yirrkala.,critical,medium,high,True,True,False,True,True,False
sms,14,"windows smashd and cant secure the hse with the baby, got a bub here, yirrkala",critical,medium,high,True,True,False,True,True,False
kriol_inf,14,"samwan bin breikin, dowa kan lok, biginini frait longa Yirrkala",critical,low,high,True,True,False,True,True,False
app_style,14,"door wont lock and there was a break in, kids scared, got a baby here, Alyangula",critical,critical,critical,False,True,True,False,False,False
officer,14,Break-in reported; doors cannot be locked. Infant in the household. Location: Alyangula.,critical,medium,high,True,True,False,True,True,False
sms,14,"door wont lok and there was a break in, kidz scared, got a baby here, alyangula",critical,critical,critical,False,True,True,False,False,False
kriol_inf,14,"samwan bin breikin, dowa kan lok, biginini frait longa Alyangula",critical,low,high,True,True,False,True,True,False
app_style,14,"door wont lock and there was a break in, kids scared, got a baby here, Darwin",critical,critical,critical,False,True,True,False,False,False
officer,14,Break-in reported; doors cannot be locked. Infant in the household. Location: Darwin.,critical,medium,high,True,True,False,True,True,False
sms,14,"door wont lok and there was a break in, kidz scared, got a baby here, darwin",critical,critical,critical,False,True,True,False,False,False
kriol_inf,14,"samwan bin breikin, dowa kan lok, biginini frait longa Darwin",critical,low,high,True,True,False,True,True,False
app_style,14,"door wont lock and there was a break in, kids scared, got a baby here, Palmerston",critical,critical,critical,False,True,True,False,False,False
officer,14,Break-in reported; doors cannot be locked. Infant in the household. Location: Palmerston.,critical,medium,high,True,True,False,True,True,False
sms,14,"door wont lock and there was a break in, kids scared, got a baby here, palmerston",critical,critical,critical,False,True,True,False,False,False
kriol_inf,14,"samwan bin breikin, dowa kan lok, biginini frait longa Palmerston",critical,low,high,True,True,False,True,True,False
app_style,14,"door wont lock and there was a break in, kids scared, got a baby here, Daly Waters",critical,critical,critical,False,True,True,False,False,False
officer,14,Break-in reported; doors cannot be locked. Infant in the household. Location: Daly Waters.,critical,medium,high,True,True,False,True,True,False
sms,14,"door wont lok and there was a break in, kidz scared, got a baby here, daly waters",critical,critical,critical,False,True,True,False,False,False
kriol_inf,14,"samwan bin breikin, dowa kan lok, biginini frait longa Daly Waters",critical,low,high,True,True,False,True,True,False
app_style,14,"windows smashed and cant secure the house with the baby, got a baby here, Yuendumu",critical,critical,critical,False,True,True,False,False,False
officer,14,Break-in reported; doors cannot be locked. Infant in the household. Location: Yuendumu.,critical,medium,high,True,True,False,True,True,False
sms,14,"windows smashd and cant secure the house with the baby, got a baby here, yuendumu",critical,medium,high,True,True,False,True,True,False
kriol_inf,14,"samwan bin breikin, dowa kan lok, biginini frait longa Yuendumu",critical,low,high,True,True,False,True,True,False
app_style,14,"windows smashed and cant secure the house with the baby, got a baby here, Barunga",critical,critical,critical,False,True,True,False,False,False
officer,14,Break-in reported; doors cannot be locked. Infant in the household. Location: Barunga.,critical,medium,high,True,True,False,True,True,False
sms,14,"windows smashed and cant secure the house with the bub, got a bub here, barunga",critical,high,high,False,True,False,True,False,False
kriol_inf,14,"samwan bin breikin, dowa kan lok, biginini frait longa Barunga",critical,low,high,True,True,False,True,True,False
app_style,14,"windows smashed and cant secure the house with the baby, got a baby here, Timber Creek",critical,critical,critical,False,True,True,False,False,False
officer,14,Break-in reported; doors cannot be locked. Infant in the household. Location: Timber Creek.,critical,medium,high,True,True,False,True,True,False
sms,14,"windows smashd and cant secure the hse with the baby, got a bub here, timber creek",critical,medium,high,True,True,False,True,True,False
kriol_inf,14,"samwan bin breikin, dowa kan lok, biginini frait longa Timber Creek",critical,low,high,True,True,False,True,True,False
app_style,14,"windows smashed and cant secure the house with the baby, got a baby here, Palmerston",critical,critical,critical,False,True,True,False,False,False
officer,14,Break-in reported; doors cannot be locked. Infant in the household. Location: Palmerston.,critical,medium,high,True,True,False,True,True,False
sms,14,"windows smashed and cant secure the hse with the baby, got a baby here, palmerston",critical,critical,critical,False,True,True,False,False,False
kriol_inf,14,"samwan bin breikin, dowa kan lok, biginini frait longa Palmerston",critical,low,high,True,True,False,True,True,False
app_style,14,"door wont lock and there was a break in, kids scared, got a baby here, Daly Waters",critical,critical,critical,False,True,True,False,False,False
officer,14,Break-in reported; doors cannot be locked. Infant in the household. Location: Daly Waters.,critical,medium,high,True,True,False,True,True,False
sms,14,"door wont lok and there was a break in, kidz scared, got a baby here, daly waters",critical,critical,critical,False,True,True,False,False,False
kriol_inf,14,"samwan bin breikin, dowa kan lok, biginini frait longa Daly Waters",critical,low,high,True,True,False,True,True,False
app_style,14,"door wont lock and there was a break in, kids scared, got a baby here, Maningrida",critical,critical,critical,False,True,True,False,False,False
officer,14,Break-in reported; doors cannot be locked. Infant in the household. Location: Maningrida.,critical,medium,high,True,True,False,True,True,False
sms,14,"door wont lok and there was a break in, kids scared, got a bub here, maningrida",critical,critical,critical,False,True,True,False,False,False
kriol_inf,14,"samwan bin breikin, dowa kan lok, biginini frait longa Maningrida",critical,low,high,True,True,False,True,True,False
app_style,14,"windows smashed and cant secure the house with the baby, got a baby here, Timber Creek",critical,critical,critical,False,True,True,False,False,False
officer,14,Break-in reported; doors cannot be locked. Infant in the household. Location: Timber Creek.,critical,medium,high,True,True,False,True,True,False
sms,14,"windows smashed and cant secure the hse with the bub, got a bub here, timber creek",critical,high,high,False,True,False,True,False,False
kriol_inf,14,"samwan bin breikin, dowa kan lok, biginini frait longa Timber Creek",critical,low,high,True,True,False,True,True,False
app_style,14,"door wont lock and there was a break in, kids scared, got a baby here, Peppimenarti",critical,critical,critical,False,True,True,False,False,False
officer,14,Break-in reported; doors cannot be locked. Infant in the household. Location: Peppimenarti.,critical,medium,high,True,True,False,True,True,False
sms,14,"door wont lok and there was a break in, kids scared, got a bub here, peppimenarti",critical,critical,critical,False,True,True,False,False,False
kriol_inf,14,"samwan bin breikin, dowa kan lok, biginini frait longa Peppimenarti",critical,low,high,True,True,False,True,True,False
app_style,14,"windows smashed and cant secure the house with the baby, got a baby here, Alyangula",critical,critical,critical,False,True,True,False,False,False
officer,14,Break-in reported; doors cannot be locked. Infant in the household. Location: Alyangula.,critical,medium,high,True,True,False,True,True,False
sms,14,"windows smashd and cant secure the hse with the baby, got a bub here, alyangula",critical,medium,high,True,True,False,True,True,False
kriol_inf,14,"samwan bin breikin, dowa kan lok, biginini frait longa Alyangula",critical,low,high,True,True,False,True,True,False
app_style,15,"oven sparking and fridge not cold, Mutitjulu",medium,medium,high,True,False,True,False,False,False
officer,15,Stove inoperable; refrigerator has failed. Location: Mutitjulu.,medium,medium,high,True,False,True,False,False,False
sms,15,"oven sparkn and fridge not cold, mutitjulu",medium,medium,high,True,False,True,False,False,False
kriol_inf,15,"stob nomo werk, fridj brok longa Mutitjulu",medium,low,high,True,False,False,True,False,False
app_style,15,"stove not working, Numbulwar",medium,medium,high,True,False,True,False,False,False
officer,15,Stove inoperable; refrigerator has failed. Location: Numbulwar.,medium,medium,high,True,False,True,False,False,False
sms,15,"stove not working, numbulwar",medium,medium,high,True,False,True,False,False,False
kriol_inf,15,"stob nomo werk, fridj brok longa Numbulwar",medium,low,high,True,False,False,True,False,False
app_style,15,"stove stopped working and fridge died last week, Milingimbi",medium,medium,high,True,False,True,False,False,False
officer,15,Stove inoperable; refrigerator has failed. Location: Milingimbi.,medium,medium,high,True,False,True,False,False,False
sms,15,"stove stopped working and fridge died last week, milingimbi",medium,medium,high,True,False,True,False,False,False
kriol_inf,15,"stob nomo werk, fridj brok longa Milingimbi",medium,low,high,True,False,False,True,False,False
app_style,15,"oven sparking and fridge not cold, Ngukurr",medium,medium,high,True,False,True,False,False,False
officer,15,Stove inoperable; refrigerator has failed. Location: Ngukurr.,medium,medium,high,True,False,True,False,False,False
sms,15,"oven sparkn and fridge not cold, ngukurr",medium,medium,high,True,False,True,False,False,False
kriol_inf,15,"stob nomo werk, fridj brok longa Ngukurr",medium,low,high,True,False,False,True,False,False
app_style,15,"stove not working, Wurrumiyanga",medium,medium,high,True,False,True,False,False,False
officer,15,Stove inoperable; refrigerator has failed. Location: Wurrumiyanga.,medium,medium,high,True,False,True,False,False,False
sms,15,"stove not working, wurrumiyanga",medium,medium,high,True,False,True,False,False,False
kriol_inf,15,"stob nomo werk, fridj brok longa Wurrumiyanga",medium,low,high,True,False,False,True,False,False
app_style,15,"stove not working, Daly Waters",medium,medium,high,True,False,True,False,False,False
officer,15,Stove inoperable; refrigerator has failed. Location: Daly Waters.,medium,medium,high,True,False,True,False,False,False
sms,15,"stove not working, daly waters",medium,medium,high,True,False,True,False,False,False
kriol_inf,15,"stob nomo werk, fridj brok longa Daly Waters",medium,low,high,True,False,False,True,False,False
app_style,15,"stove not working, Minyerri",medium,medium,high,True,False,True,False,False,False
officer,15,Stove inoperable; refrigerator has failed. Location: Minyerri.,medium,medium,high,True,False,True,False,False,False
sms,15,"stove not working, minyerri",medium,medium,high,True,False,True,False,False,False
kriol_inf,15,"stob nomo werk, fridj brok longa Minyerri",medium,low,high,True,False,False,True,False,False
app_style,15,"oven sparking and fridge not cold, Angurugu",medium,medium,high,True,False,True,False,False,False
officer,15,Stove inoperable; refrigerator has failed. Location: Angurugu.,medium,medium,high,True,False,True,False,False,False
sms,15,"oven sparkn and fridge not cold, angurugu",medium,medium,high,True,False,True,False,False,False
kriol_inf,15,"stob nomo werk, fridj brok longa Angurugu",medium,low,high,True,False,False,True,False,False
app_style,15,"stove not working, Maningrida",medium,medium,high,True,False,True,False,False,False
officer,15,Stove inoperable; refrigerator has failed. Location: Maningrida.,medium,medium,high,True,False,True,False,False,False
sms,15,"stove not working, maningrida",medium,medium,high,True,False,True,False,False,False
kriol_inf,15,"stob nomo werk, fridj brok longa Maningrida",medium,low,high,True,False,False,True,False,False
app_style,15,"stove not working, Milingimbi",medium,medium,high,True,False,True,False,False,False
officer,15,Stove inoperable; refrigerator has failed. Location: Milingimbi.,medium,medium,high,True,False,True,False,False,False
sms,15,"stove not working, milingimbi",medium,medium,high,True,False,True,False,False,False
kriol_inf,15,"stob nomo werk, fridj brok longa Milingimbi",medium,low,high,True,False,False,True,False,False
app_style,15,"stove stopped working and fridge died last week, Minyerri",medium,medium,high,True,False,True,False,False,False
officer,15,Stove inoperable; refrigerator has failed. Location: Minyerri.,medium,medium,high,True,False,True,False,False,False
sms,15,"stove stopped working and fridge died last week, minyerri",medium,medium,high,True,False,True,False,False,False
kriol_inf,15,"stob nomo werk, fridj brok longa Minyerri",medium,low,high,True,False,False,True,False,False
app_style,15,"stove not working, Barunga",medium,medium,high,True,False,True,False,False,False
officer,15,Stove inoperable; refrigerator has failed. Location: Barunga.,medium,medium,high,True,False,True,False,False,False
sms,15,"stove not working, barunga",medium,medium,high,True,False,True,False,False,False
kriol_inf,15,"stob nomo werk, fridj brok longa Barunga",medium,low,high,True,False,False,True,False,False
app_style,15,"stove stopped working and fridge died last week, Batchelor",medium,medium,high,True,False,True,False,False,False
officer,15,Stove inoperable; refrigerator has failed. Location: Batchelor.,medium,medium,high,True,False,True,False,False,False
sms,15,"stove stopped working and fridge died last week, batchelor",medium,medium,high,True,False,True,False,False,False
kriol_inf,15,"stob nomo werk, fridj brok longa Batchelor",medium,low,high,True,False,False,True,False,False
app_style,15,"oven sparking and fridge not cold, Palumpa",medium,medium,high,True,False,True,False,False,False
officer,15,Stove inoperable; refrigerator has failed. Location: Palumpa.,medium,medium,high,True,False,True,False,False,False
sms,15,"oven sparkn and fridge not cold, palumpa",medium,medium,high,True,False,True,False,False,False
kriol_inf,15,"stob nomo werk, fridj brok longa Palumpa",medium,low,high,True,False,False,True,False,False
app_style,15,"oven sparking and fridge not cold, Papunya",medium,medium,high,True,False,True,False,False,False
officer,15,Stove inoperable; refrigerator has failed. Location: Papunya.,medium,medium,high,True,False,True,False,False,False
sms,15,"oven sparking and fridge not cold, papunya",medium,medium,high,True,False,True,False,False,False
kriol_inf,15,"stob nomo werk, fridj brok longa Papunya",medium,low,high,True,False,False,True,False,False
app_style,15,"stove not working, Ti Tree",medium,medium,high,True,False,True,False,False,False
officer,15,Stove inoperable; refrigerator has failed. Location: Ti Tree.,medium,medium,high,True,False,True,False,False,False
sms,15,"stove not working, ti tree",medium,medium,high,True,False,True,False,False,False
kriol_inf,15,"stob nomo werk, fridj brok longa Ti Tree",medium,low,high,True,False,False,True,False,False
app_style,15,"oven sparking and fridge not cold, Minjilang",medium,medium,high,True,False,True,False,False,False
officer,15,Stove inoperable; refrigerator has failed. Location: Minjilang.,medium,medium,high,True,False,True,False,False,False
sms,15,"oven sparking and fridge not cold, minjilang",medium,medium,high,True,False,True,False,False,False
kriol_inf,15,"stob nomo werk, fridj brok longa Minjilang",medium,low,high,True,False,False,True,False,False
app_style,15,"oven sparking and fridge not cold, Ti Tree",medium,medium,high,True,False,True,False,False,False
officer,15,Stove inoperable; refrigerator has failed. Location: Ti Tree.,medium,medium,high,True,False,True,False,False,False
sms,15,"oven sparkn and fridge not cold, ti tree",medium,medium,high,True,False,True,False,False,False
kriol_inf,15,"stob nomo werk, fridj brok longa Ti Tree",medium,low,high,True,False,False,True,False,False
app_style,15,"oven sparking and fridge not cold, Milingimbi",medium,medium,high,True,False,True,False,False,False
officer,15,Stove inoperable; refrigerator has failed. Location: Milingimbi.,medium,medium,high,True,False,True,False,False,False
sms,15,"oven sparkn and fridge not cold, milingimbi",medium,medium,high,True,False,True,False,False,False
kriol_inf,15,"stob nomo werk, fridj brok longa Milingimbi",medium,low,high,True,False,False,True,False,False
app_style,15,"stove stopped working and fridge died last week, Robinson River",medium,medium,high,True,False,True,False,False,False
officer,15,Stove inoperable; refrigerator has failed. Location: Robinson River.,medium,medium,high,True,False,True,False,False,False
sms,15,"stove stopped working and fridge died last week, robinson river",medium,medium,high,True,False,True,False,False,False
kriol_inf,15,"stob nomo werk, fridj brok longa Robinson River",medium,low,high,True,False,False,True,False,False
app_style,15,"stove stopped working and fridge died last week, Maningrida",medium,medium,high,True,False,True,False,False,False
officer,15,Stove inoperable; refrigerator has failed. Location: Maningrida.,medium,medium,high,True,False,True,False,False,False
sms,15,"stove stopped working and fridge died last week, maningrida",medium,medium,high,True,False,True,False,False,False
kriol_inf,15,"stob nomo werk, fridj brok longa Maningrida",medium,low,high,True,False,False,True,False,False
app_style,15,"stove stopped working and fridge died last week, Kalkarindji",medium,medium,high,True,False,True,False,False,False
officer,15,Stove inoperable; refrigerator has failed. Location: Kalkarindji.,medium,medium,high,True,False,True,False,False,False
sms,15,"stove stopped working and fridge died last week, kalkarindji",medium,medium,high,True,False,True,False,False,False
kriol_inf,15,"stob nomo werk, fridj brok longa Kalkarindji",medium,low,high,True,False,False,True,False,False
app_style,15,"oven sparking and fridge not cold, Barunga",medium,medium,high,True,False,True,False,False,False
officer,15,Stove inoperable; refrigerator has failed. Location: Barunga.,medium,medium,high,True,False,True,False,False,False
sms,15,"oven sparkn and fridge not cold, barunga",medium,medium,high,True,False,True,False,False,False
kriol_inf,15,"stob nomo werk, fridj brok longa Barunga",medium,low,high,True,False,False,True,False,False
app_style,15,"stove not working, Milingimbi",medium,medium,high,True,False,True,False,False,False
officer,15,Stove inoperable; refrigerator has failed. Location: Milingimbi.,medium,medium,high,True,False,True,False,False,False
sms,15,"stove not working, milingimbi",medium,medium,high,True,False,True,False,False,False
kriol_inf,15,"stob nomo werk, fridj brok longa Milingimbi",medium,low,high,True,False,False,True,False,False
app_style,15,"stove not working, Minyerri",medium,medium,high,True,False,True,False,False,False
officer,15,Stove inoperable; refrigerator has failed. Location: Minyerri.,medium,medium,high,True,False,True,False,False,False
sms,15,"stove not working, minyerri",medium,medium,high,True,False,True,False,False,False
kriol_inf,15,"stob nomo werk, fridj brok longa Minyerri",medium,low,high,True,False,False,True,False,False
app_style,15,"oven sparking and fridge not cold, Batchelor",medium,medium,high,True,False,True,False,False,False
officer,15,Stove inoperable; refrigerator has failed. Location: Batchelor.,medium,medium,high,True,False,True,False,False,False
sms,15,"oven sparkn and fridge not cold, batchelor",medium,medium,high,True,False,True,False,False,False
kriol_inf,15,"stob nomo werk, fridj brok longa Batchelor",medium,low,high,True,False,False,True,False,False
app_style,15,"stove not working, Humpty Doo",medium,medium,high,True,False,True,False,False,False
officer,15,Stove inoperable; refrigerator has failed. Location: Humpty Doo.,medium,medium,high,True,False,True,False,False,False
sms,15,"stove not working, humpty doo",medium,medium,high,True,False,True,False,False,False
kriol_inf,15,"stob nomo werk, fridj brok longa Humpty Doo",medium,low,high,True,False,False,True,False,False
app_style,15,"oven sparking and fridge not cold, Numbulwar",medium,medium,high,True,False,True,False,False,False
officer,15,Stove inoperable; refrigerator has failed. Location: Numbulwar.,medium,medium,high,True,False,True,False,False,False
sms,15,"oven sparkn and fridge not cold, numbulwar",medium,medium,high,True,False,True,False,False,False
kriol_inf,15,"stob nomo werk, fridj brok longa Numbulwar",medium,low,high,True,False,False,True,False,False
app_style,15,"oven sparking and fridge not cold, Lajamanu",medium,medium,high,True,False,True,False,False,False
officer,15,Stove inoperable; refrigerator has failed. Location: Lajamanu.,medium,medium,high,True,False,True,False,False,False
sms,15,"oven sparkn and fridge not cold, lajamanu",medium,medium,high,True,False,True,False,False,False
kriol_inf,15,"stob nomo werk, fridj brok longa Lajamanu",medium,low,high,True,False,False,True,False,False
app_style,15,"stove not working, Gapuwiyak",medium,medium,high,True,False,True,False,False,False
officer,15,Stove inoperable; refrigerator has failed. Location: Gapuwiyak.,medium,medium,high,True,False,True,False,False,False
sms,15,"stove not working, gapuwiyak",medium,medium,high,True,False,True,False,False,False
kriol_inf,15,"stob nomo werk, fridj brok longa Gapuwiyak",medium,low,high,True,False,False,True,False,False
app_style,16,"shower head dripping and a tile cracked, Milingimbi",low,low,high,True,False,True,False,False,False
officer,16,Shower head dripping; cracked tile in the bathroom. Location: Milingimbi.,low,low,high,True,False,True,False,False,False
sms,16,"shower head dripping and a tile cracked, milingimbi",low,low,high,True,False,True,False,False,False
kriol_inf,16,showa drip drip longa Milingimbi,low,low,high,True,False,True,False,False,False
app_style,16,"bath leaking through the floor slowly, Yirrkala",low,medium,high,True,False,False,False,False,False
officer,16,Shower head dripping; cracked tile in the bathroom. Location: Yirrkala.,low,low,high,True,False,True,False,False,False
sms,16,"bath leaking through the floor slowly, yirrkala",low,medium,high,True,False,False,False,False,False
kriol_inf,16,showa drip drip longa Yirrkala,low,low,high,True,False,True,False,False,False
app_style,16,"bath leaking through the floor slowly, Batchelor",low,medium,high,True,False,False,False,False,False
officer,16,Shower head dripping; cracked tile in the bathroom. Location: Batchelor.,low,low,high,True,False,True,False,False,False
sms,16,"bath leaking through the floor slowly, batchelor",low,medium,high,True,False,False,False,False,False
kriol_inf,16,showa drip drip longa Batchelor,low,low,high,True,False,True,False,False,False
app_style,16,"shower head dripping and a tile cracked, Milikapiti",low,low,high,True,False,True,False,False,False
officer,16,Shower head dripping; cracked tile in the bathroom. Location: Milikapiti.,low,low,high,True,False,True,False,False,False
sms,16,"shower head dripping and a tile cracked, milikapiti",low,low,high,True,False,True,False,False,False
kriol_inf,16,showa drip drip longa Milikapiti,low,low,high,True,False,True,False,False,False
app_style,16,"shower head dripping and a tile cracked, Elliott",low,low,high,True,False,True,False,False,False
officer,16,Shower head dripping; cracked tile in the bathroom. Location: Elliott.,low,low,high,True,False,True,False,False,False
sms,16,"shower head dripping and a tile crakd, elliott",low,low,high,True,False,True,False,False,False
kriol_inf,16,showa drip drip longa Elliott,low,low,high,True,False,True,False,False,False
app_style,16,"shower no water pressure, Wadeye",low,high,high,False,False,False,False,False,False
officer,16,Shower head dripping; cracked tile in the bathroom. Location: Wadeye.,low,low,high,True,False,True,False,False,False
sms,16,"shower no wata pressure, wadeye",low,low,high,True,False,True,False,False,False
kriol_inf,16,showa drip drip longa Wadeye,low,low,high,True,False,True,False,False,False
app_style,16,"shower head dripping and a tile cracked, Pirlangimpi",low,low,high,True,False,True,False,False,False
officer,16,Shower head dripping; cracked tile in the bathroom. Location: Pirlangimpi.,low,low,high,True,False,True,False,False,False
sms,16,"shower head dripping and a tile cracked, pirlangimpi",low,low,high,True,False,True,False,False,False
kriol_inf,16,showa drip drip longa Pirlangimpi,low,low,high,True,False,True,False,False,False
app_style,16,"shower no water pressure, Tennant Creek",low,high,high,False,False,False,False,False,False
officer,16,Shower head dripping; cracked tile in the bathroom. Location: Tennant Creek.,low,low,high,True,False,True,False,False,False
sms,16,"shower no wata pressure, tennant creek",low,low,high,True,False,True,False,False,False
kriol_inf,16,showa drip drip longa Tennant Creek,low,low,high,True,False,True,False,False,False
app_style,16,"shower head dripping and a tile cracked, Daly Waters",low,low,high,True,False,True,False,False,False
officer,16,Shower head dripping; cracked tile in the bathroom. Location: Daly Waters.,low,low,high,True,False,True,False,False,False
sms,16,"shower head dripping and a tile crakd, daly waters",low,low,high,True,False,True,False,False,False
kriol_inf,16,showa drip drip longa Daly Waters,low,low,high,True,False,True,False,False,False
app_style,16,"shower head dripping and a tile cracked, Lajamanu",low,low,high,True,False,True,False,False,False
officer,16,Shower head dripping; cracked tile in the bathroom. Location: Lajamanu.,low,low,high,True,False,True,False,False,False
sms,16,"shower head dripping and a tile crakd, lajamanu",low,low,high,True,False,True,False,False,False
kriol_inf,16,showa drip drip longa Lajamanu,low,low,high,True,False,True,False,False,False
app_style,16,"bath leaking through the floor slowly, Yirrkala",low,medium,high,True,False,False,False,False,False
officer,16,Shower head dripping; cracked tile in the bathroom. Location: Yirrkala.,low,low,high,True,False,True,False,False,False
sms,16,"bath leakin through the floor slowly, yirrkala",low,medium,high,True,False,False,False,False,False
kriol_inf,16,showa drip drip longa Yirrkala,low,low,high,True,False,True,False,False,False
app_style,16,"bath leaking through the floor slowly, Mataranka",low,medium,high,True,False,False,False,False,False
officer,16,Shower head dripping; cracked tile in the bathroom. Location: Mataranka.,low,low,high,True,False,True,False,False,False
sms,16,"bath leakin through the floor slowly, mataranka",low,medium,high,True,False,False,False,False,False
kriol_inf,16,showa drip drip longa Mataranka,low,low,high,True,False,True,False,False,False
app_style,16,"shower no water pressure, Alyangula",low,high,high,False,False,False,False,False,False
officer,16,Shower head dripping; cracked tile in the bathroom. Location: Alyangula.,low,low,high,True,False,True,False,False,False
sms,16,"shower no wata pressure, alyangula",low,low,high,True,False,True,False,False,False
kriol_inf,16,showa drip drip longa Alyangula,low,low,high,True,False,True,False,False,False
app_style,16,"shower no water pressure, Batchelor",low,high,high,False,False,False,False,False,False
officer,16,Shower head dripping; cracked tile in the bathroom. Location: Batchelor.,low,low,high,True,False,True,False,False,False
sms,16,"shower no wata pressure, batchelor",low,low,high,True,False,True,False,False,False
kriol_inf,16,showa drip drip longa Batchelor,low,low,high,True,False,True,False,False,False
app_style,16,"shower head dripping and a tile cracked, Daly Waters",low,low,high,True,False,True,False,False,False
officer,16,Shower head dripping; cracked tile in the bathroom. Location: Daly Waters.,low,low,high,True,False,True,False,False,False
sms,16,"shower head dripping and a tile crakd, daly waters",low,low,high,True,False,True,False,False,False
kriol_inf,16,showa drip drip longa Daly Waters,low,low,high,True,False,True,False,False,False
app_style,16,"bath leaking through the floor slowly, Wurrumiyanga",low,medium,high,True,False,False,False,False,False
officer,16,Shower head dripping; cracked tile in the bathroom. Location: Wurrumiyanga.,low,low,high,True,False,True,False,False,False
sms,16,"bath leaking through the floor slowly, wurrumiyanga",low,medium,high,True,False,False,False,False,False
kriol_inf,16,showa drip drip longa Wurrumiyanga,low,low,high,True,False,True,False,False,False
app_style,16,"shower no water pressure, Minjilang",low,high,high,False,False,False,False,False,False
officer,16,Shower head dripping; cracked tile in the bathroom. Location: Minjilang.,low,low,high,True,False,True,False,False,False
sms,16,"shower no wata pressure, minjilang",low,low,high,True,False,True,False,False,False
kriol_inf,16,showa drip drip longa Minjilang,low,low,high,True,False,True,False,False,False
app_style,16,"shower no water pressure, Alice Springs",low,high,high,False,False,False,False,False,False
officer,16,Shower head dripping; cracked tile in the bathroom. Location: Alice Springs.,low,low,high,True,False,True,False,False,False
sms,16,"shower no wata pressure, alice springs",low,low,high,True,False,True,False,False,False
kriol_inf,16,showa drip drip longa Alice Springs,low,low,high,True,False,True,False,False,False
app_style,16,"shower no water pressure, Lajamanu",low,high,high,False,False,False,False,False,False
officer,16,Shower head dripping; cracked tile in the bathroom. Location: Lajamanu.,low,low,high,True,False,True,False,False,False
sms,16,"shower no wata pressure, lajamanu",low,low,high,True,False,True,False,False,False
kriol_inf,16,showa drip drip longa Lajamanu,low,low,high,True,False,True,False,False,False
app_style,16,"shower head dripping and a tile cracked, Peppimenarti",low,low,high,True,False,True,False,False,False
officer,16,Shower head dripping; cracked tile in the bathroom. Location: Peppimenarti.,low,low,high,True,False,True,False,False,False
sms,16,"shower head dripping and a tile crakd, peppimenarti",low,low,high,True,False,True,False,False,False
kriol_inf,16,showa drip drip longa Peppimenarti,low,low,high,True,False,True,False,False,False
app_style,16,"bath leaking through the floor slowly, Gunbalanya",low,medium,high,True,False,False,False,False,False
officer,16,Shower head dripping; cracked tile in the bathroom. Location: Gunbalanya.,low,low,high,True,False,True,False,False,False
sms,16,"bath leakin through the floor slowly, gunbalanya",low,medium,high,True,False,False,False,False,False
kriol_inf,16,showa drip drip longa Gunbalanya,low,low,high,True,False,True,False,False,False
app_style,16,"bath leaking through the floor slowly, Darwin",low,medium,high,True,False,False,False,False,False
officer,16,Shower head dripping; cracked tile in the bathroom. Location: Darwin.,low,low,high,True,False,True,False,False,False
sms,16,"bath leakin through the floor slowly, darwin",low,medium,high,True,False,False,False,False,False
kriol_inf,16,showa drip drip longa Darwin,low,low,high,True,False,True,False,False,False
app_style,16,"bath leaking through the floor slowly, Docker River",low,medium,high,True,False,False,False,False,False
officer,16,Shower head dripping; cracked tile in the bathroom. Location: Docker River.,low,low,high,True,False,True,False,False,False
sms,16,"bath leakin through the floor slowly, docker river",low,medium,high,True,False,False,False,False,False
kriol_inf,16,showa drip drip longa Docker River,low,low,high,True,False,True,False,False,False
app_style,16,"bath leaking through the floor slowly, Gunbalanya",low,medium,high,True,False,False,False,False,False
officer,16,Shower head dripping; cracked tile in the bathroom. Location: Gunbalanya.,low,low,high,True,False,True,False,False,False
sms,16,"bath leakin through the floor slowly, gunbalanya",low,medium,high,True,False,False,False,False,False
kriol_inf,16,showa drip drip longa Gunbalanya,low,low,high,True,False,True,False,False,False
app_style,16,"bath leaking through the floor slowly, Palmerston",low,medium,high,True,False,False,False,False,False
officer,16,Shower head dripping; cracked tile in the bathroom. Location: Palmerston.,low,low,high,True,False,True,False,False,False
sms,16,"bath leakin through the floor slowly, palmerston",low,medium,high,True,False,False,False,False,False
kriol_inf,16,showa drip drip longa Palmerston,low,low,high,True,False,True,False,False,False
app_style,16,"shower head dripping and a tile cracked, Warruwi",low,low,high,True,False,True,False,False,False
officer,16,Shower head dripping; cracked tile in the bathroom. Location: Warruwi.,low,low,high,True,False,True,False,False,False
sms,16,"shower head dripping and a tile crakd, warruwi",low,low,high,True,False,True,False,False,False
kriol_inf,16,showa drip drip longa Warruwi,low,low,high,True,False,True,False,False,False
app_style,16,"shower head dripping and a tile cracked, Umbakumba",low,low,high,True,False,True,False,False,False
officer,16,Shower head dripping; cracked tile in the bathroom. Location: Umbakumba.,low,low,high,True,False,True,False,False,False
sms,16,"shower head dripping and a tile crakd, umbakumba",low,low,high,True,False,True,False,False,False
kriol_inf,16,showa drip drip longa Umbakumba,low,low,high,True,False,True,False,False,False
app_style,16,"shower head dripping and a tile cracked, Elliott",low,low,high,True,False,True,False,False,False
officer,16,Shower head dripping; cracked tile in the bathroom. Location: Elliott.,low,low,high,True,False,True,False,False,False
sms,16,"shower head dripping and a tile crakd, elliott",low,low,high,True,False,True,False,False,False
kriol_inf,16,showa drip drip longa Elliott,low,low,high,True,False,True,False,False,False
app_style,16,"shower no water pressure, Yirrkala",low,high,high,False,False,False,False,False,False
officer,16,Shower head dripping; cracked tile in the bathroom. Location: Yirrkala.,low,low,high,True,False,True,False,False,False
sms,16,"shower no wata pressure, yirrkala",low,low,high,True,False,True,False,False,False
kriol_inf,16,showa drip drip longa Yirrkala,low,low,high,True,False,True,False,False,False
app_style,16,"shower head dripping and a tile cracked, Darwin",low,low,high,True,False,True,False,False,False
officer,16,Shower head dripping; cracked tile in the bathroom. Location: Darwin.,low,low,high,True,False,True,False,False,False
sms,16,"shower head dripping and a tile crakd, darwin",low,low,high,True,False,True,False,False,False
kriol_inf,16,showa drip drip longa Darwin,low,low,high,True,False,True,False,False,False
app_style,17,"oxygen machine has no power, Minjilang",critical,critical,critical,False,True,True,False,False,False
officer,17,No power to the resident's oxygen concentrator. Location: Minjilang.,critical,critical,critical,False,True,True,False,False,False
sms,17,"oxygen machine has no power, minjilang",critical,critical,critical,False,True,True,False,False,False
kriol_inf,17,oksijen masheen nomo pawa longa Minjilang,critical,low,high,True,True,False,True,True,False
app_style,17,"oxygen machine has no power, Maningrida",critical,critical,critical,False,True,True,False,False,False
officer,17,No power to the resident's oxygen concentrator. Location: Maningrida.,critical,critical,critical,False,True,True,False,False,False
sms,17,"oxy machine has no power, maningrida",critical,medium,high,True,True,False,True,True,False
kriol_inf,17,oksijen masheen nomo pawa longa Maningrida,critical,low,high,True,True,False,True,True,False
app_style,17,"dialysis needs a reliable socket, Ti Tree",critical,critical,critical,False,True,True,False,False,False
officer,17,No power to the resident's oxygen concentrator. Location: Ti Tree.,critical,critical,critical,False,True,True,False,False,False
sms,17,"dialysis needs a reliable socket, ti tree",critical,critical,critical,False,True,True,False,False,False
kriol_inf,17,oksijen masheen nomo pawa longa Ti Tree,critical,low,high,True,True,False,True,True,False
app_style,17,"oxygen machine has no power, Batchelor",critical,critical,critical,False,True,True,False,False,False
officer,17,No power to the resident's oxygen concentrator. Location: Batchelor.,critical,critical,critical,False,True,True,False,False,False
sms,17,"oxy machine has no power, batchelor",critical,medium,high,True,True,False,True,True,False
kriol_inf,17,oksijen masheen nomo pawa longa Batchelor,critical,low,high,True,True,False,True,True,False
app_style,17,"oxygen machine has no power, Docker River",critical,critical,critical,False,True,True,False,False,False
officer,17,No power to the resident's oxygen concentrator. Location: Docker River.,critical,critical,critical,False,True,True,False,False,False
sms,17,"oxygen machine has no power, docker river",critical,critical,critical,False,True,True,False,False,False
kriol_inf,17,oksijen masheen nomo pawa longa Docker River,critical,low,high,True,True,False,True,True,False
app_style,17,"cpap machine wont run, power point dead, Yuendumu",critical,critical,critical,False,True,True,False,False,False
officer,17,No power to the resident's oxygen concentrator. Location: Yuendumu.,critical,critical,critical,False,True,True,False,False,False
sms,17,"cpap machine wont run, power point ded, yuendumu",critical,critical,critical,False,True,True,False,False,False
kriol_inf,17,oksijen masheen nomo pawa longa Yuendumu,critical,low,high,True,True,False,True,True,False
app_style,17,"cpap machine wont run, power point dead, Gapuwiyak",critical,critical,critical,False,True,True,False,False,False
officer,17,No power to the resident's oxygen concentrator. Location: Gapuwiyak.,critical,critical,critical,False,True,True,False,False,False
sms,17,"cpap machine wont run, power point ded, gapuwiyak",critical,critical,critical,False,True,True,False,False,False
kriol_inf,17,oksijen masheen nomo pawa longa Gapuwiyak,critical,low,high,True,True,False,True,True,False
app_style,17,"dialysis needs a reliable socket, Maningrida",critical,critical,critical,False,True,True,False,False,False
officer,17,No power to the resident's oxygen concentrator. Location: Maningrida.,critical,critical,critical,False,True,True,False,False,False
sms,17,"dialysis needs a reliable socket, maningrida",critical,critical,critical,False,True,True,False,False,False
kriol_inf,17,oksijen masheen nomo pawa longa Maningrida,critical,low,high,True,True,False,True,True,False
app_style,17,"dialysis needs a reliable socket, Timber Creek",critical,critical,critical,False,True,True,False,False,False
officer,17,No power to the resident's oxygen concentrator. Location: Timber Creek.,critical,critical,critical,False,True,True,False,False,False
sms,17,"dialysis needs a reliable socket, timber creek",critical,critical,critical,False,True,True,False,False,False
kriol_inf,17,oksijen masheen nomo pawa longa Timber Creek,critical,low,high,True,True,False,True,True,False
app_style,17,"oxygen machine has no power, Wadeye",critical,critical,critical,False,True,True,False,False,False
officer,17,No power to the resident's oxygen concentrator. Location: Wadeye.,critical,critical,critical,False,True,True,False,False,False
sms,17,"oxygen machine has no power, wadeye",critical,critical,critical,False,True,True,False,False,False
kriol_inf,17,oksijen masheen nomo pawa longa Wadeye,critical,low,high,True,True,False,True,True,False
app_style,17,"cpap machine wont run, power point dead, Timber Creek",critical,critical,critical,False,True,True,False,False,False
officer,17,No power to the resident's oxygen concentrator. Location: Timber Creek.,critical,critical,critical,False,True,True,False,False,False
sms,17,"cpap machine wont run, power point ded, timber creek",critical,critical,critical,False,True,True,False,False,False
kriol_inf,17,oksijen masheen nomo pawa longa Timber Creek,critical,low,high,True,True,False,True,True,False
app_style,17,"oxygen machine has no power, Kalkarindji",critical,critical,critical,False,True,True,False,False,False
officer,17,No power to the resident's oxygen concentrator. Location: Kalkarindji.,critical,critical,critical,False,True,True,False,False,False
sms,17,"oxygen machine has no power, kalkarindji",critical,critical,critical,False,True,True,False,False,False
kriol_inf,17,oksijen masheen nomo pawa longa Kalkarindji,critical,low,high,True,True,False,True,True,False
app_style,17,"cpap machine wont run, power point dead, Darwin",critical,critical,critical,False,True,True,False,False,False
officer,17,No power to the resident's oxygen concentrator. Location: Darwin.,critical,critical,critical,False,True,True,False,False,False
sms,17,"cpap machine wont run, power point ded, darwin",critical,critical,critical,False,True,True,False,False,False
kriol_inf,17,oksijen masheen nomo pawa longa Darwin,critical,low,high,True,True,False,True,True,False
app_style,17,"cpap machine wont run, power point dead, Daly Waters",critical,critical,critical,False,True,True,False,False,False
officer,17,No power to the resident's oxygen concentrator. Location: Daly Waters.,critical,critical,critical,False,True,True,False,False,False
sms,17,"cpap machine wont run, power point dead, daly waters",critical,critical,critical,False,True,True,False,False,False
kriol_inf,17,oksijen masheen nomo pawa longa Daly Waters,critical,low,high,True,True,False,True,True,False
app_style,17,"cpap machine wont run, power point dead, Gapuwiyak",critical,critical,critical,False,True,True,False,False,False
officer,17,No power to the resident's oxygen concentrator. Location: Gapuwiyak.,critical,critical,critical,False,True,True,False,False,False
sms,17,"cpap machine wont run, power point ded, gapuwiyak",critical,critical,critical,False,True,True,False,False,False
kriol_inf,17,oksijen masheen nomo pawa longa Gapuwiyak,critical,low,high,True,True,False,True,True,False
app_style,17,"oxygen machine has no power, Mataranka",critical,critical,critical,False,True,True,False,False,False
officer,17,No power to the resident's oxygen concentrator. Location: Mataranka.,critical,critical,critical,False,True,True,False,False,False
sms,17,"oxy machine has no power, mataranka",critical,medium,high,True,True,False,True,True,False
kriol_inf,17,oksijen masheen nomo pawa longa Mataranka,critical,low,high,True,True,False,True,True,False
app_style,17,"dialysis needs a reliable socket, Milingimbi",critical,critical,critical,False,True,True,False,False,False
officer,17,No power to the resident's oxygen concentrator. Location: Milingimbi.,critical,critical,critical,False,True,True,False,False,False
sms,17,"dialysis needs a reliable socket, milingimbi",critical,critical,critical,False,True,True,False,False,False
kriol_inf,17,oksijen masheen nomo pawa longa Milingimbi,critical,low,high,True,True,False,True,True,False
app_style,17,"cpap machine wont run, power point dead, Palmerston",critical,critical,critical,False,True,True,False,False,False
officer,17,No power to the resident's oxygen concentrator. Location: Palmerston.,critical,critical,critical,False,True,True,False,False,False
sms,17,"cpap machine wont run, power point ded, palmerston",critical,critical,critical,False,True,True,False,False,False
kriol_inf,17,oksijen masheen nomo pawa longa Palmerston,critical,low,high,True,True,False,True,True,False
app_style,17,"dialysis needs a reliable socket, Wadeye",critical,critical,critical,False,True,True,False,False,False
officer,17,No power to the resident's oxygen concentrator. Location: Wadeye.,critical,critical,critical,False,True,True,False,False,False
sms,17,"dialysis needs a reliable socket, wadeye",critical,critical,critical,False,True,True,False,False,False
kriol_inf,17,oksijen masheen nomo pawa longa Wadeye,critical,low,high,True,True,False,True,True,False
app_style,17,"oxygen machine has no power, Yirrkala",critical,critical,critical,False,True,True,False,False,False
officer,17,No power to the resident's oxygen concentrator. Location: Yirrkala.,critical,critical,critical,False,True,True,False,False,False
sms,17,"oxy machine has no power, yirrkala",critical,medium,high,True,True,False,True,True,False
kriol_inf,17,oksijen masheen nomo pawa longa Yirrkala,critical,low,high,True,True,False,True,True,False
app_style,17,"dialysis needs a reliable socket, Minyerri",critical,critical,critical,False,True,True,False,False,False
officer,17,No power to the resident's oxygen concentrator. Location: Minyerri.,critical,critical,critical,False,True,True,False,False,False
sms,17,"dialysis needs a reliable socket, minyerri",critical,critical,critical,False,True,True,False,False,False
kriol_inf,17,oksijen masheen nomo pawa longa Minyerri,critical,low,high,True,True,False,True,True,False
app_style,17,"cpap machine wont run, power point dead, Kalkarindji",critical,critical,critical,False,True,True,False,False,False
officer,17,No power to the resident's oxygen concentrator. Location: Kalkarindji.,critical,critical,critical,False,True,True,False,False,False
sms,17,"cpap machine wont run, power point ded, kalkarindji",critical,critical,critical,False,True,True,False,False,False
kriol_inf,17,oksijen masheen nomo pawa longa Kalkarindji,critical,low,high,True,True,False,True,True,False
app_style,17,"dialysis needs a reliable socket, Elliott",critical,critical,critical,False,True,True,False,False,False
officer,17,No power to the resident's oxygen concentrator. Location: Elliott.,critical,critical,critical,False,True,True,False,False,False
sms,17,"dialysis needs a reliable socket, elliott",critical,critical,critical,False,True,True,False,False,False
kriol_inf,17,oksijen masheen nomo pawa longa Elliott,critical,low,high,True,True,False,True,True,False
app_style,17,"cpap machine wont run, power point dead, Minyerri",critical,critical,critical,False,True,True,False,False,False
officer,17,No power to the resident's oxygen concentrator. Location: Minyerri.,critical,critical,critical,False,True,True,False,False,False
sms,17,"cpap machine wont run, power point ded, minyerri",critical,critical,critical,False,True,True,False,False,False
kriol_inf,17,oksijen masheen nomo pawa longa Minyerri,critical,low,high,True,True,False,True,True,False
app_style,17,"oxygen machine has no power, Timber Creek",critical,critical,critical,False,True,True,False,False,False
officer,17,No power to the resident's oxygen concentrator. Location: Timber Creek.,critical,critical,critical,False,True,True,False,False,False
sms,17,"oxy machine has no power, timber creek",critical,medium,high,True,True,False,True,True,False
kriol_inf,17,oksijen masheen nomo pawa longa Timber Creek,critical,low,high,True,True,False,True,True,False
app_style,17,"cpap machine wont run, power point dead, Milikapiti",critical,critical,critical,False,True,True,False,False,False
officer,17,No power to the resident's oxygen concentrator. Location: Milikapiti.,critical,critical,critical,False,True,True,False,False,False
sms,17,"cpap machine wont run, power point ded, milikapiti",critical,critical,critical,False,True,True,False,False,False
kriol_inf,17,oksijen masheen nomo pawa longa Milikapiti,critical,low,high,True,True,False,True,True,False
app_style,17,"oxygen machine has no power, Galiwin'ku",critical,critical,critical,False,True,True,False,False,False
officer,17,No power to the resident's oxygen concentrator. Location: Galiwin'ku.,critical,critical,critical,False,True,True,False,False,False
sms,17,"oxy machine has no power, galiwinku",critical,medium,high,True,True,False,True,True,False
kriol_inf,17,oksijen masheen nomo pawa longa Galiwin'ku,critical,low,high,True,True,False,True,True,False
app_style,17,"oxygen machine has no power, Pirlangimpi",critical,critical,critical,False,True,True,False,False,False
officer,17,No power to the resident's oxygen concentrator. Location: Pirlangimpi.,critical,critical,critical,False,True,True,False,False,False
sms,17,"oxygen machine has no power, pirlangimpi",critical,critical,critical,False,True,True,False,False,False
kriol_inf,17,oksijen masheen nomo pawa longa Pirlangimpi,critical,low,high,True,True,False,True,True,False
app_style,17,"cpap machine wont run, power point dead, Lajamanu",critical,critical,critical,False,True,True,False,False,False
officer,17,No power to the resident's oxygen concentrator. Location: Lajamanu.,critical,critical,critical,False,True,True,False,False,False
sms,17,"cpap machine wont run, power point dead, lajamanu",critical,critical,critical,False,True,True,False,False,False
kriol_inf,17,oksijen masheen nomo pawa longa Lajamanu,critical,low,high,True,True,False,True,True,False
app_style,17,"cpap machine wont run, power point dead, Yirrkala",critical,critical,critical,False,True,True,False,False,False
officer,17,No power to the resident's oxygen concentrator. Location: Yirrkala.,critical,critical,critical,False,True,True,False,False,False
sms,17,"cpap machine wont run, power point ded, yirrkala",critical,critical,critical,False,True,True,False,False,False
kriol_inf,17,oksijen masheen nomo pawa longa Yirrkala,critical,low,high,True,True,False,True,True,False
app_style,18,"wheelchair ramp fell apart and cant get in the house, Ngukurr",critical,critical,critical,False,True,True,False,False,False
officer,18,Wheelchair ramp has collapsed; resident with a disability cannot enter the dwelling. Location: Ngukurr.,critical,critical,critical,False,True,True,False,False,False
sms,18,"wheelchair ramp fell apart and cant get in the house, ngukurr",critical,critical,critical,False,True,True,False,False,False
kriol_inf,18,"ramp brok, olmen la wilchea kan go insaid longa Ngukurr",critical,medium,medium,False,True,False,True,True,True
app_style,18,"cant get the chair through the door, Humpty Doo",critical,medium,high,True,True,False,True,True,False
officer,18,Wheelchair ramp has collapsed; resident with a disability cannot enter the dwelling. Location: Humpty Doo.,critical,critical,critical,False,True,True,False,False,False
sms,18,"cant get the chair through the door, humpty doo",critical,medium,high,True,True,False,True,True,False
kriol_inf,18,"ramp brok, olmen la wilchea kan go insaid longa Humpty Doo",critical,medium,medium,False,True,False,True,True,True
app_style,18,"cant get the chair through the door, Beswick",critical,medium,high,True,True,False,True,True,False
officer,18,Wheelchair ramp has collapsed; resident with a disability cannot enter the dwelling. Location: Beswick.,critical,critical,critical,False,True,True,False,False,False
sms,18,"cant get the chair through the door, beswick",critical,medium,high,True,True,False,True,True,False
kriol_inf,18,"ramp brok, olmen la wilchea kan go insaid longa Beswick",critical,medium,medium,False,True,False,True,True,True
app_style,18,"cant get the chair through the door, Lajamanu",critical,medium,high,True,True,False,True,True,False
officer,18,Wheelchair ramp has collapsed; resident with a disability cannot enter the dwelling. Location: Lajamanu.,critical,critical,critical,False,True,True,False,False,False
sms,18,"cant get the chair through the door, lajamanu",critical,medium,high,True,True,False,True,True,False
kriol_inf,18,"ramp brok, olmen la wilchea kan go insaid longa Lajamanu",critical,medium,medium,False,True,False,True,True,True
app_style,18,"wheelchair ramp fell apart and cant get in the house, Hermannsburg",critical,critical,critical,False,True,True,False,False,False
officer,18,Wheelchair ramp has collapsed; resident with a disability cannot enter the dwelling. Location: Hermannsburg.,critical,critical,critical,False,True,True,False,False,False
sms,18,"wheelchar ramp fell apart and cant get in the hse, hermannsburg",critical,medium,medium,False,True,False,True,True,True
kriol_inf,18,"ramp brok, olmen la wilchea kan go insaid longa Hermannsburg",critical,medium,medium,False,True,False,True,True,True
app_style,18,"grab rail fell off the wall in the bathroom, Minjilang",critical,medium,medium,False,True,False,True,True,True
officer,18,Wheelchair ramp has collapsed; resident with a disability cannot enter the dwelling. Location: Minjilang.,critical,critical,critical,False,True,True,False,False,False
sms,18,"grab rail fell off the wall in the bathroom, minjilang",critical,medium,medium,False,True,False,True,True,True
kriol_inf,18,"ramp brok, olmen la wilchea kan go insaid longa Minjilang",critical,medium,medium,False,True,False,True,True,True
app_style,18,"wheelchair ramp fell apart and cant get in the house, Humpty Doo",critical,critical,critical,False,True,True,False,False,False
officer,18,Wheelchair ramp has collapsed; resident with a disability cannot enter the dwelling. Location: Humpty Doo.,critical,critical,critical,False,True,True,False,False,False
sms,18,"wheelchar ramp fell apart and cant get in the hse, humpty doo",critical,medium,medium,False,True,False,True,True,True
kriol_inf,18,"ramp brok, olmen la wilchea kan go insaid longa Humpty Doo",critical,medium,medium,False,True,False,True,True,True
app_style,18,"grab rail fell off the wall in the bathroom, Yirrkala",critical,medium,medium,False,True,False,True,True,True
officer,18,Wheelchair ramp has collapsed; resident with a disability cannot enter the dwelling. Location: Yirrkala.,critical,critical,critical,False,True,True,False,False,False
sms,18,"grab rail fell off the wall in the bathroom, yirrkala",critical,medium,medium,False,True,False,True,True,True
kriol_inf,18,"ramp brok, olmen la wilchea kan go insaid longa Yirrkala",critical,medium,medium,False,True,False,True,True,True
app_style,18,"grab rail fell off the wall in the bathroom, Mutitjulu",critical,medium,medium,False,True,False,True,True,True
officer,18,Wheelchair ramp has collapsed; resident with a disability cannot enter the dwelling. Location: Mutitjulu.,critical,critical,critical,False,True,True,False,False,False
sms,18,"grab rail fell off the wall in the bathroom, mutitjulu",critical,medium,medium,False,True,False,True,True,True
kriol_inf,18,"ramp brok, olmen la wilchea kan go insaid longa Mutitjulu",critical,medium,medium,False,True,False,True,True,True
app_style,18,"cant get the chair through the door, Beswick",critical,medium,high,True,True,False,True,True,False
officer,18,Wheelchair ramp has collapsed; resident with a disability cannot enter the dwelling. Location: Beswick.,critical,critical,critical,False,True,True,False,False,False
sms,18,"cant get the chair through the door, beswick",critical,medium,high,True,True,False,True,True,False
kriol_inf,18,"ramp brok, olmen la wilchea kan go insaid longa Beswick",critical,medium,medium,False,True,False,True,True,True
app_style,18,"cant get the chair through the door, Barunga",critical,medium,high,True,True,False,True,True,False
officer,18,Wheelchair ramp has collapsed; resident with a disability cannot enter the dwelling. Location: Barunga.,critical,critical,critical,False,True,True,False,False,False
sms,18,"cant get the chair through the door, barunga",critical,medium,high,True,True,False,True,True,False
kriol_inf,18,"ramp brok, olmen la wilchea kan go insaid longa Barunga",critical,medium,medium,False,True,False,True,True,True
app_style,18,"cant get the chair through the door, Yuendumu",critical,medium,high,True,True,False,True,True,False
officer,18,Wheelchair ramp has collapsed; resident with a disability cannot enter the dwelling. Location: Yuendumu.,critical,critical,critical,False,True,True,False,False,False
sms,18,"cant get the chair through the door, yuendumu",critical,medium,high,True,True,False,True,True,False
kriol_inf,18,"ramp brok, olmen la wilchea kan go insaid longa Yuendumu",critical,medium,medium,False,True,False,True,True,True
app_style,18,"cant get the chair through the door, Lajamanu",critical,medium,high,True,True,False,True,True,False
officer,18,Wheelchair ramp has collapsed; resident with a disability cannot enter the dwelling. Location: Lajamanu.,critical,critical,critical,False,True,True,False,False,False
sms,18,"cant get the chair through the door, lajamanu",critical,medium,high,True,True,False,True,True,False
kriol_inf,18,"ramp brok, olmen la wilchea kan go insaid longa Lajamanu",critical,medium,medium,False,True,False,True,True,True
app_style,18,"wheelchair ramp fell apart and cant get in the house, Palumpa",critical,critical,critical,False,True,True,False,False,False
officer,18,Wheelchair ramp has collapsed; resident with a disability cannot enter the dwelling. Location: Palumpa.,critical,critical,critical,False,True,True,False,False,False
sms,18,"wheelchar ramp fell apart and cant get in the hse, palumpa",critical,medium,medium,False,True,False,True,True,True
kriol_inf,18,"ramp brok, olmen la wilchea kan go insaid longa Palumpa",critical,medium,medium,False,True,False,True,True,True
app_style,18,"grab rail fell off the wall in the bathroom, Darwin",critical,medium,medium,False,True,False,True,True,True
officer,18,Wheelchair ramp has collapsed; resident with a disability cannot enter the dwelling. Location: Darwin.,critical,critical,critical,False,True,True,False,False,False
sms,18,"grab rail fell off the wall in the bathroom, darwin",critical,medium,medium,False,True,False,True,True,True
kriol_inf,18,"ramp brok, olmen la wilchea kan go insaid longa Darwin",critical,medium,medium,False,True,False,True,True,True
app_style,18,"cant get the chair through the door, Palmerston",critical,medium,high,True,True,False,True,True,False
officer,18,Wheelchair ramp has collapsed; resident with a disability cannot enter the dwelling. Location: Palmerston.,critical,critical,critical,False,True,True,False,False,False
sms,18,"cant get the chair through the door, palmerston",critical,medium,high,True,True,False,True,True,False
kriol_inf,18,"ramp brok, olmen la wilchea kan go insaid longa Palmerston",critical,medium,medium,False,True,False,True,True,True
app_style,18,"wheelchair ramp fell apart and cant get in the house, Gapuwiyak",critical,critical,critical,False,True,True,False,False,False
officer,18,Wheelchair ramp has collapsed; resident with a disability cannot enter the dwelling. Location: Gapuwiyak.,critical,critical,critical,False,True,True,False,False,False
sms,18,"wheelchair ramp fell apart and cant get in the house, gapuwiyak",critical,critical,critical,False,True,True,False,False,False
kriol_inf,18,"ramp brok, olmen la wilchea kan go insaid longa Gapuwiyak",critical,medium,medium,False,True,False,True,True,True
app_style,18,"grab rail fell off the wall in the bathroom, Pirlangimpi",critical,medium,medium,False,True,False,True,True,True
officer,18,Wheelchair ramp has collapsed; resident with a disability cannot enter the dwelling. Location: Pirlangimpi.,critical,critical,critical,False,True,True,False,False,False
sms,18,"grab rail fell off the wall in the bathroom, pirlangimpi",critical,medium,medium,False,True,False,True,True,True
kriol_inf,18,"ramp brok, olmen la wilchea kan go insaid longa Pirlangimpi",critical,medium,medium,False,True,False,True,True,True
app_style,18,"cant get the chair through the door, Wurrumiyanga",critical,medium,high,True,True,False,True,True,False
officer,18,Wheelchair ramp has collapsed; resident with a disability cannot enter the dwelling. Location: Wurrumiyanga.,critical,critical,critical,False,True,True,False,False,False
sms,18,"cant get the chair through the door, wurrumiyanga",critical,medium,high,True,True,False,True,True,False
kriol_inf,18,"ramp brok, olmen la wilchea kan go insaid longa Wurrumiyanga",critical,medium,medium,False,True,False,True,True,True
app_style,18,"grab rail fell off the wall in the bathroom, Lajamanu",critical,medium,medium,False,True,False,True,True,True
officer,18,Wheelchair ramp has collapsed; resident with a disability cannot enter the dwelling. Location: Lajamanu.,critical,critical,critical,False,True,True,False,False,False
sms,18,"grab rail fell off the wall in the bathroom, lajamanu",critical,medium,medium,False,True,False,True,True,True
kriol_inf,18,"ramp brok, olmen la wilchea kan go insaid longa Lajamanu",critical,medium,medium,False,True,False,True,True,True
app_style,18,"grab rail fell off the wall in the bathroom, Galiwin'ku",critical,medium,medium,False,True,False,True,True,True
officer,18,Wheelchair ramp has collapsed; resident with a disability cannot enter the dwelling. Location: Galiwin'ku.,critical,critical,critical,False,True,True,False,False,False
sms,18,"grab rail fell off the wall in the bathroom, galiwinku",critical,medium,medium,False,True,False,True,True,True
kriol_inf,18,"ramp brok, olmen la wilchea kan go insaid longa Galiwin'ku",critical,medium,medium,False,True,False,True,True,True
app_style,18,"grab rail fell off the wall in the bathroom, Palumpa",critical,medium,medium,False,True,False,True,True,True
officer,18,Wheelchair ramp has collapsed; resident with a disability cannot enter the dwelling. Location: Palumpa.,critical,critical,critical,False,True,True,False,False,False
sms,18,"grab rail fell off the wall in the bathroom, palumpa",critical,medium,medium,False,True,False,True,True,True
kriol_inf,18,"ramp brok, olmen la wilchea kan go insaid longa Palumpa",critical,medium,medium,False,True,False,True,True,True
app_style,18,"wheelchair ramp fell apart and cant get in the house, Ramingining",critical,critical,critical,False,True,True,False,False,False
officer,18,Wheelchair ramp has collapsed; resident with a disability cannot enter the dwelling. Location: Ramingining.,critical,critical,critical,False,True,True,False,False,False
sms,18,"wheelchar ramp fell apart and cant get in the hse, ramingining",critical,medium,medium,False,True,False,True,True,True
kriol_inf,18,"ramp brok, olmen la wilchea kan go insaid longa Ramingining",critical,medium,medium,False,True,False,True,True,True
app_style,18,"cant get the chair through the door, Maningrida",critical,medium,high,True,True,False,True,True,False
officer,18,Wheelchair ramp has collapsed; resident with a disability cannot enter the dwelling. Location: Maningrida.,critical,critical,critical,False,True,True,False,False,False
sms,18,"cant get the chair through the door, maningrida",critical,medium,high,True,True,False,True,True,False
kriol_inf,18,"ramp brok, olmen la wilchea kan go insaid longa Maningrida",critical,medium,medium,False,True,False,True,True,True
app_style,18,"grab rail fell off the wall in the bathroom, Peppimenarti",critical,medium,medium,False,True,False,True,True,True
officer,18,Wheelchair ramp has collapsed; resident with a disability cannot enter the dwelling. Location: Peppimenarti.,critical,critical,critical,False,True,True,False,False,False
sms,18,"grab rail fell off the wall in the bathroom, peppimenarti",critical,medium,medium,False,True,False,True,True,True
kriol_inf,18,"ramp brok, olmen la wilchea kan go insaid longa Peppimenarti",critical,medium,medium,False,True,False,True,True,True
app_style,18,"wheelchair ramp fell apart and cant get in the house, Peppimenarti",critical,critical,critical,False,True,True,False,False,False
officer,18,Wheelchair ramp has collapsed; resident with a disability cannot enter the dwelling. Location: Peppimenarti.,critical,critical,critical,False,True,True,False,False,False
sms,18,"wheelchair ramp fell apart and cant get in the hse, peppimenarti",critical,critical,critical,False,True,True,False,False,False
kriol_inf,18,"ramp brok, olmen la wilchea kan go insaid longa Peppimenarti",critical,medium,medium,False,True,False,True,True,True
app_style,18,"cant get the chair through the door, Darwin",critical,medium,high,True,True,False,True,True,False
officer,18,Wheelchair ramp has collapsed; resident with a disability cannot enter the dwelling. Location: Darwin.,critical,critical,critical,False,True,True,False,False,False
sms,18,"cant get the chair through the door, darwin",critical,medium,high,True,True,False,True,True,False
kriol_inf,18,"ramp brok, olmen la wilchea kan go insaid longa Darwin",critical,medium,medium,False,True,False,True,True,True
app_style,18,"cant get the chair through the door, Alyangula",critical,medium,high,True,True,False,True,True,False
officer,18,Wheelchair ramp has collapsed; resident with a disability cannot enter the dwelling. Location: Alyangula.,critical,critical,critical,False,True,True,False,False,False
sms,18,"cant get the chair through the door, alyangula",critical,medium,high,True,True,False,True,True,False
kriol_inf,18,"ramp brok, olmen la wilchea kan go insaid longa Alyangula",critical,medium,medium,False,True,False,True,True,True
app_style,18,"grab rail fell off the wall in the bathroom, Lajamanu",critical,medium,medium,False,True,False,True,True,True
officer,18,Wheelchair ramp has collapsed; resident with a disability cannot enter the dwelling. Location: Lajamanu.,critical,critical,critical,False,True,True,False,False,False
sms,18,"grab rail fell off the wall in the bathroom, lajamanu",critical,medium,medium,False,True,False,True,True,True
kriol_inf,18,"ramp brok, olmen la wilchea kan go insaid longa Lajamanu",critical,medium,medium,False,True,False,True,True,True
app_style,18,"grab rail fell off the wall in the bathroom, Milingimbi",critical,medium,medium,False,True,False,True,True,True
officer,18,Wheelchair ramp has collapsed; resident with a disability cannot enter the dwelling. Location: Milingimbi.,critical,critical,critical,False,True,True,False,False,False
sms,18,"grab rail fell off the wall in the bathroom, milingimbi",critical,medium,medium,False,True,False,True,True,True
kriol_inf,18,"ramp brok, olmen la wilchea kan go insaid longa Milingimbi",critical,medium,medium,False,True,False,True,True,True
app_style,19,"ants everywhere in the kitchen, Alyangula",medium,medium,medium,False,False,True,False,False,False
officer,19,Ant infestation in the kitchen. Location: Alyangula.,medium,medium,high,True,False,True,False,False,False
sms,19,"ants everywhere in the kitchen, alyangula",medium,medium,medium,False,False,True,False,False,False
kriol_inf,19,ants ebriwea la kitchen longa Alyangula,medium,medium,medium,False,False,True,False,False,False
app_style,19,"ants everywhere in the kitchen, Barunga",medium,medium,medium,False,False,True,False,False,False
officer,19,Ant infestation in the kitchen. Location: Barunga.,medium,medium,high,True,False,True,False,False,False
sms,19,"ants everywhere in the kitchen, barunga",medium,medium,medium,False,False,True,False,False,False
kriol_inf,19,ants ebriwea la kitchen longa Barunga,medium,medium,medium,False,False,True,False,False,False
app_style,19,"ants everywhere in the kitchen, Gapuwiyak",medium,medium,medium,False,False,True,False,False,False
officer,19,Ant infestation in the kitchen. Location: Gapuwiyak.,medium,medium,high,True,False,True,False,False,False
sms,19,"ants everywhere in the kitchen, gapuwiyak",medium,medium,medium,False,False,True,False,False,False
kriol_inf,19,ants ebriwea la kitchen longa Gapuwiyak,medium,medium,medium,False,False,True,False,False,False
app_style,19,"rats in the roof at night, Hermannsburg",medium,medium,medium,False,False,True,False,False,False
officer,19,Ant infestation in the kitchen. Location: Hermannsburg.,medium,medium,high,True,False,True,False,False,False
sms,19,"rats in the roof at night, hermannsburg",medium,medium,medium,False,False,True,False,False,False
kriol_inf,19,ants ebriwea la kitchen longa Hermannsburg,medium,medium,medium,False,False,True,False,False,False
app_style,19,"rats in the roof at night, Mutitjulu",medium,medium,medium,False,False,True,False,False,False
officer,19,Ant infestation in the kitchen. Location: Mutitjulu.,medium,medium,high,True,False,True,False,False,False
sms,19,"rats in the roof at night, mutitjulu",medium,medium,medium,False,False,True,False,False,False
kriol_inf,19,ants ebriwea la kitchen longa Mutitjulu,medium,medium,medium,False,False,True,False,False,False
app_style,19,"termites in the back wall, Adelaide River",medium,medium,medium,False,False,True,False,False,False
officer,19,Ant infestation in the kitchen. Location: Adelaide River.,medium,medium,high,True,False,True,False,False,False
sms,19,"termites in the back wall, adelaide river",medium,medium,medium,False,False,True,False,False,False
kriol_inf,19,ants ebriwea la kitchen longa Adelaide River,medium,medium,medium,False,False,True,False,False,False
app_style,19,"rats in the roof at night, Borroloola",medium,medium,medium,False,False,True,False,False,False
officer,19,Ant infestation in the kitchen. Location: Borroloola.,medium,medium,high,True,False,True,False,False,False
sms,19,"rats in the roof at night, borroloola",medium,medium,medium,False,False,True,False,False,False
kriol_inf,19,ants ebriwea la kitchen longa Borroloola,medium,medium,medium,False,False,True,False,False,False
app_style,19,"termites in the back wall, Warruwi",medium,medium,medium,False,False,True,False,False,False
officer,19,Ant infestation in the kitchen. Location: Warruwi.,medium,medium,high,True,False,True,False,False,False
sms,19,"termites in the back wall, warruwi",medium,medium,medium,False,False,True,False,False,False
kriol_inf,19,ants ebriwea la kitchen longa Warruwi,medium,medium,medium,False,False,True,False,False,False
app_style,19,"termites in the back wall, Palmerston",medium,medium,medium,False,False,True,False,False,False
officer,19,Ant infestation in the kitchen. Location: Palmerston.,medium,medium,high,True,False,True,False,False,False
sms,19,"termites in the back wall, palmerston",medium,medium,medium,False,False,True,False,False,False
kriol_inf,19,ants ebriwea la kitchen longa Palmerston,medium,medium,medium,False,False,True,False,False,False
app_style,19,"ants everywhere in the kitchen, Barunga",medium,medium,medium,False,False,True,False,False,False
officer,19,Ant infestation in the kitchen. Location: Barunga.,medium,medium,high,True,False,True,False,False,False
sms,19,"ants everywhere in the kitchen, barunga",medium,medium,medium,False,False,True,False,False,False
kriol_inf,19,ants ebriwea la kitchen longa Barunga,medium,medium,medium,False,False,True,False,False,False
app_style,19,"rats in the roof at night, Robinson River",medium,medium,medium,False,False,True,False,False,False
officer,19,Ant infestation in the kitchen. Location: Robinson River.,medium,medium,high,True,False,True,False,False,False
sms,19,"rats in the roof at night, robinson river",medium,medium,medium,False,False,True,False,False,False
kriol_inf,19,ants ebriwea la kitchen longa Robinson River,medium,medium,medium,False,False,True,False,False,False
app_style,19,"ants everywhere in the kitchen, Robinson River",medium,medium,medium,False,False,True,False,False,False
officer,19,Ant infestation in the kitchen. Location: Robinson River.,medium,medium,high,True,False,True,False,False,False
sms,19,"ants everywhere in the kitchen, robinson river",medium,medium,medium,False,False,True,False,False,False
kriol_inf,19,ants ebriwea la kitchen longa Robinson River,medium,medium,medium,False,False,True,False,False,False
app_style,19,"ants everywhere in the kitchen, Milikapiti",medium,medium,medium,False,False,True,False,False,False
officer,19,Ant infestation in the kitchen. Location: Milikapiti.,medium,medium,high,True,False,True,False,False,False
sms,19,"ants everywhere in the kitchen, milikapiti",medium,medium,medium,False,False,True,False,False,False
kriol_inf,19,ants ebriwea la kitchen longa Milikapiti,medium,medium,medium,False,False,True,False,False,False
app_style,19,"termites in the back wall, Mutitjulu",medium,medium,medium,False,False,True,False,False,False
officer,19,Ant infestation in the kitchen. Location: Mutitjulu.,medium,medium,high,True,False,True,False,False,False
sms,19,"termites in the back wall, mutitjulu",medium,medium,medium,False,False,True,False,False,False
kriol_inf,19,ants ebriwea la kitchen longa Mutitjulu,medium,medium,medium,False,False,True,False,False,False
app_style,19,"rats in the roof at night, Numbulwar",medium,medium,medium,False,False,True,False,False,False
officer,19,Ant infestation in the kitchen. Location: Numbulwar.,medium,medium,high,True,False,True,False,False,False
sms,19,"rats in the roof at night, numbulwar",medium,medium,medium,False,False,True,False,False,False
kriol_inf,19,ants ebriwea la kitchen longa Numbulwar,medium,medium,medium,False,False,True,False,False,False
app_style,19,"ants everywhere in the kitchen, Pirlangimpi",medium,medium,medium,False,False,True,False,False,False
officer,19,Ant infestation in the kitchen. Location: Pirlangimpi.,medium,medium,high,True,False,True,False,False,False
sms,19,"ants everywhere in the kitchen, pirlangimpi",medium,medium,medium,False,False,True,False,False,False
kriol_inf,19,ants ebriwea la kitchen longa Pirlangimpi,medium,medium,medium,False,False,True,False,False,False
app_style,19,"ants everywhere in the kitchen, Umbakumba",medium,medium,medium,False,False,True,False,False,False
officer,19,Ant infestation in the kitchen. Location: Umbakumba.,medium,medium,high,True,False,True,False,False,False
sms,19,"ants everywhere in the kitchen, umbakumba",medium,medium,medium,False,False,True,False,False,False
kriol_inf,19,ants ebriwea la kitchen longa Umbakumba,medium,medium,medium,False,False,True,False,False,False
app_style,19,"rats in the roof at night, Ramingining",medium,medium,medium,False,False,True,False,False,False
officer,19,Ant infestation in the kitchen. Location: Ramingining.,medium,medium,high,True,False,True,False,False,False
sms,19,"rats in the roof at night, ramingining",medium,medium,medium,False,False,True,False,False,False
kriol_inf,19,ants ebriwea la kitchen longa Ramingining,medium,medium,medium,False,False,True,False,False,False
app_style,19,"rats in the roof at night, Maningrida",medium,medium,medium,False,False,True,False,False,False
officer,19,Ant infestation in the kitchen. Location: Maningrida.,medium,medium,high,True,False,True,False,False,False
sms,19,"rats in the roof at night, maningrida",medium,medium,medium,False,False,True,False,False,False
kriol_inf,19,ants ebriwea la kitchen longa Maningrida,medium,medium,medium,False,False,True,False,False,False
app_style,19,"ants everywhere in the kitchen, Beswick",medium,medium,medium,False,False,True,False,False,False
officer,19,Ant infestation in the kitchen. Location: Beswick.,medium,medium,high,True,False,True,False,False,False
sms,19,"ants everywhere in the kitchen, beswick",medium,medium,medium,False,False,True,False,False,False
kriol_inf,19,ants ebriwea la kitchen longa Beswick,medium,medium,medium,False,False,True,False,False,False
app_style,19,"termites in the back wall, Alice Springs",medium,medium,medium,False,False,True,False,False,False
officer,19,Ant infestation in the kitchen. Location: Alice Springs.,medium,medium,high,True,False,True,False,False,False
sms,19,"termites in the back wall, alice springs",medium,medium,medium,False,False,True,False,False,False
kriol_inf,19,ants ebriwea la kitchen longa Alice Springs,medium,medium,medium,False,False,True,False,False,False
app_style,19,"ants everywhere in the kitchen, Milikapiti",medium,medium,medium,False,False,True,False,False,False
officer,19,Ant infestation in the kitchen. Location: Milikapiti.,medium,medium,high,True,False,True,False,False,False
sms,19,"ants everywhere in the kitchen, milikapiti",medium,medium,medium,False,False,True,False,False,False
kriol_inf,19,ants ebriwea la kitchen longa Milikapiti,medium,medium,medium,False,False,True,False,False,False
app_style,19,"termites in the back wall, Barunga",medium,medium,medium,False,False,True,False,False,False
officer,19,Ant infestation in the kitchen. Location: Barunga.,medium,medium,high,True,False,True,False,False,False
sms,19,"termites in the back wall, barunga",medium,medium,medium,False,False,True,False,False,False
kriol_inf,19,ants ebriwea la kitchen longa Barunga,medium,medium,medium,False,False,True,False,False,False
app_style,19,"rats in the roof at night, Milikapiti",medium,medium,medium,False,False,True,False,False,False
officer,19,Ant infestation in the kitchen. Location: Milikapiti.,medium,medium,high,True,False,True,False,False,False
sms,19,"rats in the roof at night, milikapiti",medium,medium,medium,False,False,True,False,False,False
kriol_inf,19,ants ebriwea la kitchen longa Milikapiti,medium,medium,medium,False,False,True,False,False,False
app_style,19,"rats in the roof at night, Angurugu",medium,medium,medium,False,False,True,False,False,False
officer,19,Ant infestation in the kitchen. Location: Angurugu.,medium,medium,high,True,False,True,False,False,False
sms,19,"rats in the roof at night, angurugu",medium,medium,medium,False,False,True,False,False,False
kriol_inf,19,ants ebriwea la kitchen longa Angurugu,medium,medium,medium,False,False,True,False,False,False
app_style,19,"rats in the roof at night, Darwin",medium,medium,medium,False,False,True,False,False,False
officer,19,Ant infestation in the kitchen. Location: Darwin.,medium,medium,high,True,False,True,False,False,False
sms,19,"rats in the roof at night, darwin",medium,medium,medium,False,False,True,False,False,False
kriol_inf,19,ants ebriwea la kitchen longa Darwin,medium,medium,medium,False,False,True,False,False,False
app_style,19,"termites in the back wall, Daly Waters",medium,medium,medium,False,False,True,False,False,False
officer,19,Ant infestation in the kitchen. Location: Daly Waters.,medium,medium,high,True,False,True,False,False,False
sms,19,"termites in the back wall, daly waters",medium,medium,medium,False,False,True,False,False,False
kriol_inf,19,ants ebriwea la kitchen longa Daly Waters,medium,medium,medium,False,False,True,False,False,False
app_style,19,"termites in the back wall, Batchelor",medium,medium,medium,False,False,True,False,False,False
officer,19,Ant infestation in the kitchen. Location: Batchelor.,medium,medium,high,True,False,True,False,False,False
sms,19,"termites in the back wall, batchelor",medium,medium,medium,False,False,True,False,False,False
kriol_inf,19,ants ebriwea la kitchen longa Batchelor,medium,medium,medium,False,False,True,False,False,False
app_style,19,"termites in the back wall, Papunya",medium,medium,medium,False,False,True,False,False,False
officer,19,Ant infestation in the kitchen. Location: Papunya.,medium,medium,high,True,False,True,False,False,False
sms,19,"termites in the back wall, papunya",medium,medium,medium,False,False,True,False,False,False
kriol_inf,19,ants ebriwea la kitchen longa Papunya,medium,medium,medium,False,False,True,False,False,False
app_style,19,"ants everywhere in the kitchen, Beswick",medium,medium,medium,False,False,True,False,False,False
officer,19,Ant infestation in the kitchen. Location: Beswick.,medium,medium,high,True,False,True,False,False,False
sms,19,"ants everywhere in the kitchen, beswick",medium,medium,medium,False,False,True,False,False,False
kriol_inf,19,ants ebriwea la kitchen longa Beswick,medium,medium,medium,False,False,True,False,False,False
app_style,20,"snake in the yard near the kids, got a baby here, Minyerri",high,high,high,False,True,True,False,False,False
officer,20,Snake sighted in the yard near young children. Location: Minyerri.,high,high,high,False,True,True,False,False,False
sms,20,"snake in the yard near the kidz, got a bub here, minyerri",high,medium,medium,False,True,False,True,True,True
kriol_inf,20,snek la yad klostu biginini longa Minyerri,high,low,high,True,True,False,True,True,False
app_style,20,"snake in the yard near the kids, got a baby here, Ti Tree",high,high,high,False,True,True,False,False,False
officer,20,Snake sighted in the yard near young children. Location: Ti Tree.,high,high,high,False,True,True,False,False,False
sms,20,"snake in the yard near the kidz, got a baby here, ti tree",high,high,high,False,True,True,False,False,False
kriol_inf,20,snek la yad klostu biginini longa Ti Tree,high,low,high,True,True,False,True,True,False
app_style,20,"snake came into the laundry, got a baby here, Ngukurr",high,high,high,False,True,True,False,False,False
officer,20,Snake sighted in the yard near young children. Location: Ngukurr.,high,high,high,False,True,True,False,False,False
sms,20,"snake came into the laundry, got a baby here, ngukurr",high,high,high,False,True,True,False,False,False
kriol_inf,20,snek la yad klostu biginini longa Ngukurr,high,low,high,True,True,False,True,True,False
app_style,20,"snake came into the laundry, got a baby here, Alice Springs",high,high,high,False,True,True,False,False,False
officer,20,Snake sighted in the yard near young children. Location: Alice Springs.,high,high,high,False,True,True,False,False,False
sms,20,"snake came into the laundry, got a bub here, alice springs",high,medium,medium,False,True,False,True,True,True
kriol_inf,20,snek la yad klostu biginini longa Alice Springs,high,low,high,True,True,False,True,True,False
app_style,20,"snake in the yard near the kids, got a baby here, Robinson River",high,high,high,False,True,True,False,False,False
officer,20,Snake sighted in the yard near young children. Location: Robinson River.,high,high,high,False,True,True,False,False,False
sms,20,"snake in the yard near the kidz, got a bub here, robinson river",high,medium,medium,False,True,False,True,True,True
kriol_inf,20,snek la yad klostu biginini longa Robinson River,high,low,high,True,True,False,True,True,False
app_style,20,"snake in the yard near the kids, got a baby here, Pine Creek",high,high,high,False,True,True,False,False,False
officer,20,Snake sighted in the yard near young children. Location: Pine Creek.,high,high,high,False,True,True,False,False,False
sms,20,"snake in the yard near the kids, got a bub here, pine creek",high,high,high,False,True,True,False,False,False
kriol_inf,20,snek la yad klostu biginini longa Pine Creek,high,low,high,True,True,False,True,True,False
app_style,20,"snake in the yard near the kids, got a baby here, Mutitjulu",high,high,high,False,True,True,False,False,False
officer,20,Snake sighted in the yard near young children. Location: Mutitjulu.,high,high,high,False,True,True,False,False,False
sms,20,"snake in the yard near the kidz, got a bub here, mutitjulu",high,medium,medium,False,True,False,True,True,True
kriol_inf,20,snek la yad klostu biginini longa Mutitjulu,high,low,high,True,True,False,True,True,False
app_style,20,"snake came into the laundry, got a baby here, Ngukurr",high,high,high,False,True,True,False,False,False
officer,20,Snake sighted in the yard near young children. Location: Ngukurr.,high,high,high,False,True,True,False,False,False
sms,20,"snake came into the laundry, got a baby here, ngukurr",high,high,high,False,True,True,False,False,False
kriol_inf,20,snek la yad klostu biginini longa Ngukurr,high,low,high,True,True,False,True,True,False
app_style,20,"snake in the yard near the kids, got a baby here, Umbakumba",high,high,high,False,True,True,False,False,False
officer,20,Snake sighted in the yard near young children. Location: Umbakumba.,high,high,high,False,True,True,False,False,False
sms,20,"snake in the yard near the kidz, got a bub here, umbakumba",high,medium,medium,False,True,False,True,True,True
kriol_inf,20,snek la yad klostu biginini longa Umbakumba,high,low,high,True,True,False,True,True,False
app_style,20,"snake in the yard near the kids, got a baby here, Gapuwiyak",high,high,high,False,True,True,False,False,False
officer,20,Snake sighted in the yard near young children. Location: Gapuwiyak.,high,high,high,False,True,True,False,False,False
sms,20,"snake in the yard near the kids, got a baby here, gapuwiyak",high,high,high,False,True,True,False,False,False
kriol_inf,20,snek la yad klostu biginini longa Gapuwiyak,high,low,high,True,True,False,True,True,False
app_style,20,"snake came into the laundry, got a baby here, Katherine",high,high,high,False,True,True,False,False,False
officer,20,Snake sighted in the yard near young children. Location: Katherine.,high,high,high,False,True,True,False,False,False
sms,20,"snake came into the laundry, got a bub here, katherine",high,medium,medium,False,True,False,True,True,True
kriol_inf,20,snek la yad klostu biginini longa Katherine,high,low,high,True,True,False,True,True,False
app_style,20,"snake in the yard near the kids, got a baby here, Pine Creek",high,high,high,False,True,True,False,False,False
officer,20,Snake sighted in the yard near young children. Location: Pine Creek.,high,high,high,False,True,True,False,False,False
sms,20,"snake in the yard near the kids, got a baby here, pine creek",high,high,high,False,True,True,False,False,False
kriol_inf,20,snek la yad klostu biginini longa Pine Creek,high,low,high,True,True,False,True,True,False
app_style,20,"snake came into the laundry, got a baby here, Timber Creek",high,high,high,False,True,True,False,False,False
officer,20,Snake sighted in the yard near young children. Location: Timber Creek.,high,high,high,False,True,True,False,False,False
sms,20,"snake came into the laundry, got a bub here, timber creek",high,medium,medium,False,True,False,True,True,True
kriol_inf,20,snek la yad klostu biginini longa Timber Creek,high,low,high,True,True,False,True,True,False
app_style,20,"snake in the yard near the kids, got a baby here, Angurugu",high,high,high,False,True,True,False,False,False
officer,20,Snake sighted in the yard near young children. Location: Angurugu.,high,high,high,False,True,True,False,False,False
sms,20,"snake in the yard near the kidz, got a baby here, angurugu",high,high,high,False,True,True,False,False,False
kriol_inf,20,snek la yad klostu biginini longa Angurugu,high,low,high,True,True,False,True,True,False
app_style,20,"snake in the yard near the kids, got a baby here, Wadeye",high,high,high,False,True,True,False,False,False
officer,20,Snake sighted in the yard near young children. Location: Wadeye.,high,high,high,False,True,True,False,False,False
sms,20,"snake in the yard near the kidz, got a bub here, wadeye",high,medium,medium,False,True,False,True,True,True
kriol_inf,20,snek la yad klostu biginini longa Wadeye,high,low,high,True,True,False,True,True,False
app_style,20,"snake in the yard near the kids, got a baby here, Darwin",high,high,high,False,True,True,False,False,False
officer,20,Snake sighted in the yard near young children. Location: Darwin.,high,high,high,False,True,True,False,False,False
sms,20,"snake in the yard near the kids, got a bub here, darwin",high,high,high,False,True,True,False,False,False
kriol_inf,20,snek la yad klostu biginini longa Darwin,high,low,high,True,True,False,True,True,False
app_style,20,"snake came into the laundry, got a baby here, Warruwi",high,high,high,False,True,True,False,False,False
officer,20,Snake sighted in the yard near young children. Location: Warruwi.,high,high,high,False,True,True,False,False,False
sms,20,"snake came into the laundry, got a bub here, warruwi",high,medium,medium,False,True,False,True,True,True
kriol_inf,20,snek la yad klostu biginini longa Warruwi,high,low,high,True,True,False,True,True,False
app_style,20,"snake in the yard near the kids, got a baby here, Borroloola",high,high,high,False,True,True,False,False,False
officer,20,Snake sighted in the yard near young children. Location: Borroloola.,high,high,high,False,True,True,False,False,False
sms,20,"snake in the yard near the kids, got a bub here, borroloola",high,high,high,False,True,True,False,False,False
kriol_inf,20,snek la yad klostu biginini longa Borroloola,high,low,high,True,True,False,True,True,False
app_style,20,"snake in the yard near the kids, got a baby here, Hermannsburg",high,high,high,False,True,True,False,False,False
officer,20,Snake sighted in the yard near young children. Location: Hermannsburg.,high,high,high,False,True,True,False,False,False
sms,20,"snake in the yard near the kidz, got a bub here, hermannsburg",high,medium,medium,False,True,False,True,True,True
kriol_inf,20,snek la yad klostu biginini longa Hermannsburg,high,low,high,True,True,False,True,True,False
app_style,20,"snake came into the laundry, got a baby here, Maningrida",high,high,high,False,True,True,False,False,False
officer,20,Snake sighted in the yard near young children. Location: Maningrida.,high,high,high,False,True,True,False,False,False
sms,20,"snake came into the laundry, got a bub here, maningrida",high,medium,medium,False,True,False,True,True,True
kriol_inf,20,snek la yad klostu biginini longa Maningrida,high,low,high,True,True,False,True,True,False
app_style,20,"snake in the yard near the kids, got a baby here, Tennant Creek",high,high,high,False,True,True,False,False,False
officer,20,Snake sighted in the yard near young children. Location: Tennant Creek.,high,high,high,False,True,True,False,False,False
sms,20,"snake in the yard near the kids, got a bub here, tennant creek",high,high,high,False,True,True,False,False,False
kriol_inf,20,snek la yad klostu biginini longa Tennant Creek,high,low,high,True,True,False,True,True,False
app_style,20,"snake came into the laundry, got a baby here, Humpty Doo",high,high,high,False,True,True,False,False,False
officer,20,Snake sighted in the yard near young children. Location: Humpty Doo.,high,high,high,False,True,True,False,False,False
sms,20,"snake came into the laundry, got a bub here, humpty doo",high,medium,medium,False,True,False,True,True,True
kriol_inf,20,snek la yad klostu biginini longa Humpty Doo,high,low,high,True,True,False,True,True,False
app_style,20,"snake in the yard near the kids, got a baby here, Elliott",high,high,high,False,True,True,False,False,False
officer,20,Snake sighted in the yard near young children. Location: Elliott.,high,high,high,False,True,True,False,False,False
sms,20,"snake in the yard near the kidz, got a bub here, elliott",high,medium,medium,False,True,False,True,True,True
kriol_inf,20,snek la yad klostu biginini longa Elliott,high,low,high,True,True,False,True,True,False
app_style,20,"snake in the yard near the kids, got a baby here, Milikapiti",high,high,high,False,True,True,False,False,False
officer,20,Snake sighted in the yard near young children. Location: Milikapiti.,high,high,high,False,True,True,False,False,False
sms,20,"snake in the yard near the kidz, got a bub here, milikapiti",high,medium,medium,False,True,False,True,True,True
kriol_inf,20,snek la yad klostu biginini longa Milikapiti,high,low,high,True,True,False,True,True,False
app_style,20,"snake in the yard near the kids, got a baby here, Hermannsburg",high,high,high,False,True,True,False,False,False
officer,20,Snake sighted in the yard near young children. Location: Hermannsburg.,high,high,high,False,True,True,False,False,False
sms,20,"snake in the yard near the kidz, got a baby here, hermannsburg",high,high,high,False,True,True,False,False,False
kriol_inf,20,snek la yad klostu biginini longa Hermannsburg,high,low,high,True,True,False,True,True,False
app_style,20,"snake in the yard near the kids, got a baby here, Timber Creek",high,high,high,False,True,True,False,False,False
officer,20,Snake sighted in the yard near young children. Location: Timber Creek.,high,high,high,False,True,True,False,False,False
sms,20,"snake in the yard near the kidz, got a baby here, timber creek",high,high,high,False,True,True,False,False,False
kriol_inf,20,snek la yad klostu biginini longa Timber Creek,high,low,high,True,True,False,True,True,False
app_style,20,"snake came into the laundry, got a baby here, Mataranka",high,high,high,False,True,True,False,False,False
officer,20,Snake sighted in the yard near young children. Location: Mataranka.,high,high,high,False,True,True,False,False,False
sms,20,"snake came into the laundry, got a bub here, mataranka",high,medium,medium,False,True,False,True,True,True
kriol_inf,20,snek la yad klostu biginini longa Mataranka,high,low,high,True,True,False,True,True,False
app_style,20,"snake in the yard near the kids, got a baby here, Numbulwar",high,high,high,False,True,True,False,False,False
officer,20,Snake sighted in the yard near young children. Location: Numbulwar.,high,high,high,False,True,True,False,False,False
sms,20,"snake in the yard near the kidz, got a bub here, numbulwar",high,medium,medium,False,True,False,True,True,True
kriol_inf,20,snek la yad klostu biginini longa Numbulwar,high,low,high,True,True,False,True,True,False
app_style,20,"snake came into the laundry, got a baby here, Kalkarindji",high,high,high,False,True,True,False,False,False
officer,20,Snake sighted in the yard near young children. Location: Kalkarindji.,high,high,high,False,True,True,False,False,False
sms,20,"snake came into the laundry, got a baby here, kalkarindji",high,high,high,False,True,True,False,False,False
kriol_inf,20,snek la yad klostu biginini longa Kalkarindji,high,low,high,True,True,False,True,True,False
app_style,20,"snake in the yard near the kids, got a baby here, Minjilang",high,high,high,False,True,True,False,False,False
officer,20,Snake sighted in the yard near young children. Location: Minjilang.,high,high,high,False,True,True,False,False,False
sms,20,"snake in the yard near the kidz, got a baby here, minjilang",high,high,high,False,True,True,False,False,False
kriol_inf,20,snek la yad klostu biginini longa Minjilang,high,low,high,True,True,False,True,True,False
app_style,21,"mosquito screens torn, Yirrkala",low,medium,medium,False,False,False,False,False,False
officer,21,Fly screens torn. Location: Yirrkala.,low,low,high,True,False,True,False,False,False
sms,21,"mosquito screens torn, yirrkala",low,medium,medium,False,False,False,False,False,False
kriol_inf,21,skrin brok longa Yirrkala,low,low,high,True,False,True,False,False,False
app_style,21,"general wear and tear, Mutitjulu",low,low,high,True,False,True,False,False,False
officer,21,Fly screens torn. Location: Mutitjulu.,low,low,high,True,False,True,False,False,False
sms,21,"general wear and tear, mutitjulu",low,low,high,True,False,True,False,False,False
kriol_inf,21,skrin brok longa Mutitjulu,low,low,high,True,False,True,False,False,False
app_style,21,"loose hinge on the cupboard, Daly Waters",low,low,high,True,False,True,False,False,False
officer,21,Fly screens torn. Location: Daly Waters.,low,low,high,True,False,True,False,False,False
sms,21,"loose hinge on the cupboard, daly waters",low,low,high,True,False,True,False,False,False
kriol_inf,21,skrin brok longa Daly Waters,low,low,high,True,False,True,False,False,False
app_style,21,"loose hinge on the cupboard, Mutitjulu",low,low,high,True,False,True,False,False,False
officer,21,Fly screens torn. Location: Mutitjulu.,low,low,high,True,False,True,False,False,False
sms,21,"loose hinge on the cupboard, mutitjulu",low,low,high,True,False,True,False,False,False
kriol_inf,21,skrin brok longa Mutitjulu,low,low,high,True,False,True,False,False,False
app_style,21,"loose hinge on the cupboard, Papunya",low,low,high,True,False,True,False,False,False
officer,21,Fly screens torn. Location: Papunya.,low,low,high,True,False,True,False,False,False
sms,21,"loose hinge on the cupboard, papunya",low,low,high,True,False,True,False,False,False
kriol_inf,21,skrin brok longa Papunya,low,low,high,True,False,True,False,False,False
app_style,21,"general wear and tear, Yirrkala",low,low,high,True,False,True,False,False,False
officer,21,Fly screens torn. Location: Yirrkala.,low,low,high,True,False,True,False,False,False
sms,21,"general wear and tear, yirrkala",low,low,high,True,False,True,False,False,False
kriol_inf,21,skrin brok longa Yirrkala,low,low,high,True,False,True,False,False,False
app_style,21,"loose hinge on the cupboard, Milingimbi",low,low,high,True,False,True,False,False,False
officer,21,Fly screens torn. Location: Milingimbi.,low,low,high,True,False,True,False,False,False
sms,21,"loose hinge on the cupboard, milingimbi",low,low,high,True,False,True,False,False,False
kriol_inf,21,skrin brok longa Milingimbi,low,low,high,True,False,True,False,False,False
app_style,21,"general wear and tear, Palmerston",low,low,high,True,False,True,False,False,False
officer,21,Fly screens torn. Location: Palmerston.,low,low,high,True,False,True,False,False,False
sms,21,"general wear and tear, palmerston",low,low,high,True,False,True,False,False,False
kriol_inf,21,skrin brok longa Palmerston,low,low,high,True,False,True,False,False,False
app_style,21,"mosquito screens torn, Kalkarindji",low,medium,medium,False,False,False,False,False,False
officer,21,Fly screens torn. Location: Kalkarindji.,low,low,high,True,False,True,False,False,False
sms,21,"mosquito screens torn, kalkarindji",low,medium,medium,False,False,False,False,False,False
kriol_inf,21,skrin brok longa Kalkarindji,low,low,high,True,False,True,False,False,False
app_style,21,"general wear and tear, Papunya",low,low,high,True,False,True,False,False,False
officer,21,Fly screens torn. Location: Papunya.,low,low,high,True,False,True,False,False,False
sms,21,"general wear and tear, papunya",low,low,high,True,False,True,False,False,False
kriol_inf,21,skrin brok longa Papunya,low,low,high,True,False,True,False,False,False
app_style,21,"general wear and tear, Lajamanu",low,low,high,True,False,True,False,False,False
officer,21,Fly screens torn. Location: Lajamanu.,low,low,high,True,False,True,False,False,False
sms,21,"general wear and tear, lajamanu",low,low,high,True,False,True,False,False,False
kriol_inf,21,skrin brok longa Lajamanu,low,low,high,True,False,True,False,False,False
app_style,21,"loose hinge on the cupboard, Warruwi",low,low,high,True,False,True,False,False,False
officer,21,Fly screens torn. Location: Warruwi.,low,low,high,True,False,True,False,False,False
sms,21,"loose hinge on the cupboard, warruwi",low,low,high,True,False,True,False,False,False
kriol_inf,21,skrin brok longa Warruwi,low,low,high,True,False,True,False,False,False
app_style,21,"loose hinge on the cupboard, Ramingining",low,low,high,True,False,True,False,False,False
officer,21,Fly screens torn. Location: Ramingining.,low,low,high,True,False,True,False,False,False
sms,21,"loose hinge on the cupboard, ramingining",low,low,high,True,False,True,False,False,False
kriol_inf,21,skrin brok longa Ramingining,low,low,high,True,False,True,False,False,False
app_style,21,"mosquito screens torn, Elliott",low,medium,medium,False,False,False,False,False,False
officer,21,Fly screens torn. Location: Elliott.,low,low,high,True,False,True,False,False,False
sms,21,"mosquito screens torn, elliott",low,medium,medium,False,False,False,False,False,False
kriol_inf,21,skrin brok longa Elliott,low,low,high,True,False,True,False,False,False
app_style,21,"mosquito screens torn, Borroloola",low,medium,medium,False,False,False,False,False,False
officer,21,Fly screens torn. Location: Borroloola.,low,low,high,True,False,True,False,False,False
sms,21,"mosquito screens torn, borroloola",low,medium,medium,False,False,False,False,False,False
kriol_inf,21,skrin brok longa Borroloola,low,low,high,True,False,True,False,False,False
app_style,21,"general wear and tear, Warruwi",low,low,high,True,False,True,False,False,False
officer,21,Fly screens torn. Location: Warruwi.,low,low,high,True,False,True,False,False,False
sms,21,"general wear and tear, warruwi",low,low,high,True,False,True,False,False,False
kriol_inf,21,skrin brok longa Warruwi,low,low,high,True,False,True,False,False,False
app_style,21,"general wear and tear, Wurrumiyanga",low,low,high,True,False,True,False,False,False
officer,21,Fly screens torn. Location: Wurrumiyanga.,low,low,high,True,False,True,False,False,False
sms,21,"general wear and tear, wurrumiyanga",low,low,high,True,False,True,False,False,False
kriol_inf,21,skrin brok longa Wurrumiyanga,low,low,high,True,False,True,False,False,False
app_style,21,"loose hinge on the cupboard, Borroloola",low,low,high,True,False,True,False,False,False
officer,21,Fly screens torn. Location: Borroloola.,low,low,high,True,False,True,False,False,False
sms,21,"loose hinge on the cupboard, borroloola",low,low,high,True,False,True,False,False,False
kriol_inf,21,skrin brok longa Borroloola,low,low,high,True,False,True,False,False,False
app_style,21,"loose hinge on the cupboard, Warruwi",low,low,high,True,False,True,False,False,False
officer,21,Fly screens torn. Location: Warruwi.,low,low,high,True,False,True,False,False,False
sms,21,"loose hinge on the cupboard, warruwi",low,low,high,True,False,True,False,False,False
kriol_inf,21,skrin brok longa Warruwi,low,low,high,True,False,True,False,False,False
app_style,21,"loose hinge on the cupboard, Daly Waters",low,low,high,True,False,True,False,False,False
officer,21,Fly screens torn. Location: Daly Waters.,low,low,high,True,False,True,False,False,False
sms,21,"loose hinge on the cupboard, daly waters",low,low,high,True,False,True,False,False,False
kriol_inf,21,skrin brok longa Daly Waters,low,low,high,True,False,True,False,False,False
app_style,21,"loose hinge on the cupboard, Mataranka",low,low,high,True,False,True,False,False,False
officer,21,Fly screens torn. Location: Mataranka.,low,low,high,True,False,True,False,False,False
sms,21,"loose hinge on the cupboard, mataranka",low,low,high,True,False,True,False,False,False
kriol_inf,21,skrin brok longa Mataranka,low,low,high,True,False,True,False,False,False
app_style,21,"loose hinge on the cupboard, Alice Springs",low,low,high,True,False,True,False,False,False
officer,21,Fly screens torn. Location: Alice Springs.,low,low,high,True,False,True,False,False,False
sms,21,"loose hinge on the cupboard, alice springs",low,low,high,True,False,True,False,False,False
kriol_inf,21,skrin brok longa Alice Springs,low,low,high,True,False,True,False,False,False
app_style,21,"mosquito screens torn, Numbulwar",low,medium,medium,False,False,False,False,False,False
officer,21,Fly screens torn. Location: Numbulwar.,low,low,high,True,False,True,False,False,False
sms,21,"mosquito screens torn, numbulwar",low,medium,medium,False,False,False,False,False,False
kriol_inf,21,skrin brok longa Numbulwar,low,low,high,True,False,True,False,False,False
app_style,21,"general wear and tear, Pine Creek",low,low,high,True,False,True,False,False,False
officer,21,Fly screens torn. Location: Pine Creek.,low,low,high,True,False,True,False,False,False
sms,21,"general wear and tear, pine creek",low,low,high,True,False,True,False,False,False
kriol_inf,21,skrin brok longa Pine Creek,low,low,high,True,False,True,False,False,False
app_style,21,"mosquito screens torn, Katherine",low,medium,medium,False,False,False,False,False,False
officer,21,Fly screens torn. Location: Katherine.,low,low,high,True,False,True,False,False,False
sms,21,"mosquito screens torn, katherine",low,medium,medium,False,False,False,False,False,False
kriol_inf,21,skrin brok longa Katherine,low,low,high,True,False,True,False,False,False
app_style,21,"loose hinge on the cupboard, Minyerri",low,low,high,True,False,True,False,False,False
officer,21,Fly screens torn. Location: Minyerri.,low,low,high,True,False,True,False,False,False
sms,21,"loose hinge on the cupboard, minyerri",low,low,high,True,False,True,False,False,False
kriol_inf,21,skrin brok longa Minyerri,low,low,high,True,False,True,False,False,False
app_style,21,"mosquito screens torn, Palumpa",low,medium,medium,False,False,False,False,False,False
officer,21,Fly screens torn. Location: Palumpa.,low,low,high,True,False,True,False,False,False
sms,21,"mosquito screens torn, palumpa",low,medium,medium,False,False,False,False,False,False
kriol_inf,21,skrin brok longa Palumpa,low,low,high,True,False,True,False,False,False
app_style,21,"mosquito screens torn, Mataranka",low,medium,medium,False,False,False,False,False,False
officer,21,Fly screens torn. Location: Mataranka.,low,low,high,True,False,True,False,False,False
sms,21,"mosquito screens torn, mataranka",low,medium,medium,False,False,False,False,False,False
kriol_inf,21,skrin brok longa Mataranka,low,low,high,True,False,True,False,False,False
app_style,21,"mosquito screens torn, Peppimenarti",low,medium,medium,False,False,False,False,False,False
officer,21,Fly screens torn. Location: Peppimenarti.,low,low,high,True,False,True,False,False,False
sms,21,"mosquito screens torn, peppimenarti",low,medium,medium,False,False,False,False,False,False
kriol_inf,21,skrin brok longa Peppimenarti,low,low,high,True,False,True,False,False,False
app_style,21,"mosquito screens torn, Barunga",low,medium,medium,False,False,False,False,False,False
officer,21,Fly screens torn. Location: Barunga.,low,low,high,True,False,True,False,False,False
sms,21,"mosquito screens torn, barunga",low,medium,medium,False,False,False,False,False,False
kriol_inf,21,skrin brok longa Barunga,low,low,high,True,False,True,False,False,False
