report_id,register,scenario_id,truth,keyword,keyword_fs,nt-housing-triage|level,nt-housing-triage|raw,nt-housing-triage|fs,nt-housing-triage|valid,nt-housing-triage|flags,text
R00000,app_style,0,critical,critical,critical,critical,medium,critical,True,no_water,"nothing coming out of any tap, got a baby here, my nan lives here, Daguragu"
R00001,officer,0,critical,critical,critical,critical,critical,critical,True,no_water,Tenant advises no water supply to the dwelling for 48 hours. Household includes an infant and an elderly resident. Location: Daguragu.
R00002,sms,0,critical,critical,critical,critical,medium,critical,True,no_water,"nothing coming out of any tap, got a bub here, my nan lives here, daguragu"
R00003,kriol_inf,0,critical,low,high,medium,medium,medium,True,no_water,"nomo wota longa haus two day now, biginini en olgamen stap hia longa Daguragu"
R00004,app_style,0,critical,critical,critical,critical,critical,critical,True,no_water|elder_safety,"no water at all for two days, got a baby here, my nan lives here, Alice Springs"
R00005,officer,0,critical,critical,critical,critical,critical,critical,True,no_water,Tenant advises no water supply to the dwelling for 48 hours. Household includes an infant and an elderly resident. Location: Alice Springs.
R00006,sms,0,critical,critical,critical,critical,high,critical,True,no_water,"no water at all for two days, got a bub here, my nan lives here, alice springs"
R00007,kriol_inf,0,critical,low,high,medium,medium,medium,True,no_water,"nomo wota longa haus two day now, biginini en olgamen stap hia longa Alice Springs"
R00008,app_style,0,critical,critical,critical,critical,medium,critical,True,no_water,"water cut off since yesterday, got a baby here, my nan lives here, Ti Tree"
R00009,officer,0,critical,critical,critical,critical,critical,critical,True,no_water,Tenant advises no water supply to the dwelling for 48 hours. Household includes an infant and an elderly resident. Location: Ti Tree.
R00010,sms,0,critical,critical,critical,critical,medium,critical,True,no_water,"water cut off since yesterday, got a bub here, my nan lives here, ti tree"
R00011,kriol_inf,0,critical,low,high,low,low,high,True,,"nomo wota longa haus two day now, biginini en olgamen stap hia longa Ti Tree"
R00012,app_style,0,critical,critical,critical,critical,critical,critical,True,no_water,"no water at all for two days, got a baby here, my nan lives here, Alyangula"
R00013,officer,0,critical,critical,critical,critical,critical,critical,True,no_water,Tenant advises no water supply to the dwelling for 48 hours. Household includes an infant and an elderly resident. Location: Alyangula.
R00014,sms,0,critical,low,high,critical,critical,critical,True,no_water|elder_safety,"no wata at all for two days, got a bub here, my nan lives here, alyangula"
R00015,kriol_inf,0,critical,low,high,medium,medium,medium,True,no_water,"nomo wota longa haus two day now, biginini en olgamen stap hia longa Alyangula"
R00016,app_style,0,critical,critical,critical,critical,medium,critical,True,no_water,"nothing coming out of any tap, got a baby here, my nan lives here, Mutitjulu"
R00017,officer,0,critical,critical,critical,critical,critical,critical,True,no_water,Tenant advises no water supply to the dwelling for 48 hours. Household includes an infant and an elderly resident. Location: Mutitjulu.
R00018,sms,0,critical,medium,high,critical,medium,critical,True,no_water,"nuthin comin out of any tap, got a baby here, my nan lives here, mutitjulu"
R00019,kriol_inf,0,critical,low,high,critical,critical,critical,True,no_water,"nomo wota longa haus two day now, biginini en olgamen stap hia longa Mutitjulu"
R00020,app_style,0,critical,critical,critical,critical,high,critical,True,no_water,"water cut off since yesterday, got a baby here, my nan lives here, Yirrkala"
R00021,officer,0,critical,critical,critical,critical,critical,critical,True,no_water,Tenant advises no water supply to the dwelling for 48 hours. Household includes an infant and an elderly resident. Location: Yirrkala.
R00022,sms,0,critical,low,high,critical,high,critical,True,no_water,"wata cut off since yesterday, got a baby here, my nan lives here, yirrkala"
R00023,kriol_inf,0,critical,low,high,high,high,high,True,no_water,"nomo wota longa haus two day now, biginini en olgamen stap hia longa Yirrkala"
R00024,app_style,0,critical,critical,critical,critical,high,critical,True,no_water,"no water at all for two days, got a baby here, my nan lives here, Beswick"
R00025,officer,0,critical,critical,critical,critical,critical,critical,True,no_water,Tenant advises no water supply to the dwelling for 48 hours. Household includes an infant and an elderly resident. Location: Beswick.
R00026,sms,0,critical,low,high,critical,critical,critical,True,no_water|elder_safety,"no wata at all for two days, got a bub here, my nan lives here, beswick"
R00027,kriol_inf,0,critical,low,high,low,low,low,True,no_water,"nomo wota longa haus two day now, biginini en olgamen stap hia longa Beswick"
R00028,app_style,0,critical,critical,critical,critical,critical,critical,True,no_water|elder_safety|child_safety,"no water at all for two days, got a baby here, my nan lives here, Batchelor"
R00029,officer,0,critical,critical,critical,critical,critical,critical,True,no_water,Tenant advises no water supply to the dwelling for 48 hours. Household includes an infant and an elderly resident. Location: Batchelor.
R00030,sms,0,critical,low,high,critical,high,critical,True,no_water,"no wata at all for two days, got a bub here, my nan lives here, batchelor"
R00031,kriol_inf,0,critical,low,high,low,low,high,True,,"nomo wota longa haus two day now, biginini en olgamen stap hia longa Batchelor"
R00032,app_style,0,critical,critical,critical,critical,medium,critical,True,no_water,"nothing coming out of any tap, got a baby here, my nan lives here, Docker River"
R00033,officer,0,critical,critical,critical,critical,critical,critical,True,no_water,Tenant advises no water supply to the dwelling for 48 hours. Household includes an infant and an elderly resident. Location: Docker River.
R00034,sms,0,critical,medium,high,critical,low,critical,True,no_water,"nothing comin out of any tap, got a bub here, my nan lives here, docker river"
R00035,kriol_inf,0,critical,low,high,low,low,high,True,,"nomo wota longa haus two day now, biginini en olgamen stap hia longa Docker River"
R00036,app_style,0,critical,critical,critical,critical,medium,critical,True,no_water,"nothing coming out of any tap, got a baby here, my nan lives here, Elliott"
R00037,officer,0,critical,critical,critical,critical,critical,critical,True,no_water,Tenant advises no water supply to the dwelling for 48 hours. Household includes an infant and an elderly resident. Location: Elliott.
R00038,sms,0,critical,medium,high,critical,low,critical,True,no_water,"nuthin comin out of any tap, got a bub here, my nan lives here, elliott"
R00039,kriol_inf,0,critical,low,high,medium,medium,medium,True,no_water,"nomo wota longa haus two day now, biginini en olgamen stap hia longa Elliott"
R00040,app_style,0,critical,critical,critical,critical,medium,critical,True,no_water,"water cut off since yesterday, got a baby here, my nan lives here, Docker River"
R00041,officer,0,critical,critical,critical,critical,critical,critical,True,no_water,Tenant advises no water supply to the dwelling for 48 hours. Household includes an infant and an elderly resident. Location: Docker River.
R00042,sms,0,critical,low,high,critical,medium,critical,True,no_water|elder_safety,"wata cut off since yesterday, got a bub here, my nan lives here, docker river"
R00043,kriol_inf,0,critical,low,high,low,low,high,True,,"nomo wota longa haus two day now, biginini en olgamen stap hia longa Docker River"
R00044,app_style,0,critical,critical,critical,critical,critical,critical,True,no_water,"no water at all for two days, got a baby here, my nan lives here, Ti Tree"
R00045,officer,0,critical,critical,critical,critical,critical,critical,True,no_water,Tenant advises no water supply to the dwelling for 48 hours. Household includes an infant and an elderly resident. Location: Ti Tree.
R00046,sms,0,critical,critical,critical,critical,medium,critical,True,no_water,"no water at all for two days, got a bub here, my nan lives here, ti tree"
R00047,kriol_inf,0,critical,low,high,low,low,high,True,,"nomo wota longa haus two day now, biginini en olgamen stap hia longa Ti Tree"
R00048,app_style,0,critical,critical,critical,critical,high,critical,True,no_water,"no water at all for two days, got a baby here, my nan lives here, Ngukurr"
R00049,officer,0,critical,critical,critical,critical,critical,critical,True,no_water,Tenant advises no water supply to the dwelling for 48 hours. Household includes an infant and an elderly resident. Location: Ngukurr.
R00050,sms,0,critical,critical,critical,critical,critical,critical,True,no_water,"no water at all for two days, got a bub here, my nan lives here, ngukurr"
R00051,kriol_inf,0,critical,low,high,medium,medium,medium,True,no_water,"nomo wota longa haus two day now, biginini en olgamen stap hia longa Ngukurr"
R00052,app_style,0,critical,critical,critical,critical,critical,critical,True,no_water,"water cut off since yesterday, got a baby here, my nan lives here, Daguragu"
R00053,officer,0,critical,critical,critical,critical,critical,critical,True,no_water,Tenant advises no water supply to the dwelling for 48 hours. Household includes an infant and an elderly resident. Location: Daguragu.
R00054,sms,0,critical,low,high,critical,medium,critical,True,no_water,"wata cut off since yesterday, got a baby here, my nan lives here, daguragu"
R00055,kriol_inf,0,critical,low,high,medium,medium,medium,True,no_water,"nomo wota longa haus two day now, biginini en olgamen stap hia longa Daguragu"
R00056,app_style,0,critical,critical,critical,critical,high,critical,True,no_water,"no water at all for two days, got a baby here, my nan lives here, Beswick"
R00057,officer,0,critical,critical,critical,critical,critical,critical,True,no_water,Tenant advises no water supply to the dwelling for 48 hours. Household includes an infant and an elderly resident. Location: Beswick.
R00058,sms,0,critical,low,high,critical,critical,critical,True,no_water|elder_safety,"no wata at all for two days, got a bub here, my nan lives here, beswick"
R00059,kriol_inf,0,critical,low,high,low,low,low,True,no_water,"nomo wota longa haus two day now, biginini en olgamen stap hia longa Beswick"
R00060,app_style,0,critical,critical,critical,critical,high,critical,True,no_water,"water cut off since yesterday, got a baby here, my nan lives here, Papunya"
R00061,officer,0,critical,critical,critical,critical,critical,critical,True,no_water,Tenant advises no water supply to the dwelling for 48 hours. Household includes an infant and an elderly resident. Location: Papunya.
R00062,sms,0,critical,low,high,critical,medium,critical,True,no_water,"wata cut off since yesterday, got a bub here, my nan lives here, papunya"
R00063,kriol_inf,0,critical,low,high,critical,critical,critical,True,no_water,"nomo wota longa haus two day now, biginini en olgamen stap hia longa Papunya"
R00064,app_style,0,critical,critical,critical,critical,critical,critical,True,no_water|elder_safety|child_safety,"no water at all for two days, got a baby here, my nan lives here, Batchelor"
R00065,officer,0,critical,critical,critical,critical,critical,critical,True,no_water,Tenant advises no water supply to the dwelling for 48 hours. Household includes an infant and an elderly resident. Location: Batchelor.
R00066,sms,0,critical,low,high,critical,high,critical,True,no_water,"no wata at all for two days, got a bub here, my nan lives here, batchelor"
R00067,kriol_inf,0,critical,low,high,low,low,high,True,,"nomo wota longa haus two day now, biginini en olgamen stap hia longa Batchelor"
R00068,app_style,0,critical,critical,critical,critical,high,critical,True,no_water|elder_safety,"no water at all for two days, got a baby here, my nan lives here, Mataranka"
R00069,officer,0,critical,critical,critical,critical,critical,critical,True,no_water,Tenant advises no water supply to the dwelling for 48 hours. Household includes an infant and an elderly resident. Location: Mataranka.
R00070,sms,0,critical,critical,critical,critical,high,critical,True,no_water,"no water at all for two days, got a bub here, my nan lives here, mataranka"
R00071,kriol_inf,0,critical,low,high,low,low,high,True,,"nomo wota longa haus two day now, biginini en olgamen stap hia longa Mataranka"
R00072,app_style,0,critical,critical,critical,critical,high,critical,True,no_water,"water cut off since yesterday, got a baby here, my nan lives here, Galiwin'ku"
R00073,officer,0,critical,critical,critical,critical,critical,critical,True,no_water,Tenant advises no water supply to the dwelling for 48 hours. Household includes an infant and an elderly resident. Location: Galiwin'ku.
R00074,sms,0,critical,low,high,critical,medium,critical,True,no_water,"wata cut off since yesterday, got a bub here, my nan lives here, galiwinku"
R00075,kriol_inf,0,critical,low,high,low,low,high,True,,"nomo wota longa haus two day now, biginini en olgamen stap hia longa Galiwin'ku"
R00076,app_style,0,critical,critical,critical,critical,medium,critical,True,no_water,"nothing coming out of any tap, got a baby here, my nan lives here, Barunga"
R00077,officer,0,critical,critical,critical,critical,critical,critical,True,no_water,Tenant advises no water supply to the dwelling for 48 hours. Household includes an infant and an elderly resident. Location: Barunga.
R00078,sms,0,critical,medium,high,critical,low,critical,True,no_water,"nuthin comin out of any tap, got a bub here, my nan lives here, barunga"
R00079,kriol_inf,0,critical,low,high,medium,medium,medium,True,no_water,"nomo wota longa haus two day now, biginini en olgamen stap hia longa Barunga"
R00080,app_style,0,critical,critical,critical,critical,critical,critical,True,no_water,"no water at all for two days, got a baby here, my nan lives here, Timber Creek"
R00081,officer,0,critical,critical,critical,critical,critical,critical,True,no_water,Tenant advises no water supply to the dwelling for 48 hours. Household includes an infant and an elderly resident. Location: Timber Creek.
R00082,sms,0,critical,low,high,critical,critical,critical,True,no_water,"no wata at all for two days, got a bub here, my nan lives here, timber creek"
R00083,kriol_inf,0,critical,low,high,medium,medium,medium,True,no_water,"nomo wota longa haus two day now, biginini en olgamen stap hia longa Timber Creek"
R00084,app_style,0,critical,critical,critical,critical,high,critical,True,no_water,"water cut off since yesterday, got a baby here, my nan lives here, Palumpa"
R00085,officer,0,critical,critical,critical,critical,critical,critical,True,no_water,Tenant advises no water supply to the dwelling for 48 hours. Household includes an infant and an elderly resident. Location: Palumpa.
R00086,sms,0,critical,low,high,critical,critical,critical,True,no_water|elder_safety,"wata cut off since yesterday, got a bub here, my nan lives here, palumpa"
R00087,kriol_inf,0,critical,low,high,medium,medium,medium,True,no_water,"nomo wota longa haus two day now, biginini en olgamen stap hia longa Palumpa"
R00088,app_style,0,critical,critical,critical,critical,critical,critical,True,no_water,"no water at all for two days, got a baby here, my nan lives here, Darwin"
R00089,officer,0,critical,critical,critical,critical,critical,critical,True,no_water,Tenant advises no water supply to the dwelling for 48 hours. Household includes an infant and an elderly resident. Location: Darwin.
R00090,sms,0,critical,critical,critical,critical,high,critical,True,no_water,"no water at all for two days, got a bub here, my nan lives here, darwin"
R00091,kriol_inf,0,critical,low,high,medium,medium,medium,True,no_water,"nomo wota longa haus two day now, biginini en olgamen stap hia longa Darwin"
R00092,app_style,0,critical,critical,critical,critical,high,critical,True,no_water,"no water at all for two days, got a baby here, my nan lives here, Ngukurr"
R00093,officer,0,critical,critical,critical,critical,critical,critical,True,no_water,Tenant advises no water supply to the dwelling for 48 hours. Household includes an infant and an elderly resident. Location: Ngukurr.
R00094,sms,0,critical,critical,critical,critical,critical,critical,True,no_water|elder_safety|child_safety,"no water at all for two days, got a baby here, my nan lives here, ngukurr"
R00095,kriol_inf,0,critical,low,high,medium,medium,medium,True,no_water,"nomo wota longa haus two day now, biginini en olgamen stap hia longa Ngukurr"
R00096,app_style,0,critical,critical,critical,critical,high,critical,True,no_water,"water cut off since yesterday, got a baby here, my nan lives here, Papunya"
R00097,officer,0,critical,critical,critical,critical,critical,critical,True,no_water,Tenant advises no water supply to the dwelling for 48 hours. Household includes an infant and an elderly resident. Location: Papunya.
R00098,sms,0,critical,low,high,critical,medium,critical,True,no_water,"wata cut off since yesterday, got a bub here, my nan lives here, papunya"
R00099,kriol_inf,0,critical,low,high,critical,critical,critical,True,no_water,"nomo wota longa haus two day now, biginini en olgamen stap hia longa Papunya"
R00100,app_style,0,critical,critical,critical,critical,critical,critical,True,no_water,"no water at all for two days, got a baby here, my nan lives here, Galiwin'ku"
R00101,officer,0,critical,critical,critical,critical,critical,critical,True,no_water,Tenant advises no water supply to the dwelling for 48 hours. Household includes an infant and an elderly resident. Location: Galiwin'ku.
R00102,sms,0,critical,critical,critical,critical,high,critical,True,no_water,"no water at all for two days, got a bub here, my nan lives here, galiwinku"
R00103,kriol_inf,0,critical,low,high,low,low,high,True,,"nomo wota longa haus two day now, biginini en olgamen stap hia longa Galiwin'ku"
R00104,app_style,0,critical,critical,critical,critical,critical,critical,True,no_water|elder_safety,"no water at all for two days, got a baby here, my nan lives here, Alice Springs"
R00105,officer,0,critical,critical,critical,critical,critical,critical,True,no_water,Tenant advises no water supply to the dwelling for 48 hours. Household includes an infant and an elderly resident. Location: Alice Springs.
R00106,sms,0,critical,critical,critical,critical,high,critical,True,no_water,"no water at all for two days, got a bub here, my nan lives here, alice springs"
R00107,kriol_inf,0,critical,low,high,medium,medium,medium,True,no_water,"nomo wota longa haus two day now, biginini en olgamen stap hia longa Alice Springs"
R00108,app_style,0,critical,critical,critical,critical,medium,critical,True,no_water,"nothing coming out of any tap, got a baby here, my nan lives here, Lajamanu"
R00109,officer,0,critical,critical,critical,critical,critical,critical,True,no_water,Tenant advises no water supply to the dwelling for 48 hours. Household includes an infant and an elderly resident. Location: Lajamanu.
R00110,sms,0,critical,medium,high,critical,low,critical,True,no_water,"nuthin comin out of any tap, got a bub here, my nan lives here, lajamanu"
R00111,kriol_inf,0,critical,low,high,medium,medium,medium,True,no_water,"nomo wota longa haus two day now, biginini en olgamen stap hia longa Lajamanu"
R00112,app_style,0,critical,critical,critical,critical,critical,critical,True,no_water,"no water at all for two days, got a baby here, my nan lives here, Wurrumiyanga"
R00113,officer,0,critical,critical,critical,critical,critical,critical,True,no_water,Tenant advises no water supply to the dwelling for 48 hours. Household includes an infant and an elderly resident. Location: Wurrumiyanga.
R00114,sms,0,critical,critical,critical,critical,critical,critical,True,no_water|elder_safety,"no water at all for two days, got a bub here, my nan lives here, wurrumiyanga"
R00115,kriol_inf,0,critical,low,high,low,low,high,True,,"nomo wota longa haus two day now, biginini en olgamen stap hia longa Wurrumiyanga"
R00116,app_style,0,critical,critical,critical,critical,medium,critical,True,no_water,"nothing coming out of any tap, got a baby here, my nan lives here, Milingimbi"
R00117,officer,0,critical,critical,critical,critical,critical,critical,True,no_water,Tenant advises no water supply to the dwelling for 48 hours. Household includes an infant and an elderly resident. Location: Milingimbi.
R00118,sms,0,critical,medium,high,critical,medium,critical,True,no_water,"nuthin coming out of any tap, got a bub here, my nan lives here, milingimbi"
R00119,kriol_inf,0,critical,low,high,low,low,high,True,,"nomo wota longa haus two day now, biginini en olgamen stap hia longa Milingimbi"
R00120,app_style,1,medium,medium,high,low,low,high,True,,"dripping tap in the kitchen, Wurrumiyanga"
R00121,officer,1,medium,medium,high,medium,medium,medium,True,no_water,Tenant reports an ongoing leak beneath the kitchen sink. Location: Wurrumiyanga.
R00122,sms,1,medium,medium,high,low,low,high,True,,"dripping tap in the kitchen, wurrumiyanga"
R00123,kriol_inf,1,medium,medium,high,low,low,high,True,,tap bin lik long time andanith sink longa Wurrumiyanga
R00124,app_style,1,medium,medium,high,medium,medium,high,True,,"tap leaking under the sink for weeks, Yirrkala"
R00125,officer,1,medium,medium,high,medium,medium,medium,True,no_water,Tenant reports an ongoing leak beneath the kitchen sink. Location: Yirrkala.
R00126,sms,1,medium,medium,high,medium,medium,high,True,,"tap leakin under the sink for weeks, yirrkala"
R00127,kriol_inf,1,medium,medium,high,low,low,high,True,,tap bin lik long time andanith sink longa Yirrkala
R00128,app_style,1,medium,medium,high,low,low,high,True,,"water pressure gone in the shower, Palumpa"
R00129,officer,1,medium,medium,high,medium,medium,high,True,,Tenant reports an ongoing leak beneath the kitchen sink. Location: Palumpa.
R00130,sms,1,medium,low,high,low,low,low,True,no_water,"wata pressure gone in the shower, palumpa"
R00131,kriol_inf,1,medium,medium,high,low,low,high,True,,tap bin lik long time andanith sink longa Palumpa
R00132,app_style,1,medium,medium,high,low,low,high,True,,"dripping tap in the kitchen, Wurrumiyanga"
R00133,officer,1,medium,medium,high,medium,medium,medium,True,no_water,Tenant reports an ongoing leak beneath the kitchen sink. Location: Wurrumiyanga.
R00134,sms,1,medium,medium,high,low,low,high,True,,"dripping tap in the kitchen, wurrumiyanga"
R00135,kriol_inf,1,medium,medium,high,low,low,high,True,,tap bin lik long time andanith sink longa Wurrumiyanga
R00136,app_style,1,medium,medium,high,low,low,high,True,,"dripping tap in the kitchen, Katherine"
R00137,officer,1,medium,medium,high,medium,medium,high,True,,Tenant reports an ongoing leak beneath the kitchen sink. Location: Katherine.
R00138,sms,1,medium,medium,high,low,low,high,True,,"dripping tap in the kitchen, katherine"
R00139,kriol_inf,1,medium,medium,high,low,low,high,True,,tap bin lik long time andanith sink longa Katherine
R00140,app_style,1,medium,medium,high,low,low,high,True,,"water pressure gone in the shower, Minyerri"
R00141,officer,1,medium,medium,high,medium,medium,medium,True,no_water,Tenant reports an ongoing leak beneath the kitchen sink. Location: Minyerri.
R00142,sms,1,medium,low,high,low,low,low,True,no_water,"wata pressure gone in the shower, minyerri"
R00143,kriol_inf,1,medium,medium,high,low,low,high,True,,tap bin lik long time andanith sink longa Minyerri
R00144,app_style,1,medium,medium,high,low,low,high,True,,"dripping tap in the kitchen, Alice Springs"
R00145,officer,1,medium,medium,high,medium,medium,high,True,,Tenant reports an ongoing leak beneath the kitchen sink. Location: Alice Springs.
R00146,sms,1,medium,medium,high,low,low,high,True,,"dripping tap in the kitchen, alice springs"
R00147,kriol_inf,1,medium,medium,high,low,low,high,True,,tap bin lik long time andanith sink longa Alice Springs
R00148,app_style,1,medium,medium,high,low,low,high,True,,"water pressure gone in the shower, Wadeye"
R00149,officer,1,medium,medium,high,medium,medium,high,True,,Tenant reports an ongoing leak beneath the kitchen sink. Location: Wadeye.
R00150,sms,1,medium,low,high,low,low,high,True,,"wata pressure gone in the shower, wadeye"
R00151,kriol_inf,1,medium,medium,high,low,low,high,True,,tap bin lik long time andanith sink longa Wadeye
R00152,app_style,1,medium,medium,high,low,low,high,True,,"dripping tap in the kitchen, Robinson River"
R00153,officer,1,medium,medium,high,medium,medium,medium,True,no_water,Tenant reports an ongoing leak beneath the kitchen sink. Location: Robinson River.
R00154,sms,1,medium,medium,high,low,low,high,True,,"dripping tap in the kitchen, robinson river"
R00155,kriol_inf,1,medium,medium,high,low,low,high,True,,tap bin lik long time andanith sink longa Robinson River
R00156,app_style,1,medium,medium,high,low,low,high,True,,"water pressure gone in the shower, Ngukurr"
R00157,officer,1,medium,medium,high,low,low,high,True,,Tenant reports an ongoing leak beneath the kitchen sink. Location: Ngukurr.
R00158,sms,1,medium,medium,high,low,low,high,True,,"water pressure gone in the shower, ngukurr"
R00159,kriol_inf,1,medium,medium,high,low,low,low,True,no_water,tap bin lik long time andanith sink longa Ngukurr
R00160,app_style,1,medium,medium,high,low,low,high,True,,"tap leaking under the sink for weeks, Mutitjulu"
R00161,officer,1,medium,medium,high,low,low,high,True,,Tenant reports an ongoing leak beneath the kitchen sink. Location: Mutitjulu.
R00162,sms,1,medium,medium,high,low,low,high,True,,"tap leaking under the sink for weeks, mutitjulu"
R00163,kriol_inf,1,medium,medium,high,medium,medium,high,True,,tap bin lik long time andanith sink longa Mutitjulu
R00164,app_style,1,medium,medium,high,low,low,high,True,,"tap leaking under the sink for weeks, Maningrida"
R00165,officer,1,medium,medium,high,low,low,low,True,no_water,Tenant reports an ongoing leak beneath the kitchen sink. Location: Maningrida.
R00166,sms,1,medium,medium,high,low,low,high,True,,"tap leaking under the sink for weeks, maningrida"
R00167,kriol_inf,1,medium,medium,high,low,low,high,True,,tap bin lik long time andanith sink longa Maningrida
R00168,app_style,1,medium,medium,high,low,low,high,True,,"water pressure gone in the shower, Ramingining"
R00169,officer,1,medium,medium,high,medium,medium,high,True,,Tenant reports an ongoing leak beneath the kitchen sink. Location: Ramingining.
R00170,sms,1,medium,low,high,low,low,high,True,,"wata pressure gone in the shower, ramingining"
R00171,kriol_inf,1,medium,medium,high,critical,low,critical,True,sewage,tap bin lik long time andanith sink longa Ramingining
R00172,app_style,1,medium,medium,high,low,low,high,True,,"dripping tap in the kitchen, Umbakumba"
R00173,officer,1,medium,medium,high,medium,medium,medium,True,no_water,Tenant reports an ongoing leak beneath the kitchen sink. Location: Umbakumba.
R00174,sms,1,medium,medium,high,low,low,high,True,,"dripping tap in the kitchen, umbakumba"
R00175,kriol_inf,1,medium,medium,high,low,low,high,True,,tap bin lik long time andanith sink longa Umbakumba
R00176,app_style,1,medium,medium,high,low,low,high,True,,"water pressure gone in the shower, Umbakumba"
R00177,officer,1,medium,medium,high,medium,medium,medium,True,no_water,Tenant reports an ongoing leak beneath the kitchen sink. Location: Umbakumba.
R00178,sms,1,medium,low,high,low,low,high,True,,"wata pressure gone in the shower, umbakumba"
R00179,kriol_inf,1,medium,medium,high,low,low,high,True,,tap bin lik long time andanith sink longa Umbakumba
R00180,app_style,1,medium,medium,high,low,low,high,True,,"dripping tap in the kitchen, Angurugu"
R00181,officer,1,medium,medium,high,medium,medium,high,True,,Tenant reports an ongoing leak beneath the kitchen sink. Location: Angurugu.
R00182,sms,1,medium,medium,high,low,low,high,True,,"dripping tap in the kitchen, angurugu"
R00183,kriol_inf,1,medium,medium,high,low,low,high,True,,tap bin lik long time andanith sink longa Angurugu
R00184,app_style,1,medium,medium,high,low,low,high,True,,"water pressure gone in the shower, Ti Tree"
R00185,officer,1,medium,medium,high,medium,medium,medium,True,no_water,Tenant reports an ongoing leak beneath the kitchen sink. Location: Ti Tree.
R00186,sms,1,medium,low,high,low,low,high,True,,"wata pressure gone in the shower, ti tree"
R00187,kriol_inf,1,medium,medium,high,low,low,high,True,,tap bin lik long time andanith sink longa Ti Tree
R00188,app_style,1,medium,medium,high,low,low,high,True,,"water pressure gone in the shower, Tennant Creek"
R00189,officer,1,medium,medium,high,low,low,low,True,no_water,Tenant reports an ongoing leak beneath the kitchen sink. Location: Tennant Creek.
R00190,sms,1,medium,low,high,low,low,low,True,no_water,"wata pressure gone in the shower, tennant creek"
R00191,kriol_inf,1,medium,medium,high,critical,low,critical,True,sewage,tap bin lik long time andanith sink longa Tennant Creek
R00192,app_style,1,medium,medium,high,low,low,high,True,,"tap leaking under the sink for weeks, Jabiru"
R00193,officer,1,medium,medium,high,medium,medium,high,True,,Tenant reports an ongoing leak beneath the kitchen sink. Location: Jabiru.
R00194,sms,1,medium,medium,high,low,low,high,True,,"tap leakin under the sink for weeks, jabiru"
R00195,kriol_inf,1,medium,medium,high,low,low,high,True,,tap bin lik long time andanith sink longa Jabiru
R00196,app_style,1,medium,medium,high,medium,medium,high,True,,"tap leaking under the sink for weeks, Batchelor"
R00197,officer,1,medium,medium,high,low,low,low,True,no_water,Tenant reports an ongoing leak beneath the kitchen sink. Location: Batchelor.
R00198,sms,1,medium,medium,high,medium,medium,high,True,,"tap leakin under the sink for weeks, batchelor"
R00199,kriol_inf,1,medium,medium,high,low,low,high,True,,tap bin lik long time andanith sink longa Batchelor
R00200,app_style,1,medium,medium,high,low,low,high,True,,"water pressure gone in the shower, Maningrida"
R00201,officer,1,medium,medium,high,low,low,low,True,no_water,Tenant reports an ongoing leak beneath the kitchen sink. Location: Maningrida.
R00202,sms,1,medium,low,high,low,low,high,True,,"wata pressure gone in the shower, maningrida"
R00203,kriol_inf,1,medium,medium,high,low,low,high,True,,tap bin lik long time andanith sink longa Maningrida
R00204,app_style,1,medium,medium,high,low,low,high,True,,"dripping tap in the kitchen, Mutitjulu"
R00205,officer,1,medium,medium,high,low,low,high,True,,Tenant reports an ongoing leak beneath the kitchen sink. Location: Mutitjulu.
R00206,sms,1,medium,medium,high,low,low,high,True,,"dripping tap in the kitchen, mutitjulu"
R00207,kriol_inf,1,medium,medium,high,medium,medium,high,True,,tap bin lik long time andanith sink longa Mutitjulu
R00208,app_style,1,medium,medium,high,low,low,high,True,,"tap leaking under the sink for weeks, Adelaide River"
R00209,officer,1,medium,medium,high,medium,medium,medium,True,no_water,Tenant reports an ongoing leak beneath the kitchen sink. Location: Adelaide River.
R00210,sms,1,medium,medium,high,low,low,high,True,,"tap leaking under the sink for weeks, adelaide river"
R00211,kriol_inf,1,medium,medium,high,low,low,high,True,,tap bin lik long time andanith sink longa Adelaide River
R00212,app_style,1,medium,medium,high,low,low,high,True,,"dripping tap in the kitchen, Mataranka"
R00213,officer,1,medium,medium,high,medium,medium,medium,True,no_water,Tenant reports an ongoing leak beneath the kitchen sink. Location: Mataranka.
R00214,sms,1,medium,medium,high,low,low,high,True,,"dripping tap in the kitchen, mataranka"
R00215,kriol_inf,1,medium,medium,high,low,low,high,True,,tap bin lik long time andanith sink longa Mataranka
R00216,app_style,1,medium,medium,high,low,low,low,True,no_water,"water pressure gone in the shower, Jabiru"
R00217,officer,1,medium,medium,high,medium,medium,high,True,,Tenant reports an ongoing leak beneath the kitchen sink. Location: Jabiru.
R00218,sms,1,medium,low,high,low,low,high,True,,"wata pressure gone in the shower, jabiru"
R00219,kriol_inf,1,medium,medium,high,low,low,high,True,,tap bin lik long time andanith sink longa Jabiru
R00220,app_style,1,medium,medium,high,low,low,high,True,,"dripping tap in the kitchen, Daguragu"
R00221,officer,1,medium,medium,high,medium,medium,high,True,,Tenant reports an ongoing leak beneath the kitchen sink. Location: Daguragu.
R00222,sms,1,medium,medium,high,low,low,high,True,,"dripping tap in the kitchen, daguragu"
R00223,kriol_inf,1,medium,medium,high,low,low,low,True,no_water,tap bin lik long time andanith sink longa Daguragu
R00224,app_style,1,medium,medium,high,low,low,high,True,,"water pressure gone in the shower, Robinson River"
R00225,officer,1,medium,medium,high,medium,medium,medium,True,no_water,Tenant reports an ongoing leak beneath the kitchen sink. Location: Robinson River.
R00226,sms,1,medium,medium,high,low,low,high,True,,"water pressure gone in the shower, robinson river"
R00227,kriol_inf,1,medium,medium,high,low,low,high,True,,tap bin lik long time andanith sink longa Robinson River
R00228,app_style,1,medium,medium,high,low,low,high,True,,"dripping tap in the kitchen, Galiwin'ku"
R00229,officer,1,medium,medium,high,medium,medium,high,True,,Tenant reports an ongoing leak beneath the kitchen sink. Location: Galiwin'ku.
R00230,sms,1,medium,medium,high,low,low,high,True,,"dripping tap in the kitchen, galiwinku"
R00231,kriol_inf,1,medium,medium,high,low,low,high,True,,tap bin lik long time andanith sink longa Galiwin'ku
R00232,app_style,1,medium,medium,high,low,low,high,True,,"dripping tap in the kitchen, Alyangula"
R00233,officer,1,medium,medium,high,medium,medium,high,True,,Tenant reports an ongoing leak beneath the kitchen sink. Location: Alyangula.
R00234,sms,1,medium,medium,high,low,low,high,True,,"dripping tap in the kitchen, alyangula"
R00235,kriol_inf,1,medium,medium,high,critical,low,critical,True,sewage,tap bin lik long time andanith sink longa Alyangula
R00236,app_style,1,medium,medium,high,low,low,high,True,,"water pressure gone in the shower, Daguragu"
R00237,officer,1,medium,medium,high,medium,medium,high,True,,Tenant reports an ongoing leak beneath the kitchen sink. Location: Daguragu.
R00238,sms,1,medium,low,high,low,low,low,True,no_water,"wata pressure gone in the shower, daguragu"
R00239,kriol_inf,1,medium,medium,high,low,low,low,True,no_water,tap bin lik long time andanith sink longa Daguragu
R00240,app_style,2,medium,medium,high,low,low,high,True,,"hot water system stopped, Wurrumiyanga"
R00241,officer,2,medium,medium,high,medium,medium,medium,True,no_hot_water,Hot water system not operating; tenant has had cold water only for one week. Location: Wurrumiyanga.
R00242,sms,2,medium,low,high,low,low,high,True,,"hot wata system stopped, wurrumiyanga"
R00243,kriol_inf,2,medium,low,high,medium,medium,medium,True,no_hot_water,"hot wota nomo werk, onli kol showa one wik longa Wurrumiyanga"
R00244,app_style,2,medium,medium,medium,low,low,low,True,no_hot_water,"only cold showers for a week, Daly Waters"
R00245,officer,2,medium,medium,high,medium,medium,high,True,,Hot water system not operating; tenant has had cold water only for one week. Location: Daly Waters.
R00246,sms,2,medium,medium,medium,high,medium,high,True,no_hot_water|water_contamination,"only cold showers for a week, daly waters"
R00247,kriol_inf,2,medium,low,high,medium,medium,medium,True,no_hot_water,"hot wota nomo werk, onli kol showa one wik longa Daly Waters"
R00248,app_style,2,medium,medium,medium,medium,medium,medium,True,no_hot_water,"only cold showers for a week, Pine Creek"
R00249,officer,2,medium,medium,high,medium,medium,medium,True,no_hot_water,Hot water system not operating; tenant has had cold water only for one week. Location: Pine Creek.
R00250,sms,2,medium,medium,medium,medium,medium,medium,True,no_hot_water,"only cold showers for a week, pine creek"
R00251,kriol_inf,2,medium,low,high,medium,medium,medium,True,no_hot_water,"hot wota nomo werk, onli kol showa one wik longa Pine Creek"
R00252,app_style,2,medium,medium,high,low,low,high,True,,"hot water system stopped, Ngukurr"
R00253,officer,2,medium,medium,high,medium,medium,medium,True,no_hot_water,Hot water system not operating; tenant has had cold water only for one week. Location: Ngukurr.
R00254,sms,2,medium,low,high,low,low,low,True,no_hot_water,"hot wata system stopped, ngukurr"
R00255,kriol_inf,2,medium,low,high,medium,medium,medium,True,no_hot_water,"hot wota nomo werk, onli kol showa one wik longa Ngukurr"
R00256,app_style,2,medium,medium,high,medium,medium,medium,True,no_hot_water,"hot water system stopped, Gapuwiyak"
R00257,officer,2,medium,medium,high,medium,medium,medium,True,no_hot_water,Hot water system not operating; tenant has had cold water only for one week. Location: Gapuwiyak.
R00258,sms,2,medium,low,high,low,low,high,True,,"hot wata system stopped, gapuwiyak"
R00259,kriol_inf,2,medium,low,high,low,low,low,True,no_hot_water,"hot wota nomo werk, onli kol showa one wik longa Gapuwiyak"
R00260,app_style,2,medium,medium,high,low,low,low,True,no_hot_water,"hot water system stopped, Maningrida"
R00261,officer,2,medium,medium,high,low,low,high,True,,Hot water system not operating; tenant has had cold water only for one week. Location: Maningrida.
R00262,sms,2,medium,low,high,low,low,low,True,no_hot_water,"hot wata system stopped, maningrida"
R00263,kriol_inf,2,medium,low,high,medium,medium,medium,True,no_hot_water,"hot wota nomo werk, onli kol showa one wik longa Maningrida"
R00264,app_style,2,medium,medium,high,low,low,high,True,,"hot water system stopped, Kalkarindji"
R00265,officer,2,medium,medium,high,medium,medium,medium,True,no_hot_water,Hot water system not operating; tenant has had cold water only for one week. Location: Kalkarindji.
R00266,sms,2,medium,low,high,low,low,high,True,,"hot wata system stopped, kalkarindji"
R00267,kriol_inf,2,medium,low,high,medium,medium,medium,True,no_hot_water,"hot wota nomo werk, onli kol showa one wik longa Kalkarindji"
R00268,app_style,2,medium,medium,medium,medium,medium,medium,True,no_hot_water,"only cold showers for a week, Papunya"
R00269,officer,2,medium,medium,high,medium,medium,medium,True,no_hot_water,Hot water system not operating; tenant has had cold water only for one week. Location: Papunya.
R00270,sms,2,medium,medium,medium,low,low,low,True,no_hot_water,"only cold showers for a week, papunya"
R00271,kriol_inf,2,medium,low,high,medium,medium,medium,True,no_hot_water,"hot wota nomo werk, onli kol showa one wik longa Papunya"
R00272,app_style,2,medium,medium,medium,medium,medium,medium,True,no_hot_water,"no hot water since tuesday, Ramingining"
R00273,officer,2,medium,medium,high,medium,medium,medium,True,no_hot_water,Hot water system not operating; tenant has had cold water only for one week. Location: Ramingining.
R00274,sms,2,medium,low,high,medium,medium,medium,True,no_hot_water,"no hot wata since tuesday, ramingining"
R00275,kriol_inf,2,medium,low,high,medium,medium,medium,True,no_hot_water,"hot wota nomo werk, onli kol showa one wik longa Ramingining"
R00276,app_style,2,medium,medium,medium,medium,medium,medium,True,no_hot_water,"no hot water since tuesday, Beswick"
R00277,officer,2,medium,medium,high,medium,medium,medium,True,no_hot_water,Hot water system not operating; tenant has had cold water only for one week. Location: Beswick.
R00278,sms,2,medium,medium,medium,medium,medium,medium,True,no_hot_water,"no hot water since tuesday, beswick"
R00279,kriol_inf,2,medium,low,high,low,low,low,True,no_hot_water,"hot wota nomo werk, onli kol showa one wik longa Beswick"
R00280,app_style,2,medium,medium,high,low,low,high,True,,"hot water system stopped, Alyangula"
R00281,officer,2,medium,medium,high,medium,medium,medium,True,no_hot_water,Hot water system not operating; tenant has had cold water only for one week. Location: Alyangula.
R00282,sms,2,medium,low,high,medium,medium,medium,True,no_hot_water,"hot wata system stopped, alyangula"
R00283,kriol_inf,2,medium,low,high,medium,medium,medium,True,no_hot_water,"hot wota nomo werk, onli kol showa one wik longa Alyangula"
R00284,app_style,2,medium,medium,medium,medium,medium,medium,True,no_hot_water,"only cold showers for a week, Ramingining"
R00285,officer,2,medium,medium,high,medium,medium,medium,True,no_hot_water,Hot water system not operating; tenant has had cold water only for one week. Location: Ramingining.
R00286,sms,2,medium,medium,medium,low,low,low,True,no_hot_water,"only cold showers for a week, ramingining"
R00287,kriol_inf,2,medium,low,high,medium,medium,medium,True,no_hot_water,"hot wota nomo werk, onli kol showa one wik longa Ramingining"
R00288,app_style,2,medium,medium,medium,low,low,low,True,no_hot_water,"only cold showers for a week, Robinson River"
R00289,officer,2,medium,medium,high,medium,medium,medium,True,no_hot_water,Hot water system not operating; tenant has had cold water only for one week. Location: Robinson River.
R00290,sms,2,medium,medium,medium,medium,medium,medium,True,no_hot_water,"only cold showers for a week, robinson river"
R00291,kriol_inf,2,medium,low,high,medium,medium,medium,True,no_hot_water,"hot wota nomo werk, onli kol showa one wik longa Robinson River"
R00292,app_style,2,medium,medium,medium,low,low,low,True,no_hot_water,"only cold showers for a week, Humpty Doo"
R00293,officer,2,medium,medium,high,medium,medium,medium,True,no_hot_water,Hot water system not operating; tenant has had cold water only for one week. Location: Humpty Doo.
R00294,sms,2,medium,medium,medium,low,low,low,True,no_hot_water,"only cold showers for a week, humpty doo"
R00295,kriol_inf,2,medium,low,high,low,low,low,True,no_hot_water,"hot wota nomo werk, onli kol showa one wik longa Humpty Doo"
R00296,app_style,2,medium,medium,medium,low,low,low,True,no_hot_water,"only cold showers for a week, Barunga"
R00297,officer,2,medium,medium,high,medium,medium,medium,True,no_hot_water,Hot water system not operating; tenant has had cold water only for one week. Location: Barunga.
R00298,sms,2,medium,medium,medium,medium,medium,medium,True,no_hot_water,"only cold showers for a week, barunga"
R00299,kriol_inf,2,medium,low,high,low,low,low,True,no_hot_water,"hot wota nomo werk, onli kol showa one wik longa Barunga"
R00300,app_style,2,medium,medium,medium,medium,medium,medium,True,no_hot_water,"no hot water since tuesday, Peppimenarti"
R00301,officer,2,medium,medium,high,medium,medium,medium,True,no_hot_water,Hot water system not operating; tenant has had cold water only for one week. Location: Peppimenarti.
R00302,sms,2,medium,medium,medium,medium,medium,medium,True,no_hot_water,"no hot water since tuesday, peppimenarti"
R00303,kriol_inf,2,medium,low,high,medium,medium,medium,True,no_hot_water,"hot wota nomo werk, onli kol showa one wik longa Peppimenarti"
R00304,app_style,2,medium,medium,medium,low,low,low,True,no_hot_water,"only cold showers for a week, Milingimbi"
R00305,officer,2,medium,medium,high,medium,medium,medium,True,no_hot_water,Hot water system not operating; tenant has had cold water only for one week. Location: Milingimbi.
R00306,sms,2,medium,medium,medium,low,low,low,True,no_hot_water,"only cold showers for a week, milingimbi"
R00307,kriol_inf,2,medium,low,high,medium,medium,medium,True,no_hot_water,"hot wota nomo werk, onli kol showa one wik longa Milingimbi"
R00308,app_style,2,medium,medium,medium,low,low,low,True,no_hot_water,"only cold showers for a week, Daly Waters"
R00309,officer,2,medium,medium,high,medium,medium,high,True,,Hot water system not operating; tenant has had cold water only for one week. Location: Daly Waters.
R00310,sms,2,medium,medium,medium,high,medium,high,True,no_hot_water|water_contamination,"only cold showers for a week, daly waters"
R00311,kriol_inf,2,medium,low,high,medium,medium,medium,True,no_hot_water,"hot wota nomo werk, onli kol showa one wik longa Daly Waters"
R00312,app_style,2,medium,medium,medium,low,low,low,True,no_hot_water,"only cold showers for a week, Palumpa"
R00313,officer,2,medium,medium,high,medium,medium,medium,True,no_hot_water,Hot water system not operating; tenant has had cold water only for one week. Location: Palumpa.
R00314,sms,2,medium,medium,medium,low,low,low,True,no_hot_water,"only cold showers for a week, palumpa"
R00315,kriol_inf,2,medium,low,high,low,low,low,True,no_hot_water,"hot wota nomo werk, onli kol showa one wik longa Palumpa"
R00316,app_style,2,medium,medium,medium,medium,medium,medium,True,no_hot_water,"no hot water since tuesday, Tennant Creek"
R00317,officer,2,medium,medium,high,medium,medium,medium,True,no_hot_water,Hot water system not operating; tenant has had cold water only for one week. Location: Tennant Creek.
R00318,sms,2,medium,low,high,medium,medium,medium,True,no_hot_water,"no hot wata since tuesday, tennant creek"
R00319,kriol_inf,2,medium,low,high,medium,medium,medium,True,no_hot_water,"hot wota nomo werk, onli kol showa one wik longa Tennant Creek"
R00320,app_style,2,medium,medium,medium,medium,medium,medium,True,no_hot_water,"only cold showers for a week, Milikapiti"
R00321,officer,2,medium,medium,high,medium,medium,medium,True,no_hot_water,Hot water system not operating; tenant has had cold water only for one week. Location: Milikapiti.
R00322,sms,2,medium,medium,medium,medium,medium,medium,True,no_hot_water,"only cold showers for a week, milikapiti"
R00323,kriol_inf,2,medium,low,high,low,low,low,True,no_hot_water,"hot wota nomo werk, onli kol showa one wik longa Milikapiti"
R00324,app_style,2,medium,medium,high,low,low,low,True,no_hot_water,"hot water system stopped, Darwin"
R00325,officer,2,medium,medium,high,medium,medium,medium,True,no_hot_water,Hot water system not operating; tenant has had cold water only for one week. Location: Darwin.
R00326,sms,2,medium,medium,high,low,low,high,True,,"hot water system stopped, darwin"
R00327,kriol_inf,2,medium,low,high,medium,medium,medium,True,no_hot_water,"hot wota nomo werk, onli kol showa one wik longa Darwin"
R00328,app_style,2,medium,medium,high,low,low,high,True,,"hot water system stopped, Numbulwar"
R00329,officer,2,medium,medium,high,medium,medium,medium,True,no_hot_water,Hot water system not operating; tenant has had cold water only for one week. Location: Numbulwar.
R00330,sms,2,medium,low,high,medium,medium,medium,True,no_hot_water,"hot wata system stopped, numbulwar"
R00331,kriol_inf,2,medium,low,high,low,low,low,True,no_hot_water,"hot wota nomo werk, onli kol showa one wik longa Numbulwar"
R00332,app_style,2,medium,medium,high,low,low,high,True,,"hot water system stopped, Kalkarindji"
R00333,officer,2,medium,medium,high,medium,medium,medium,True,no_hot_water,Hot water system not operating; tenant has had cold water only for one week. Location: Kalkarindji.
R00334,sms,2,medium,medium,high,medium,medium,medium,True,no_hot_water,"hot water system stopped, kalkarindji"
R00335,kriol_inf,2,medium,low,high,medium,medium,medium,True,no_hot_water,"hot wota nomo werk, onli kol showa one wik longa Kalkarindji"
R00336,app_style,2,medium,medium,high,low,low,high,True,,"hot water system stopped, Ramingining"
R00337,officer,2,medium,medium,high,medium,medium,medium,True,no_hot_water,Hot water system not operating; tenant has had cold water only for one week. Location: Ramingining.
R00338,sms,2,medium,low,high,medium,medium,medium,True,no_hot_water,"hot wata system stopped, ramingining"
R00339,kriol_inf,2,medium,low,high,medium,medium,medium,True,no_hot_water,"hot wota nomo werk, onli kol showa one wik longa Ramingining"
R00340,app_style,2,medium,medium,high,low,low,high,True,,"hot water system stopped, Alyangula"
R00341,officer,2,medium,medium,high,medium,medium,medium,True,no_hot_water,Hot water system not operating; tenant has had cold water only for one week. Location: Alyangula.
R00342,sms,2,medium,low,high,medium,medium,medium,True,no_hot_water,"hot wata system stopped, alyangula"
R00343,kriol_inf,2,medium,low,high,medium,medium,medium,True,no_hot_water,"hot wota nomo werk, onli kol showa one wik longa Alyangula"
R00344,app_style,2,medium,medium,medium,medium,medium,medium,True,no_hot_water,"no hot water since tuesday, Humpty Doo"
R00345,officer,2,medium,medium,high,medium,medium,medium,True,no_hot_water,Hot water system not operating; tenant has had cold water only for one week. Location: Humpty Doo.
R00346,sms,2,medium,low,high,medium,medium,medium,True,no_hot_water,"no hot wata since tuesday, humpty doo"
R00347,kriol_inf,2,medium,low,high,low,low,low,True,no_hot_water,"hot wota nomo werk, onli kol showa one wik longa Humpty Doo"
R00348,app_style,2,medium,medium,medium,medium,medium,medium,True,no_hot_water,"no hot water since tuesday, Elliott"
R00349,officer,2,medium,medium,high,medium,medium,medium,True,no_hot_water,Hot water system not operating; tenant has had cold water only for one week. Location: Elliott.
R00350,sms,2,medium,low,high,medium,medium,medium,True,no_hot_water,"no hot wata since tuesday, elliott"
R00351,kriol_inf,2,medium,low,high,low,low,high,True,,"hot wota nomo werk, onli kol showa one wik longa Elliott"
R00352,app_style,2,medium,medium,medium,medium,medium,medium,True,no_hot_water,"no hot water since tuesday, Daguragu"
R00353,officer,2,medium,medium,high,medium,medium,medium,True,no_hot_water,Hot water system not operating; tenant has had cold water only for one week. Location: Daguragu.
R00354,sms,2,medium,low,high,medium,medium,medium,True,no_hot_water,"no hot wata since tuesday, daguragu"
R00355,kriol_inf,2,medium,low,high,medium,medium,medium,True,no_hot_water,"hot wota nomo werk, onli kol showa one wik longa Daguragu"
R00356,app_style,2,medium,medium,medium,medium,medium,medium,True,no_hot_water,"no hot water since tuesday, Daly Waters"
R00357,officer,2,medium,medium,high,medium,medium,high,True,,Hot water system not operating; tenant has had cold water only for one week. Location: Daly Waters.
R00358,sms,2,medium,low,high,medium,medium,medium,True,no_hot_water,"no hot wata since tuesday, daly waters"
R00359,kriol_inf,2,medium,low,high,medium,medium,medium,True,no_hot_water,"hot wota nomo werk, onli kol showa one wik longa Daly Waters"
R00360,app_style,3,critical,critical,critical,critical,high,critical,True,sewage,"sewage overflowing outside the back door, Batchelor"
R00361,officer,3,critical,critical,critical,critical,critical,critical,True,sewage,Sewer overflow reported at the rear of the property. Location: Batchelor.
R00362,sms,3,critical,critical,critical,critical,high,critical,True,sewage,"sewrage overflowin outside the back door, batchelor"
R00363,kriol_inf,3,critical,critical,critical,critical,medium,critical,True,sewage,"sewage im kamap longa yad, big smel longa Batchelor"
R00364,app_style,3,critical,critical,critical,critical,medium,critical,True,sewage,"sewage overflowing outside the back door, Barunga"
R00365,officer,3,critical,critical,critical,critical,high,critical,True,sewage,Sewer overflow reported at the rear of the property. Location: Barunga.
R00366,sms,3,critical,critical,critical,critical,high,critical,True,sewage,"sewage overflowin outside the back door, barunga"
R00367,kriol_inf,3,critical,critical,critical,critical,high,critical,True,sewage,"sewage im kamap longa yad, big smel longa Barunga"
R00368,app_style,3,critical,critical,critical,critical,medium,critical,True,sewage,"smells like poo near the bathroom, Warruwi"
R00369,officer,3,critical,critical,critical,critical,critical,critical,True,sewage,Sewer overflow reported at the rear of the property. Location: Warruwi.
R00370,sms,3,critical,low,high,critical,medium,critical,True,sewage,"smels like poo near the bathroom, warruwi"
R00371,kriol_inf,3,critical,critical,critical,critical,high,critical,True,sewage,"sewage im kamap longa yad, big smel longa Warruwi"
R00372,app_style,3,critical,critical,critical,critical,high,critical,True,sewage,"sewerage backing up in the yard, Mataranka"
R00373,officer,3,critical,critical,critical,critical,high,critical,True,sewage,Sewer overflow reported at the rear of the property. Location: Mataranka.
R00374,sms,3,critical,critical,critical,critical,medium,critical,True,sewage,"sewrage backing up in the yard, mataranka"
R00375,kriol_inf,3,critical,critical,critical,critical,medium,critical,True,sewage,"sewage im kamap longa yad, big smel longa Mataranka"
R00376,app_style,3,critical,critical,critical,critical,medium,critical,True,sewage,"sewerage backing up in the yard, Milingimbi"
R00377,officer,3,critical,critical,critical,critical,high,critical,True,sewage,Sewer overflow reported at the rear of the property. Location: Milingimbi.
R00378,sms,3,critical,critical,critical,critical,medium,critical,True,sewage,"sewrage backing up in the yard, milingimbi"
R00379,kriol_inf,3,critical,critical,critical,critical,high,critical,True,sewage,"sewage im kamap longa yad, big smel longa Milingimbi"
R00380,app_style,3,critical,critical,critical,critical,medium,critical,True,sewage,"smells like poo near the bathroom, Daly Waters"
R00381,officer,3,critical,critical,critical,critical,high,critical,True,sewage,Sewer overflow reported at the rear of the property. Location: Daly Waters.
R00382,sms,3,critical,critical,critical,critical,high,critical,True,sewage|water_contamination,"smells like poo near the bathroom, daly waters"
R00383,kriol_inf,3,critical,critical,critical,critical,high,critical,True,sewage|water_contamination,"sewage im kamap longa yad, big smel longa Daly Waters"
R00384,app_style,3,critical,critical,critical,critical,medium,critical,True,sewage,"smells like poo near the bathroom, Robinson River"
R00385,officer,3,critical,critical,critical,critical,critical,critical,True,sewage,Sewer overflow reported at the rear of the property. Location: Robinson River.
R00386,sms,3,critical,low,high,critical,medium,critical,True,sewage|water_contamination,"smels like poo near the bathroom, robinson river"
R00387,kriol_inf,3,critical,critical,critical,critical,medium,critical,True,sewage,"sewage im kamap longa yad, big smel longa Robinson River"
R00388,app_style,3,critical,critical,critical,critical,medium,critical,True,sewage,"sewerage backing up in the yard, Galiwin'ku"
R00389,officer,3,critical,critical,critical,critical,high,critical,True,sewage,Sewer overflow reported at the rear of the property. Location: Galiwin'ku.
R00390,sms,3,critical,critical,critical,critical,high,critical,True,sewage,"sewrage backing up in the yard, galiwinku"
R00391,kriol_inf,3,critical,critical,critical,critical,medium,critical,True,sewage,"sewage im kamap longa yad, big smel longa Galiwin'ku"
R00392,app_style,3,critical,critical,critical,critical,high,critical,True,sewage,"sewage overflowing outside the back door, Pine Creek"
R00393,officer,3,critical,critical,critical,critical,high,critical,True,sewage,Sewer overflow reported at the rear of the property. Location: Pine Creek.
R00394,sms,3,critical,critical,critical,critical,high,critical,True,sewage,"sewrage overflowing outside the back door, pine creek"
R00395,kriol_inf,3,critical,critical,critical,critical,medium,critical,True,sewage,"sewage im kamap longa yad, big smel longa Pine Creek"
R00396,app_style,3,critical,critical,critical,critical,high,critical,True,sewage,"sewage overflowing outside the back door, Maningrida"
R00397,officer,3,critical,critical,critical,critical,high,critical,True,sewage,Sewer overflow reported at the rear of the property. Location: Maningrida.
R00398,sms,3,critical,critical,critical,critical,high,critical,True,sewage,"sewage overflowing outside the back door, maningrida"
R00399,kriol_inf,3,critical,critical,critical,critical,medium,critical,True,sewage,"sewage im kamap longa yad, big smel longa Maningrida"
R00400,app_style,3,critical,critical,critical,critical,high,critical,True,sewage,"sewage overflowing outside the back door, Maningrida"
R00401,officer,3,critical,critical,critical,critical,high,critical,True,sewage,Sewer overflow reported at the rear of the property. Location: Maningrida.
R00402,sms,3,critical,critical,critical,critical,high,critical,True,sewage,"sewage overflowing outside the back door, maningrida"
R00403,kriol_inf,3,critical,critical,critical,critical,medium,critical,True,sewage,"sewage im kamap longa yad, big smel longa Maningrida"
R00404,app_style,3,critical,critical,critical,critical,high,critical,True,sewage|water_contamination,"sewage overflowing outside the back door, Ti Tree"
R00405,officer,3,critical,critical,critical,critical,high,critical,True,sewage,Sewer overflow reported at the rear of the property. Location: Ti Tree.
R00406,sms,3,critical,critical,critical,critical,medium,critical,True,sewage,"sewrage overflowin outside the back door, ti tree"
R00407,kriol_inf,3,critical,critical,critical,critical,medium,critical,True,sewage,"sewage im kamap longa yad, big smel longa Ti Tree"
R00408,app_style,3,critical,critical,critical,critical,high,critical,True,sewage,"sewerage backing up in the yard, Elliott"
R00409,officer,3,critical,critical,critical,critical,high,critical,True,sewage,Sewer overflow reported at the rear of the property. Location: Elliott.
R00410,sms,3,critical,critical,critical,critical,high,critical,True,sewage,"sewrage backing up in the yard, elliott"
R00411,kriol_inf,3,critical,critical,critical,critical,high,critical,True,sewage,"sewage im kamap longa yad, big smel longa Elliott"
R00412,app_style,3,critical,critical,critical,critical,high,critical,True,sewage,"sewerage backing up in the yard, Barunga"
R00413,officer,3,critical,critical,critical,critical,high,critical,True,sewage,Sewer overflow reported at the rear of the property. Location: Barunga.
R00414,sms,3,critical,critical,critical,critical,medium,critical,True,sewage,"sewrage backing up in the yard, barunga"
R00415,kriol_inf,3,critical,critical,critical,critical,high,critical,True,sewage,"sewage im kamap longa yad, big smel longa Barunga"
R00416,app_style,3,critical,critical,critical,critical,medium,critical,True,sewage,"smells like poo near the bathroom, Robinson River"
R00417,officer,3,critical,critical,critical,critical,critical,critical,True,sewage,Sewer overflow reported at the rear of the property. Location: Robinson River.
R00418,sms,3,critical,critical,critical,critical,medium,critical,True,sewage,"smells like poo near the bathroom, robinson river"
R00419,kriol_inf,3,critical,critical,critical,critical,medium,critical,True,sewage,"sewage im kamap longa yad, big smel longa Robinson River"
R00420,app_style,3,critical,critical,critical,critical,high,critical,True,sewage,"sewage overflowing outside the back door, Timber Creek"
R00421,officer,3,critical,critical,critical,critical,high,critical,True,sewage,Sewer overflow reported at the rear of the property. Location: Timber Creek.
R00422,sms,3,critical,critical,critical,critical,high,critical,True,sewage|water_contamination,"sewage overflowing outside the back door, timber creek"
R00423,kriol_inf,3,critical,critical,critical,critical,medium,critical,True,sewage,"sewage im kamap longa yad, big smel longa Timber Creek"
R00424,app_style,3,critical,critical,critical,critical,medium,critical,True,sewage,"smells like poo near the bathroom, Beswick"
R00425,officer,3,critical,critical,critical,critical,high,critical,True,sewage,Sewer overflow reported at the rear of the property. Location: Beswick.
R00426,sms,3,critical,low,high,critical,medium,critical,True,sewage,"smels like poo near the bathroom, beswick"
R00427,kriol_inf,3,critical,critical,critical,critical,high,critical,True,sewage,"sewage im kamap longa yad, big smel longa Beswick"
R00428,app_style,3,critical,critical,critical,critical,high,critical,True,sewage,"sewage overflowing outside the back door, Yuendumu"
R00429,officer,3,critical,critical,critical,critical,critical,critical,True,sewage,Sewer overflow reported at the rear of the property. Location: Yuendumu.
R00430,sms,3,critical,critical,critical,critical,high,critical,True,sewage,"sewrage overflowin outside the back door, yuendumu"
R00431,kriol_inf,3,critical,critical,critical,critical,medium,critical,True,sewage,"sewage im kamap longa yad, big smel longa Yuendumu"
R00432,app_style,3,critical,critical,critical,critical,medium,critical,True,sewage,"sewerage backing up in the yard, Pine Creek"
R00433,officer,3,critical,critical,critical,critical,high,critical,True,sewage,Sewer overflow reported at the rear of the property. Location: Pine Creek.
R00434,sms,3,critical,critical,critical,critical,high,critical,True,sewage,"sewerage backing up in the yard, pine creek"
R00435,kriol_inf,3,critical,critical,critical,critical,medium,critical,True,sewage,"sewage im kamap longa yad, big smel longa Pine Creek"
R00436,app_style,3,critical,critical,critical,critical,medium,critical,True,sewage,"sewerage backing up in the yard, Numbulwar"
R00437,officer,3,critical,critical,critical,critical,high,critical,True,sewage,Sewer overflow reported at the rear of the property. Location: Numbulwar.
R00438,sms,3,critical,critical,critical,critical,medium,critical,True,sewage,"sewrage backing up in the yard, numbulwar"
R00439,kriol_inf,3,critical,critical,critical,critical,medium,critical,True,sewage,"sewage im kamap longa yad, big smel longa Numbulwar"
R00440,app_style,3,critical,critical,critical,critical,medium,critical,True,sewage,"sewerage backing up in the yard, Numbulwar"
R00441,officer,3,critical,critical,critical,critical,high,critical,True,sewage,Sewer overflow reported at the rear of the property. Location: Numbulwar.
R00442,sms,3,critical,critical,critical,critical,medium,critical,True,sewage,"sewrage backing up in the yard, numbulwar"
R00443,kriol_inf,3,critical,critical,critical,critical,medium,critical,True,sewage,"sewage im kamap longa yad, big smel longa Numbulwar"
R00444,app_style,3,critical,critical,critical,critical,high,critical,True,sewage,"sewage overflowing outside the back door, Lajamanu"
R00445,officer,3,critical,critical,critical,critical,high,critical,True,sewage,Sewer overflow reported at the rear of the property. Location: Lajamanu.
R00446,sms,3,critical,critical,critical,critical,medium,critical,True,sewage,"sewrage overflowin outside the back door, lajamanu"
R00447,kriol_inf,3,critical,critical,critical,critical,medium,critical,True,sewage,"sewage im kamap longa yad, big smel longa Lajamanu"
R00448,app_style,3,critical,critical,critical,critical,medium,critical,True,sewage,"sewerage backing up in the yard, Jabiru"
R00449,officer,3,critical,critical,critical,critical,high,critical,True,sewage,Sewer overflow reported at the rear of the property. Location: Jabiru.
R00450,sms,3,critical,critical,critical,critical,high,critical,True,sewage,"sewerage backing up in the yard, jabiru"
R00451,kriol_inf,3,critical,critical,critical,critical,medium,critical,True,sewage,"sewage im kamap longa yad, big smel longa Jabiru"
R00452,app_style,3,critical,critical,critical,critical,high,critical,True,sewage,"sewerage backing up in the yard, Ngukurr"
R00453,officer,3,critical,critical,critical,critical,high,critical,True,sewage,Sewer overflow reported at the rear of the property. Location: Ngukurr.
R00454,sms,3,critical,critical,critical,critical,medium,critical,True,sewage,"sewrage backing up in the yard, ngukurr"
R00455,kriol_inf,3,critical,critical,critical,critical,high,critical,True,sewage,"sewage im kamap longa yad, big smel longa Ngukurr"
R00456,app_style,3,critical,critical,critical,critical,medium,critical,True,sewage,"sewerage backing up in the yard, Minjilang"
R00457,officer,3,critical,critical,critical,critical,critical,critical,True,sewage,Sewer overflow reported at the rear of the property. Location: Minjilang.
R00458,sms,3,critical,critical,critical,critical,high,critical,True,sewage,"sewrage backing up in the yard, minjilang"
R00459,kriol_inf,3,critical,critical,critical,critical,medium,critical,True,sewage,"sewage im kamap longa yad, big smel longa Minjilang"
R00460,app_style,3,critical,critical,critical,critical,high,critical,True,sewage,"sewage overflowing outside the back door, Wurrumiyanga"
R00461,officer,3,critical,critical,critical,critical,critical,critical,True,sewage,Sewer overflow reported at the rear of the property. Location: Wurrumiyanga.
R00462,sms,3,critical,critical,critical,critical,medium,critical,True,sewage,"sewrage overflowin outside the back door, wurrumiyanga"
R00463,kriol_inf,3,critical,critical,critical,critical,medium,critical,True,sewage,"sewage im kamap longa yad, big smel longa Wurrumiyanga"
R00464,app_style,3,critical,critical,critical,critical,high,critical,True,sewage,"sewage overflowing outside the back door, Lajamanu"
R00465,officer,3,critical,critical,critical,critical,high,critical,True,sewage,Sewer overflow reported at the rear of the property. Location: Lajamanu.
R00466,sms,3,critical,critical,critical,critical,high,critical,True,sewage,"sewage overflowin outside the back door, lajamanu"
R00467,kriol_inf,3,critical,critical,critical,critical,medium,critical,True,sewage,"sewage im kamap longa yad, big smel longa Lajamanu"
R00468,app_style,3,critical,critical,critical,critical,high,critical,True,sewage,"sewage overflowing outside the back door, Numbulwar"
R00469,officer,3,critical,critical,critical,critical,high,critical,True,sewage,Sewer overflow reported at the rear of the property. Location: Numbulwar.
R00470,sms,3,critical,critical,critical,critical,high,critical,True,sewage,"sewrage overflowing outside the back door, numbulwar"
R00471,kriol_inf,3,critical,critical,critical,critical,medium,critical,True,sewage,"sewage im kamap longa yad, big smel longa Numbulwar"
R00472,app_style,3,critical,critical,critical,critical,high,critical,True,sewage,"sewage overflowing outside the back door, Robinson River"
R00473,officer,3,critical,critical,critical,critical,critical,critical,True,sewage,Sewer overflow reported at the rear of the property. Location: Robinson River.
R00474,sms,3,critical,critical,critical,critical,medium,critical,True,sewage,"sewrage overflowin outside the back door, robinson river"
R00475,kriol_inf,3,critical,critical,critical,critical,medium,critical,True,sewage,"sewage im kamap longa yad, big smel longa Robinson River"
R00476,app_style,3,critical,critical,critical,critical,high,critical,True,sewage,"sewage overflowing outside the back door, Warruwi"
R00477,officer,3,critical,critical,critical,critical,critical,critical,True,sewage,Sewer overflow reported at the rear of the property. Location: Warruwi.
R00478,sms,3,critical,critical,critical,critical,high,critical,True,sewage,"sewage overflowin outside the back door, warruwi"
R00479,kriol_inf,3,critical,critical,critical,critical,high,critical,True,sewage,"sewage im kamap longa yad, big smel longa Warruwi"
R00480,app_style,4,critical,critical,critical,critical,high,critical,True,exposed_wiring|fire_risk,"sparks coming out of the powerpoint, Umbakumba"
R00481,officer,4,critical,critical,critical,critical,high,critical,True,exposed_wiring|fire_risk,Tenant reports arcing from a general power outlet and a burning odour at the switchboard. Location: Umbakumba.
R00482,sms,4,critical,critical,critical,high,high,high,True,fire_risk,"sparks comin out of the pwr point, umbakumba"
R00483,kriol_inf,4,critical,low,high,high,high,high,True,fire_risk,"pawa point im sparkin, smok kamat longa Umbakumba"
R00484,app_style,4,critical,critical,critical,critical,high,critical,True,exposed_wiring,"wire hanging out of the wall, Darwin"
R00485,officer,4,critical,critical,critical,critical,critical,critical,True,exposed_wiring|fire_risk,Tenant reports arcing from a general power outlet and a burning odour at the switchboard. Location: Darwin.
R00486,sms,4,critical,critical,critical,critical,high,critical,True,exposed_wiring,"wire hanging out of the wall, darwin"
R00487,kriol_inf,4,critical,low,high,critical,critical,critical,True,fire_risk,"pawa point im sparkin, smok kamat longa Darwin"
R00488,app_style,4,critical,critical,critical,high,high,high,True,fire_risk,"burning smell from the switchboard, Humpty Doo"
R00489,officer,4,critical,critical,critical,critical,high,critical,True,exposed_wiring|fire_risk,Tenant reports arcing from a general power outlet and a burning odour at the switchboard. Location: Humpty Doo.
R00490,sms,4,critical,low,high,high,high,high,True,fire_risk,"burnin smell from the switchboard, humpty doo"
R00491,kriol_inf,4,critical,low,high,critical,critical,critical,True,fire_risk,"pawa point im sparkin, smok kamat longa Humpty Doo"
R00492,app_style,4,critical,critical,critical,high,high,high,True,fire_risk,"burning smell from the switchboard, Maningrida"
R00493,officer,4,critical,critical,critical,critical,critical,critical,True,exposed_wiring|fire_risk,Tenant reports arcing from a general power outlet and a burning odour at the switchboard. Location: Maningrida.
R00494,sms,4,critical,low,high,high,high,high,True,fire_risk,"burnin smell from the switchboard, maningrida"
R00495,kriol_inf,4,critical,low,high,critical,high,critical,True,exposed_wiring|fire_risk,"pawa point im sparkin, smok kamat longa Maningrida"
R00496,app_style,4,critical,critical,critical,high,high,high,True,fire_risk,"burning smell from the switchboard, Minjilang"
R00497,officer,4,critical,critical,critical,critical,critical,critical,True,exposed_wiring|fire_risk,Tenant reports arcing from a general power outlet and a burning odour at the switchboard. Location: Minjilang.
R00498,sms,4,critical,critical,critical,high,high,high,True,fire_risk,"burning smell from the switchboard, minjilang"
R00499,kriol_inf,4,critical,low,high,critical,critical,critical,True,fire_risk,"pawa point im sparkin, smok kamat longa Minjilang"
R00500,app_style,4,critical,critical,critical,high,high,high,True,fire_risk,"burning smell from the switchboard, Ngukurr"
R00501,officer,4,critical,critical,critical,critical,high,critical,True,exposed_wiring|fire_risk,Tenant reports arcing from a general power outlet and a burning odour at the switchboard. Location: Ngukurr.
R00502,sms,4,critical,low,high,high,high,high,True,fire_risk,"burnin smell from the switchboard, ngukurr"
R00503,kriol_inf,4,critical,low,high,critical,critical,critical,True,exposed_wiring|fire_risk,"pawa point im sparkin, smok kamat longa Ngukurr"
R00504,app_style,4,critical,critical,critical,critical,medium,critical,True,exposed_wiring,"wire hanging out of the wall, Yuendumu"
R00505,officer,4,critical,critical,critical,critical,high,critical,True,exposed_wiring|fire_risk,Tenant reports arcing from a general power outlet and a burning odour at the switchboard. Location: Yuendumu.
R00506,sms,4,critical,critical,critical,critical,high,critical,True,exposed_wiring,"wire hanging out of the wall, yuendumu"
R00507,kriol_inf,4,critical,low,high,critical,critical,critical,True,fire_risk|exposed_wiring,"pawa point im sparkin, smok kamat longa Yuendumu"
R00508,app_style,4,critical,critical,critical,critical,high,critical,True,exposed_wiring|fire_risk,"sparks coming out of the powerpoint, Wurrumiyanga"
R00509,officer,4,critical,critical,critical,critical,high,critical,True,exposed_wiring|fire_risk,Tenant reports arcing from a general power outlet and a burning odour at the switchboard. Location: Wurrumiyanga.
R00510,sms,4,critical,low,high,critical,high,critical,True,exposed_wiring,"sparkn coming out of the pwr point, wurrumiyanga"
R00511,kriol_inf,4,critical,low,high,critical,high,critical,True,exposed_wiring|fire_risk,"pawa point im sparkin, smok kamat longa Wurrumiyanga"
R00512,app_style,4,critical,critical,critical,high,high,high,True,fire_risk,"sparks coming out of the powerpoint, Wadeye"
R00513,officer,4,critical,critical,critical,critical,high,critical,True,exposed_wiring|fire_risk,Tenant reports arcing from a general power outlet and a burning odour at the switchboard. Location: Wadeye.
R00514,sms,4,critical,medium,high,critical,medium,critical,True,exposed_wiring,"sparkn coming out of the powerpoint, wadeye"
R00515,kriol_inf,4,critical,low,high,critical,high,critical,True,exposed_wiring|fire_risk,"pawa point im sparkin, smok kamat longa Wadeye"
R00516,app_style,4,critical,critical,critical,high,high,high,True,fire_risk,"sparks coming out of the powerpoint, Borroloola"
R00517,officer,4,critical,critical,critical,critical,high,critical,True,exposed_wiring|fire_risk,Tenant reports arcing from a general power outlet and a burning odour at the switchboard. Location: Borroloola.
R00518,sms,4,critical,low,high,critical,high,critical,True,exposed_wiring|fire_risk,"sparkn coming out of the pwr point, borroloola"
R00519,kriol_inf,4,critical,low,high,high,high,high,True,fire_risk,"pawa point im sparkin, smok kamat longa Borroloola"
R00520,app_style,4,critical,critical,critical,high,high,high,True,fire_risk,"burning smell from the switchboard, Adelaide River"
R00521,officer,4,critical,critical,critical,critical,high,critical,True,exposed_wiring|fire_risk,Tenant reports arcing from a general power outlet and a burning odour at the switchboard. Location: Adelaide River.
R00522,sms,4,critical,critical,critical,high,high,high,True,fire_risk,"burning smell from the switchboard, adelaide river"
R00523,kriol_inf,4,critical,low,high,critical,critical,critical,True,fire_risk|exposed_wiring,"pawa point im sparkin, smok kamat longa Adelaide River"
R00524,app_style,4,critical,critical,critical,high,high,high,True,fire_risk,"burning smell from the switchboard, Warruwi"
R00525,officer,4,critical,critical,critical,critical,critical,critical,True,exposed_wiring|fire_risk,Tenant reports arcing from a general power outlet and a burning odour at the switchboard. Location: Warruwi.
R00526,sms,4,critical,critical,critical,critical,high,critical,True,fire_risk|exposed_wiring,"burning smell from the switchboard, warruwi"
R00527,kriol_inf,4,critical,low,high,high,high,high,True,fire_risk,"pawa point im sparkin, smok kamat longa Warruwi"
R00528,app_style,4,critical,critical,critical,critical,high,critical,True,exposed_wiring|fire_risk,"burning smell from the switchboard, Tennant Creek"
R00529,officer,4,critical,critical,critical,critical,high,critical,True,exposed_wiring|fire_risk,Tenant reports arcing from a general power outlet and a burning odour at the switchboard. Location: Tennant Creek.
R00530,sms,4,critical,low,high,critical,high,critical,True,exposed_wiring|fire_risk,"burnin smell from the switchboard, tennant creek"
R00531,kriol_inf,4,critical,low,high,critical,critical,critical,True,fire_risk|exposed_wiring,"pawa point im sparkin, smok kamat longa Tennant Creek"
R00532,app_style,4,critical,critical,critical,critical,medium,critical,True,exposed_wiring,"wire hanging out of the wall, Maningrida"
R00533,officer,4,critical,critical,critical,critical,critical,critical,True,exposed_wiring|fire_risk,Tenant reports arcing from a general power outlet and a burning odour at the switchboard. Location: Maningrida.
R00534,sms,4,critical,critical,critical,critical,medium,critical,True,exposed_wiring,"wire hanging out of the wall, maningrida"
R00535,kriol_inf,4,critical,low,high,critical,high,critical,True,exposed_wiring|fire_risk,"pawa point im sparkin, smok kamat longa Maningrida"
R00536,app_style,4,critical,critical,critical,high,high,high,True,fire_risk,"sparks coming out of the powerpoint, Jabiru"
R00537,officer,4,critical,critical,critical,critical,high,critical,True,exposed_wiring|fire_risk,Tenant reports arcing from a general power outlet and a burning odour at the switchboard. Location: Jabiru.
R00538,sms,4,critical,critical,critical,high,high,high,True,fire_risk,"sparks coming out of the powerpoint, jabiru"
R00539,kriol_inf,4,critical,low,high,critical,high,critical,True,exposed_wiring|fire_risk,"pawa point im sparkin, smok kamat longa Jabiru"
R00540,app_style,4,critical,critical,critical,critical,high,critical,True,exposed_wiring,"wire hanging out of the wall, Jabiru"
R00541,officer,4,critical,critical,critical,critical,high,critical,True,exposed_wiring|fire_risk,Tenant reports arcing from a general power outlet and a burning odour at the switchboard. Location: Jabiru.
R00542,sms,4,critical,critical,critical,critical,high,critical,True,exposed_wiring,"wire hanging out of the wall, jabiru"
R00543,kriol_inf,4,critical,low,high,critical,high,critical,True,exposed_wiring|fire_risk,"pawa point im sparkin, smok kamat longa Jabiru"
R00544,app_style,4,critical,critical,critical,critical,high,critical,True,exposed_wiring,"wire hanging out of the wall, Pine Creek"
R00545,officer,4,critical,critical,critical,critical,high,critical,True,exposed_wiring|fire_risk,Tenant reports arcing from a general power outlet and a burning odour at the switchboard. Location: Pine Creek.
R00546,sms,4,critical,critical,critical,critical,high,critical,True,exposed_wiring,"wire hanging out of the wall, pine creek"
R00547,kriol_inf,4,critical,low,high,critical,critical,critical,True,fire_risk,"pawa point im sparkin, smok kamat longa Pine Creek"
R00548,app_style,4,critical,critical,critical,critical,medium,critical,True,exposed_wiring,"wire hanging out of the wall, Yuendumu"
R00549,officer,4,critical,critical,critical,critical,high,critical,True,exposed_wiring|fire_risk,Tenant reports arcing from a general power outlet and a burning odour at the switchboard. Location: Yuendumu.
R00550,sms,4,critical,critical,critical,critical,high,critical,True,exposed_wiring,"wire hanging out of the wall, yuendumu"
R00551,kriol_inf,4,critical,low,high,critical,critical,critical,True,fire_risk|exposed_wiring,"pawa point im sparkin, smok kamat longa Yuendumu"
R00552,app_style,4,critical,critical,critical,high,high,high,True,fire_risk,"sparks coming out of the powerpoint, Beswick"
R00553,officer,4,critical,critical,critical,critical,high,critical,True,exposed_wiring|fire_risk,Tenant reports arcing from a general power outlet and a burning odour at the switchboard. Location: Beswick.
R00554,sms,4,critical,critical,critical,critical,high,critical,True,exposed_wiring|fire_risk,"sparks comin out of the pwr point, beswick"
R00555,kriol_inf,4,critical,low,high,critical,critical,critical,True,exposed_wiring|fire_risk,"pawa point im sparkin, smok kamat longa Beswick"
R00556,app_style,4,critical,critical,critical,critical,medium,critical,True,exposed_wiring,"wire hanging out of the wall, Docker River"
R00557,officer,4,critical,critical,critical,critical,high,critical,True,exposed_wiring|fire_risk,Tenant reports arcing from a general power outlet and a burning odour at the switchboard. Location: Docker River.
R00558,sms,4,critical,critical,critical,critical,high,critical,True,exposed_wiring,"wire hanging out of the wall, docker river"
R00559,kriol_inf,4,critical,low,high,critical,high,critical,True,exposed_wiring|fire_risk,"pawa point im sparkin, smok kamat longa Docker River"
R00560,app_style,4,critical,critical,critical,high,high,high,True,fire_risk,"burning smell from the switchboard, Darwin"
R00561,officer,4,critical,critical,critical,critical,critical,critical,True,exposed_wiring|fire_risk,Tenant reports arcing from a general power outlet and a burning odour at the switchboard. Location: Darwin.
R00562,sms,4,critical,low,high,critical,critical,critical,True,fire_risk|exposed_wiring,"burnin smell from the switchboard, darwin"
R00563,kriol_inf,4,critical,low,high,critical,critical,critical,True,fire_risk,"pawa point im sparkin, smok kamat longa Darwin"
R00564,app_style,4,critical,critical,critical,high,high,high,True,fire_risk,"burning smell from the switchboard, Palmerston"
R00565,officer,4,critical,critical,critical,critical,high,critical,True,exposed_wiring|fire_risk,Tenant reports arcing from a general power outlet and a burning odour at the switchboard. Location: Palmerston.
R00566,sms,4,critical,critical,critical,high,high,high,True,fire_risk,"burning smell from the switchboard, palmerston"
R00567,kriol_inf,4,critical,low,high,critical,critical,critical,True,fire_risk,"pawa point im sparkin, smok kamat longa Palmerston"
R00568,app_style,4,critical,critical,critical,critical,high,critical,True,exposed_wiring,"wire hanging out of the wall, Timber Creek"
R00569,officer,4,critical,critical,critical,critical,high,critical,True,exposed_wiring|fire_risk,Tenant reports arcing from a general power outlet and a burning odour at the switchboard. Location: Timber Creek.
R00570,sms,4,critical,critical,critical,critical,medium,critical,True,exposed_wiring,"wire hanging out of the wall, timber creek"
R00571,kriol_inf,4,critical,low,high,critical,critical,critical,True,fire_risk,"pawa point im sparkin, smok kamat longa Timber Creek"
R00572,app_style,4,critical,critical,critical,critical,high,critical,True,exposed_wiring|fire_risk,"sparks coming out of the powerpoint, Yirrkala"
R00573,officer,4,critical,critical,critical,critical,critical,critical,True,exposed_wiring|fire_risk,Tenant reports arcing from a general power outlet and a burning odour at the switchboard. Location: Yirrkala.
R00574,sms,4,critical,critical,critical,critical,high,critical,True,exposed_wiring,"sparks coming out of the pwr point, yirrkala"
R00575,kriol_inf,4,critical,low,high,high,high,high,True,fire_risk,"pawa point im sparkin, smok kamat longa Yirrkala"
R00576,app_style,4,critical,critical,critical,high,high,high,True,fire_risk,"burning smell from the switchboard, Yuendumu"
R00577,officer,4,critical,critical,critical,critical,high,critical,True,exposed_wiring|fire_risk,Tenant reports arcing from a general power outlet and a burning odour at the switchboard. Location: Yuendumu.
R00578,sms,4,critical,critical,critical,critical,high,critical,True,exposed_wiring|fire_risk,"burning smell from the switchboard, yuendumu"
R00579,kriol_inf,4,critical,low,high,critical,critical,critical,True,fire_risk|exposed_wiring,"pawa point im sparkin, smok kamat longa Yuendumu"
R00580,app_style,4,critical,critical,critical,high,high,high,True,fire_risk,"burning smell from the switchboard, Timber Creek"
R00581,officer,4,critical,critical,critical,critical,high,critical,True,exposed_wiring|fire_risk,Tenant reports arcing from a general power outlet and a burning odour at the switchboard. Location: Timber Creek.
R00582,sms,4,critical,low,high,high,high,high,True,fire_risk,"burnin smell from the switchboard, timber creek"
R00583,kriol_inf,4,critical,low,high,critical,critical,critical,True,fire_risk,"pawa point im sparkin, smok kamat longa Timber Creek"
R00584,app_style,4,critical,critical,critical,high,high,high,True,fire_risk,"sparks coming out of the powerpoint, Minyerri"
R00585,officer,4,critical,critical,critical,critical,critical,critical,True,exposed_wiring|fire_risk,Tenant reports arcing from a general power outlet and a burning odour at the switchboard. Location: Minyerri.
R00586,sms,4,critical,critical,critical,critical,high,critical,True,exposed_wiring,"sparks comin out of the pwr point, minyerri"
R00587,kriol_inf,4,critical,low,high,critical,critical,critical,True,exposed_wiring|fire_risk,"pawa point im sparkin, smok kamat longa Minyerri"
R00588,app_style,4,critical,critical,critical,critical,high,critical,True,exposed_wiring,"wire hanging out of the wall, Ngukurr"
R00589,officer,4,critical,critical,critical,critical,high,critical,True,exposed_wiring|fire_risk,Tenant reports arcing from a general power outlet and a burning odour at the switchboard. Location: Ngukurr.
R00590,sms,4,critical,critical,critical,critical,medium,critical,True,exposed_wiring,"wire hanging out of the wall, ngukurr"
R00591,kriol_inf,4,critical,low,high,critical,critical,critical,True,exposed_wiring|fire_risk,"pawa point im sparkin, smok kamat longa Ngukurr"
R00592,app_style,4,critical,critical,critical,critical,high,critical,True,exposed_wiring,"wire hanging out of the wall, Daguragu"
R00593,officer,4,critical,critical,critical,critical,high,critical,True,exposed_wiring|fire_risk,Tenant reports arcing from a general power outlet and a burning odour at the switchboard. Location: Daguragu.
R00594,sms,4,critical,critical,critical,critical,medium,critical,True,exposed_wiring,"wire hanging out of the wall, daguragu"
R00595,kriol_inf,4,critical,low,high,critical,critical,critical,True,fire_risk,"pawa point im sparkin, smok kamat longa Daguragu"
R00596,app_style,4,critical,critical,critical,high,high,high,True,fire_risk,"burning smell from the switchboard, Kalkarindji"
R00597,officer,4,critical,critical,critical,critical,high,critical,True,exposed_wiring|fire_risk,Tenant reports arcing from a general power outlet and a burning odour at the switchboard. Location: Kalkarindji.
R00598,sms,4,critical,low,high,critical,critical,critical,True,exposed_wiring|fire_risk,"burnin smell from the switchboard, kalkarindji"
R00599,kriol_inf,4,critical,low,high,critical,high,critical,True,fire_risk|exposed_wiring,"pawa point im sparkin, smok kamat longa Kalkarindji"
R00600,app_style,5,critical,critical,critical,critical,high,critical,True,fire_risk|medical_equipment,"power point scorched where the dialysis machine plugs in, Barunga"
R00601,officer,5,critical,critical,critical,critical,critical,critical,True,medical_equipment,Power outlet supplying the resident's oxygen concentrator is scorched. Resident depends on home oxygen. Location: Barunga.
R00602,sms,5,critical,critical,critical,critical,high,critical,True,fire_risk|medical_equipment,"power point scorched where the dialysis machine plugs in, barunga"
R00603,kriol_inf,5,critical,low,high,low,low,high,True,,"pawa point brok wea oksijen masheen plag in, olmen nidim longa Barunga"
R00604,app_style,5,critical,critical,critical,critical,high,critical,True,exposed_wiring|medical_equipment,"sparks from the powerpoint near the oxygen machine, Milingimbi"
R00605,officer,5,critical,critical,critical,critical,critical,critical,True,medical_equipment,Power outlet supplying the resident's oxygen concentrator is scorched. Resident depends on home oxygen. Location: Milingimbi.
R00606,sms,5,critical,critical,critical,high,high,high,True,fire_risk,"sparks from the pwr point near the oxy machine, milingimbi"
R00607,kriol_inf,5,critical,low,high,medium,medium,medium,True,no_water,"pawa point brok wea oksijen masheen plag in, olmen nidim longa Milingimbi"
R00608,app_style,5,critical,critical,critical,critical,high,critical,True,exposed_wiring|medical_equipment,"sparks from the powerpoint near the oxygen machine, Pine Creek"
R00609,officer,5,critical,critical,critical,critical,high,critical,True,medical_equipment,Power outlet supplying the resident's oxygen concentrator is scorched. Resident depends on home oxygen. Location: Pine Creek.
R00610,sms,5,critical,critical,critical,critical,high,critical,True,exposed_wiring|medical_equipment,"sparkn from the pwr point near the oxygen machine, pine creek"
R00611,kriol_inf,5,critical,low,high,low,low,high,True,,"pawa point brok wea oksijen masheen plag in, olmen nidim longa Pine Creek"
R00612,app_style,5,critical,critical,critical,critical,high,critical,True,exposed_wiring|medical_equipment,"sparks from the powerpoint near the oxygen machine, Daly Waters"
R00613,officer,5,critical,critical,critical,critical,critical,critical,True,medical_equipment,Power outlet supplying the resident's oxygen concentrator is scorched. Resident depends on home oxygen. Location: Daly Waters.
R00614,sms,5,critical,critical,critical,critical,high,critical,True,exposed_wiring|medical_equipment,"sparkn from the powerpoint near the oxygen machine, daly waters"
R00615,kriol_inf,5,critical,low,high,high,low,high,True,water_contamination,"pawa point brok wea oksijen masheen plag in, olmen nidim longa Daly Waters"
R00616,app_style,5,critical,critical,critical,high,high,high,True,fire_risk,"power point scorched where the dialysis machine plugs in, Elliott"
R00617,officer,5,critical,critical,critical,critical,critical,critical,True,medical_equipment,Power outlet supplying the resident's oxygen concentrator is scorched. Resident depends on home oxygen. Location: Elliott.
R00618,sms,5,critical,critical,critical,high,high,high,True,fire_risk,"power point scorched where the dialysis machine plugs in, elliott"
R00619,kriol_inf,5,critical,low,high,critical,medium,critical,True,exposed_wiring,"pawa point brok wea oksijen masheen plag in, olmen nidim longa Elliott"
R00620,app_style,5,critical,critical,critical,critical,critical,critical,True,exposed_wiring|medical_equipment,"sparks from the powerpoint near the oxygen machine, Minjilang"
R00621,officer,5,critical,critical,critical,critical,high,critical,True,fire_risk|medical_equipment,Power outlet supplying the resident's oxygen concentrator is scorched. Resident depends on home oxygen. Location: Minjilang.
R00622,sms,5,critical,low,high,high,high,high,True,fire_risk,"sparkn from the pwr point near the oxy machine, minjilang"
R00623,kriol_inf,5,critical,low,high,critical,medium,critical,True,medical_equipment,"pawa point brok wea oksijen masheen plag in, olmen nidim longa Minjilang"
R00624,app_style,5,critical,critical,critical,critical,high,critical,True,fire_risk|medical_equipment,"sparks from the powerpoint near the oxygen machine, Minyerri"
R00625,officer,5,critical,critical,critical,critical,high,critical,True,medical_equipment,Power outlet supplying the resident's oxygen concentrator is scorched. Resident depends on home oxygen. Location: Minyerri.
R00626,sms,5,critical,low,high,high,high,high,True,fire_risk,"sparkn from the pwr point near the oxy machine, minyerri"
R00627,kriol_inf,5,critical,low,high,medium,medium,medium,True,no_cooling_extreme_heat,"pawa point brok wea oksijen masheen plag in, olmen nidim longa Minyerri"
R00628,app_style,5,critical,critical,critical,critical,high,critical,True,fire_risk|medical_equipment,"power point scorched where the dialysis machine plugs in, Galiwin'ku"
R00629,officer,5,critical,critical,critical,critical,critical,critical,True,exposed_wiring|medical_equipment,Power outlet supplying the resident's oxygen concentrator is scorched. Resident depends on home oxygen. Location: Galiwin'ku.
R00630,sms,5,critical,critical,critical,critical,high,critical,True,fire_risk|medical_equipment,"power point scorched where the dialysis machine plugs in, galiwinku"
R00631,kriol_inf,5,critical,low,high,low,low,high,True,,"pawa point brok wea oksijen masheen plag in, olmen nidim longa Galiwin'ku"
R00632,app_style,5,critical,critical,critical,critical,high,critical,True,exposed_wiring|medical_equipment,"sparks from the powerpoint near the oxygen machine, Papunya"
R00633,officer,5,critical,critical,critical,critical,critical,critical,True,medical_equipment,Power outlet supplying the resident's oxygen concentrator is scorched. Resident depends on home oxygen. Location: Papunya.
R00634,sms,5,critical,low,high,critical,high,critical,True,exposed_wiring|fire_risk,"sparkn from the pwr point near the oxy machine, papunya"
R00635,kriol_inf,5,critical,low,high,low,low,high,True,,"pawa point brok wea oksijen masheen plag in, olmen nidim longa Papunya"
R00636,app_style,5,critical,critical,critical,high,high,high,True,fire_risk,"power point scorched where the dialysis machine plugs in, Elliott"
R00637,officer,5,critical,critical,critical,critical,critical,critical,True,medical_equipment,Power outlet supplying the resident's oxygen concentrator is scorched. Resident depends on home oxygen. Location: Elliott.
R00638,sms,5,critical,critical,critical,high,high,high,True,fire_risk,"power point scorched where the dialysis machine plugs in, elliott"
R00639,kriol_inf,5,critical,low,high,critical,medium,critical,True,exposed_wiring,"pawa point brok wea oksijen masheen plag in, olmen nidim longa Elliott"
R00640,app_style,5,critical,critical,critical,critical,high,critical,True,exposed_wiring|medical_equipment,"sparks from the powerpoint near the oxygen machine, Gapuwiyak"
R00641,officer,5,critical,critical,critical,critical,high,critical,True,medical_equipment,Power outlet supplying the resident's oxygen concentrator is scorched. Resident depends on home oxygen. Location: Gapuwiyak.
R00642,sms,5,critical,low,high,high,high,high,True,fire_risk,"sparkn from the pwr point near the oxy machine, gapuwiyak"
R00643,kriol_inf,5,critical,low,high,critical,medium,critical,True,exposed_wiring,"pawa point brok wea oksijen masheen plag in, olmen nidim longa Gapuwiyak"
R00644,app_style,5,critical,critical,critical,critical,critical,critical,True,exposed_wiring|medical_equipment,"sparks from the powerpoint near the oxygen machine, Mutitjulu"
R00645,officer,5,critical,critical,critical,critical,high,critical,True,exposed_wiring|medical_equipment,Power outlet supplying the resident's oxygen concentrator is scorched. Resident depends on home oxygen. Location: Mutitjulu.
R00646,sms,5,critical,critical,critical,high,high,high,True,fire_risk,"sparks from the powerpoint near the oxy machine, mutitjulu"
R00647,kriol_inf,5,critical,low,high,medium,medium,high,True,,"pawa point brok wea oksijen masheen plag in, olmen nidim longa Mutitjulu"
R00648,app_style,5,critical,critical,critical,critical,high,critical,True,exposed_wiring|medical_equipment,"sparks from the powerpoint near the oxygen machine, Elliott"
R00649,officer,5,critical,critical,critical,critical,critical,critical,True,medical_equipment,Power outlet supplying the resident's oxygen concentrator is scorched. Resident depends on home oxygen. Location: Elliott.
R00650,sms,5,critical,critical,critical,critical,high,critical,True,exposed_wiring|medical_equipment,"sparkn from the powerpoint near the oxygen machine, elliott"
R00651,kriol_inf,5,critical,low,high,critical,medium,critical,True,exposed_wiring,"pawa point brok wea oksijen masheen plag in, olmen nidim longa Elliott"
R00652,app_style,5,critical,critical,critical,critical,high,critical,True,exposed_wiring|medical_equipment,"sparks from the powerpoint near the oxygen machine, Daly Waters"
R00653,officer,5,critical,critical,critical,critical,critical,critical,True,medical_equipment,Power outlet supplying the resident's oxygen concentrator is scorched. Resident depends on home oxygen. Location: Daly Waters.
R00654,sms,5,critical,critical,critical,high,high,high,True,fire_risk,"sparks from the pwr point near the oxy machine, daly waters"
R00655,kriol_inf,5,critical,low,high,high,low,high,True,water_contamination,"pawa point brok wea oksijen masheen plag in, olmen nidim longa Daly Waters"
R00656,app_style,5,critical,critical,critical,critical,high,critical,True,exposed_wiring|medical_equipment,"sparks from the powerpoint near the oxygen machine, Barunga"
R00657,officer,5,critical,critical,critical,critical,critical,critical,True,medical_equipment,Power outlet supplying the resident's oxygen concentrator is scorched. Resident depends on home oxygen. Location: Barunga.
R00658,sms,5,critical,critical,critical,high,high,high,True,fire_risk,"sparks from the pwr point near the oxy machine, barunga"
R00659,kriol_inf,5,critical,low,high,low,low,high,True,,"pawa point brok wea oksijen masheen plag in, olmen nidim longa Barunga"
R00660,app_style,5,critical,critical,critical,critical,high,critical,True,fire_risk|medical_equipment,"power point scorched where the dialysis machine plugs in, Yuendumu"
R00661,officer,5,critical,critical,critical,critical,high,critical,True,fire_risk|medical_equipment,Power outlet supplying the resident's oxygen concentrator is scorched. Resident depends on home oxygen. Location: Yuendumu.
R00662,sms,5,critical,critical,critical,critical,high,critical,True,fire_risk|medical_equipment,"power point scorched where the dialysis machine plugs in, yuendumu"
R00663,kriol_inf,5,critical,low,high,critical,medium,critical,True,medical_equipment,"pawa point brok wea oksijen masheen plag in, olmen nidim longa Yuendumu"
R00664,app_style,5,critical,critical,critical,critical,critical,critical,True,exposed_wiring|medical_equipment,"sparks from the powerpoint near the oxygen machine, Mutitjulu"
R00665,officer,5,critical,critical,critical,critical,high,critical,True,exposed_wiring|medical_equipment,Power outlet supplying the resident's oxygen concentrator is scorched. Resident depends on home oxygen. Location: Mutitjulu.
R00666,sms,5,critical,critical,critical,critical,high,critical,True,exposed_wiring|medical_equipment|fire_risk,"sparkn from the pwr point near the oxygen machine, mutitjulu"
R00667,kriol_inf,5,critical,low,high,medium,medium,high,True,,"pawa point brok wea oksijen masheen plag in, olmen nidim longa Mutitjulu"
R00668,app_style,5,critical,critical,critical,critical,high,critical,True,fire_risk|medical_equipment,"power point scorched where the dialysis machine plugs in, Tennant Creek"
R00669,officer,5,critical,critical,critical,critical,high,critical,True,medical_equipment,Power outlet supplying the resident's oxygen concentrator is scorched. Resident depends on home oxygen. Location: Tennant Creek.
R00670,sms,5,critical,critical,critical,critical,high,critical,True,fire_risk|medical_equipment,"power point scorched where the dialysis machine plugs in, tennant creek"
R00671,kriol_inf,5,critical,low,high,critical,medium,critical,True,exposed_wiring,"pawa point brok wea oksijen masheen plag in, olmen nidim longa Tennant Creek"
R00672,app_style,5,critical,critical,critical,critical,high,critical,True,fire_risk|medical_equipment,"power point scorched where the dialysis machine plugs in, Gapuwiyak"
R00673,officer,5,critical,critical,critical,critical,high,critical,True,medical_equipment,Power outlet supplying the resident's oxygen concentrator is scorched. Resident depends on home oxygen. Location: Gapuwiyak.
R00674,sms,5,critical,critical,critical,critical,high,critical,True,fire_risk|medical_equipment,"power point scorched where the dialysis machine plugs in, gapuwiyak"
R00675,kriol_inf,5,critical,low,high,critical,medium,critical,True,exposed_wiring,"pawa point brok wea oksijen masheen plag in, olmen nidim longa Gapuwiyak"
R00676,app_style,5,critical,critical,critical,critical,high,critical,True,fire_risk|medical_equipment,"power point scorched where the dialysis machine plugs in, Mutitjulu"
R00677,officer,5,critical,critical,critical,critical,high,critical,True,exposed_wiring|medical_equipment,Power outlet supplying the resident's oxygen concentrator is scorched. Resident depends on home oxygen. Location: Mutitjulu.
R00678,sms,5,critical,critical,critical,critical,high,critical,True,fire_risk|medical_equipment,"power point scorched where the dialysis machine plugs in, mutitjulu"
R00679,kriol_inf,5,critical,low,high,medium,medium,high,True,,"pawa point brok wea oksijen masheen plag in, olmen nidim longa Mutitjulu"
R00680,app_style,5,critical,critical,critical,critical,high,critical,True,fire_risk|medical_equipment,"power point scorched where the dialysis machine plugs in, Umbakumba"
R00681,officer,5,critical,critical,critical,critical,high,critical,True,medical_equipment,Power outlet supplying the resident's oxygen concentrator is scorched. Resident depends on home oxygen. Location: Umbakumba.
R00682,sms,5,critical,critical,critical,critical,high,critical,True,fire_risk|medical_equipment,"power point scorched where the dialysis machine plugs in, umbakumba"
R00683,kriol_inf,5,critical,low,high,low,low,high,True,,"pawa point brok wea oksijen masheen plag in, olmen nidim longa Umbakumba"
R00684,app_style,5,critical,critical,critical,critical,high,critical,True,fire_risk|medical_equipment,"power point scorched where the dialysis machine plugs in, Maningrida"
R00685,officer,5,critical,critical,critical,critical,high,critical,True,fire_risk|medical_equipment,Power outlet supplying the resident's oxygen concentrator is scorched. Resident depends on home oxygen. Location: Maningrida.
R00686,sms,5,critical,critical,critical,high,high,high,True,fire_risk,"power point scorched where the dialysis machine plugs in, maningrida"
R00687,kriol_inf,5,critical,low,high,low,low,high,True,,"pawa point brok wea oksijen masheen plag in, olmen nidim longa Maningrida"
R00688,app_style,5,critical,critical,critical,critical,high,critical,True,fire_risk|medical_equipment,"power point scorched where the dialysis machine plugs in, Pirlangimpi"
R00689,officer,5,critical,critical,critical,critical,high,critical,True,fire_risk|medical_equipment,Power outlet supplying the resident's oxygen concentrator is scorched. Resident depends on home oxygen. Location: Pirlangimpi.
R00690,sms,5,critical,critical,critical,critical,high,critical,True,fire_risk|medical_equipment,"power point scorched where the dialysis machine plugs in, pirlangimpi"
R00691,kriol_inf,5,critical,low,high,critical,medium,critical,True,exposed_wiring,"pawa point brok wea oksijen masheen plag in, olmen nidim longa Pirlangimpi"
R00692,app_style,5,critical,critical,critical,critical,high,critical,True,fire_risk|medical_equipment,"power point scorched where the dialysis machine plugs in, Docker River"
R00693,officer,5,critical,critical,critical,critical,critical,critical,True,medical_equipment,Power outlet supplying the resident's oxygen concentrator is scorched. Resident depends on home oxygen. Location: Docker River.
R00694,sms,5,critical,critical,critical,critical,high,critical,True,fire_risk|medical_equipment,"power point scorched where the dialysis machine plugs in, docker river"
R00695,kriol_inf,5,critical,low,high,low,low,high,True,,"pawa point brok wea oksijen masheen plag in, olmen nidim longa Docker River"
R00696,app_style,5,critical,critical,critical,critical,critical,critical,True,exposed_wiring|medical_equipment,"sparks from the powerpoint near the oxygen machine, Yuendumu"
R00697,officer,5,critical,critical,critical,critical,high,critical,True,fire_risk|medical_equipment,Power outlet supplying the resident's oxygen concentrator is scorched. Resident depends on home oxygen. Location: Yuendumu.
R00698,sms,5,critical,medium,high,high,high,high,True,fire_risk,"sparkn from the powerpoint near the oxy machine, yuendumu"
R00699,kriol_inf,5,critical,low,high,critical,medium,critical,True,medical_equipment,"pawa point brok wea oksijen masheen plag in, olmen nidim longa Yuendumu"
R00700,app_style,5,critical,critical,critical,critical,critical,critical,True,fire_risk|medical_equipment,"power point scorched where the dialysis machine plugs in, Peppimenarti"
R00701,officer,5,critical,critical,critical,critical,high,critical,True,fire_risk|medical_equipment,Power outlet supplying the resident's oxygen concentrator is scorched. Resident depends on home oxygen. Location: Peppimenarti.
R00702,sms,5,critical,critical,critical,critical,high,critical,True,fire_risk|medical_equipment,"power point scorched where the dialysis machine plugs in, peppimenarti"
R00703,kriol_inf,5,critical,low,high,critical,medium,critical,True,exposed_wiring,"pawa point brok wea oksijen masheen plag in, olmen nidim longa Peppimenarti"
R00704,app_style,5,critical,critical,critical,critical,high,critical,True,fire_risk|medical_equipment,"power point scorched where the dialysis machine plugs in, Umbakumba"
R00705,officer,5,critical,critical,critical,critical,high,critical,True,medical_equipment,Power outlet supplying the resident's oxygen concentrator is scorched. Resident depends on home oxygen. Location: Umbakumba.
R00706,sms,5,critical,critical,critical,critical,high,critical,True,fire_risk|medical_equipment,"power point scorched where the dialysis machine plugs in, umbakumba"
R00707,kriol_inf,5,critical,low,high,low,low,high,True,,"pawa point brok wea oksijen masheen plag in, olmen nidim longa Umbakumba"
R00708,app_style,5,critical,critical,critical,critical,high,critical,True,exposed_wiring|fire_risk|medical_equipment,"sparks from the powerpoint near the oxygen machine, Docker River"
R00709,officer,5,critical,critical,critical,critical,critical,critical,True,medical_equipment,Power outlet supplying the resident's oxygen concentrator is scorched. Resident depends on home oxygen. Location: Docker River.
R00710,sms,5,critical,critical,critical,critical,high,critical,True,fire_risk|exposed_wiring,"sparks from the pwr point near the oxy machine, docker river"
R00711,kriol_inf,5,critical,low,high,low,low,high,True,,"pawa point brok wea oksijen masheen plag in, olmen nidim longa Docker River"
R00712,app_style,5,critical,critical,critical,critical,high,critical,True,exposed_wiring|medical_equipment,"sparks from the powerpoint near the oxygen machine, Wadeye"
R00713,officer,5,critical,critical,critical,critical,high,critical,True,fire_risk|medical_equipment,Power outlet supplying the resident's oxygen concentrator is scorched. Resident depends on home oxygen. Location: Wadeye.
R00714,sms,5,critical,critical,critical,critical,high,critical,True,fire_risk|medical_equipment,"sparks from the pwr point near the oxygen machine, wadeye"
R00715,kriol_inf,5,critical,low,high,critical,medium,critical,True,exposed_wiring,"pawa point brok wea oksijen masheen plag in, olmen nidim longa Wadeye"
R00716,app_style,5,critical,critical,critical,critical,high,critical,True,exposed_wiring|fire_risk|medical_equipment,"sparks from the powerpoint near the oxygen machine, Tennant Creek"
R00717,officer,5,critical,critical,critical,critical,high,critical,True,medical_equipment,Power outlet supplying the resident's oxygen concentrator is scorched. Resident depends on home oxygen. Location: Tennant Creek.
R00718,sms,5,critical,critical,critical,critical,high,critical,True,exposed_wiring|fire_risk,"sparks from the powerpoint near the oxy machine, tennant creek"
R00719,kriol_inf,5,critical,low,high,critical,medium,critical,True,exposed_wiring,"pawa point brok wea oksijen masheen plag in, olmen nidim longa Tennant Creek"
R00720,app_style,6,medium,medium,high,low,low,high,True,,"powerpoint dead in the lounge, Alyangula"
R00721,officer,6,medium,medium,high,medium,medium,medium,True,fire_risk,Intermittent loss of lighting; circuit breaker tripping. Location: Alyangula.
R00722,sms,6,medium,low,high,low,low,high,True,,"pwr point ded in the lounge, alyangula"
R00723,kriol_inf,6,medium,low,high,low,low,high,True,,lait flikaflika en pawa go off longa Alyangula
R00724,app_style,6,medium,medium,high,low,low,high,True,,"powerpoint dead in the lounge, Darwin"
R00725,officer,6,medium,medium,high,critical,medium,critical,True,exposed_wiring,Intermittent loss of lighting; circuit breaker tripping. Location: Darwin.
R00726,sms,6,medium,medium,high,low,low,high,True,,"powerpoint ded in the lounge, darwin"
R00727,kriol_inf,6,medium,low,high,low,low,high,True,,lait flikaflika en pawa go off longa Darwin
R00728,app_style,6,medium,medium,high,low,low,high,True,,"powerpoint dead in the lounge, Barunga"
R00729,officer,6,medium,medium,high,medium,medium,high,True,,Intermittent loss of lighting; circuit breaker tripping. Location: Barunga.
R00730,sms,6,medium,low,high,low,low,low,True,no_hot_water,"pwr point ded in the lounge, barunga"
R00731,kriol_inf,6,medium,low,high,medium,medium,high,True,,lait flikaflika en pawa go off longa Barunga
R00732,app_style,6,medium,medium,high,low,low,high,True,,"powerpoint dead in the lounge, Ngukurr"
R00733,officer,6,medium,medium,high,medium,medium,medium,True,fire_risk,Intermittent loss of lighting; circuit breaker tripping. Location: Ngukurr.
R00734,sms,6,medium,low,high,medium,medium,medium,True,fire_risk,"pwr point dead in the lounge, ngukurr"
R00735,kriol_inf,6,medium,low,high,low,low,high,True,,lait flikaflika en pawa go off longa Ngukurr
R00736,app_style,6,medium,medium,high,medium,medium,high,True,,"lights flicker and trip the box, Yirrkala"
R00737,officer,6,medium,medium,high,critical,medium,critical,True,exposed_wiring,Intermittent loss of lighting; circuit breaker tripping. Location: Yirrkala.
R00738,sms,6,medium,medium,high,critical,medium,critical,True,exposed_wiring,"lights flicker and trip the box, yirrkala"
R00739,kriol_inf,6,medium,low,high,medium,medium,medium,True,no_hot_water,lait flikaflika en pawa go off longa Yirrkala
R00740,app_style,6,medium,medium,high,low,low,high,True,,"powerpoint dead in the lounge, Minjilang"
R00741,officer,6,medium,medium,high,medium,medium,medium,True,fire_risk,Intermittent loss of lighting; circuit breaker tripping. Location: Minjilang.
R00742,sms,6,medium,low,high,low,low,high,True,,"pwr point ded in the lounge, minjilang"
R00743,kriol_inf,6,medium,low,high,low,low,high,True,,lait flikaflika en pawa go off longa Minjilang
R00744,app_style,6,medium,medium,high,low,low,high,True,,"powerpoint dead in the lounge, Alice Springs"
R00745,officer,6,medium,medium,high,critical,medium,critical,True,exposed_wiring,Intermittent loss of lighting; circuit breaker tripping. Location: Alice Springs.
R00746,sms,6,medium,low,high,low,low,high,True,,"pwr point dead in the lounge, alice springs"
R00747,kriol_inf,6,medium,low,high,low,low,high,True,,lait flikaflika en pawa go off longa Alice Springs
R00748,app_style,6,medium,medium,high,medium,medium,medium,True,fire_risk,"lights flicker and trip the box, Docker River"
R00749,officer,6,medium,medium,high,medium,medium,high,True,,Intermittent loss of lighting; circuit breaker tripping. Location: Docker River.
R00750,sms,6,medium,medium,high,medium,medium,medium,True,fire_risk,"lights flicker and trip the box, docker river"
R00751,kriol_inf,6,medium,low,high,low,low,high,True,,lait flikaflika en pawa go off longa Docker River
R00752,app_style,6,medium,medium,high,critical,medium,critical,True,exposed_wiring,"no power in the back rooms, Daguragu"
R00753,officer,6,medium,medium,high,critical,medium,critical,True,exposed_wiring,Intermittent loss of lighting; circuit breaker tripping. Location: Daguragu.
R00754,sms,6,medium,medium,high,medium,medium,medium,True,fire_risk,"no power in the back rooms, daguragu"
R00755,kriol_inf,6,medium,low,high,low,low,high,True,,lait flikaflika en pawa go off longa Daguragu
R00756,app_style,6,medium,medium,high,critical,medium,critical,True,exposed_wiring,"no power in the back rooms, Palumpa"
R00757,officer,6,medium,medium,high,medium,medium,medium,True,fire_risk,Intermittent loss of lighting; circuit breaker tripping. Location: Palumpa.
R00758,sms,6,medium,medium,high,critical,medium,critical,True,exposed_wiring,"no power in the back rooms, palumpa"
R00759,kriol_inf,6,medium,low,high,low,low,high,True,,lait flikaflika en pawa go off longa Palumpa
R00760,app_style,6,medium,medium,high,low,low,high,True,,"powerpoint dead in the lounge, Palmerston"
R00761,officer,6,medium,medium,high,medium,medium,medium,True,fire_risk,Intermittent loss of lighting; circuit breaker tripping. Location: Palmerston.
R00762,sms,6,medium,low,high,medium,medium,high,True,,"pwr point ded in the lounge, palmerston"
R00763,kriol_inf,6,medium,low,high,low,low,high,True,,lait flikaflika en pawa go off longa Palmerston
R00764,app_style,6,medium,medium,high,medium,medium,medium,True,no_hot_water,"no power in the back rooms, Batchelor"
R00765,officer,6,medium,medium,high,medium,medium,medium,True,fire_risk,Intermittent loss of lighting; circuit breaker tripping. Location: Batchelor.
R00766,sms,6,medium,medium,high,critical,medium,critical,True,exposed_wiring,"no power in the back rooms, batchelor"
R00767,kriol_inf,6,medium,low,high,low,low,high,True,,lait flikaflika en pawa go off longa Batchelor
R00768,app_style,6,medium,medium,high,medium,medium,medium,True,no_hot_water,"no power in the back rooms, Katherine"
R00769,officer,6,medium,medium,high,critical,medium,critical,True,exposed_wiring,Intermittent loss of lighting; circuit breaker tripping. Location: Katherine.
R00770,sms,6,medium,medium,high,medium,medium,medium,True,fire_risk,"no power in the back rooms, katherine"
R00771,kriol_inf,6,medium,low,high,low,low,high,True,,lait flikaflika en pawa go off longa Katherine
R00772,app_style,6,medium,medium,high,medium,medium,high,True,,"lights flicker and trip the box, Milingimbi"
R00773,officer,6,medium,medium,high,medium,medium,medium,True,fire_risk,Intermittent loss of lighting; circuit breaker tripping. Location: Milingimbi.
R00774,sms,6,medium,medium,high,medium,medium,medium,True,fire_risk,"lights flicker and trip the box, milingimbi"
R00775,kriol_inf,6,medium,low,high,low,low,low,True,no_hot_water,lait flikaflika en pawa go off longa Milingimbi
R00776,app_style,6,medium,medium,high,medium,medium,medium,True,no_hot_water,"no power in the back rooms, Gapuwiyak"
R00777,officer,6,medium,medium,high,critical,medium,critical,True,exposed_wiring,Intermittent loss of lighting; circuit breaker tripping. Location: Gapuwiyak.
R00778,sms,6,medium,medium,high,medium,medium,medium,True,fire_risk,"no power in the back rooms, gapuwiyak"
R00779,kriol_inf,6,medium,low,high,low,low,high,True,,lait flikaflika en pawa go off longa Gapuwiyak
R00780,app_style,6,medium,medium,high,medium,medium,medium,True,fire_risk,"lights flicker and trip the box, Gunbalanya"
R00781,officer,6,medium,medium,high,critical,medium,critical,True,exposed_wiring|fire_risk,Intermittent loss of lighting; circuit breaker tripping. Location: Gunbalanya.
R00782,sms,6,medium,medium,high,critical,medium,critical,True,exposed_wiring,"lights flicker and trip the box, gunbalanya"
R00783,kriol_inf,6,medium,low,high,low,low,high,True,,lait flikaflika en pawa go off longa Gunbalanya
R00784,app_style,6,medium,medium,high,medium,medium,medium,True,fire_risk,"lights flicker and trip the box, Darwin"
R00785,officer,6,medium,medium,high,critical,medium,critical,True,exposed_wiring,Intermittent loss of lighting; circuit breaker tripping. Location: Darwin.
R00786,sms,6,medium,medium,high,critical,medium,critical,True,exposed_wiring,"lights flicker and trip the box, darwin"
R00787,kriol_inf,6,medium,low,high,low,low,high,True,,lait flikaflika en pawa go off longa Darwin
R00788,app_style,6,medium,medium,high,low,low,high,True,,"powerpoint dead in the lounge, Wadeye"
R00789,officer,6,medium,medium,high,medium,medium,medium,True,fire_risk,Intermittent loss of lighting; circuit breaker tripping. Location: Wadeye.
R00790,sms,6,medium,low,high,critical,medium,critical,True,exposed_wiring,"pwr point ded in the lounge, wadeye"
R00791,kriol_inf,6,medium,low,high,medium,medium,medium,True,no_hot_water,lait flikaflika en pawa go off longa Wadeye
R00792,app_style,6,medium,medium,high,low,low,high,True,,"powerpoint dead in the lounge, Umbakumba"
R00793,officer,6,medium,medium,high,medium,medium,medium,True,fire_risk,Intermittent loss of lighting; circuit breaker tripping. Location: Umbakumba.
R00794,sms,6,medium,medium,high,low,low,low,True,no_hot_water,"powerpoint ded in the lounge, umbakumba"
R00795,kriol_inf,6,medium,low,high,low,low,high,True,,lait flikaflika en pawa go off longa Umbakumba
R00796,app_style,6,medium,medium,high,low,low,high,True,,"powerpoint dead in the lounge, Minyerri"
R00797,officer,6,medium,medium,high,medium,medium,medium,True,fire_risk,Intermittent loss of lighting; circuit breaker tripping. Location: Minyerri.
R00798,sms,6,medium,low,high,low,low,high,True,,"pwr point ded in the lounge, minyerri"
R00799,kriol_inf,6,medium,low,high,low,low,high,True,,lait flikaflika en pawa go off longa Minyerri
R00800,app_style,6,medium,medium,high,low,low,high,True,,"powerpoint dead in the lounge, Palmerston"
R00801,officer,6,medium,medium,high,medium,medium,medium,True,fire_risk,Intermittent loss of lighting; circuit breaker tripping. Location: Palmerston.
R00802,sms,6,medium,low,high,medium,medium,high,True,,"pwr point ded in the lounge, palmerston"
R00803,kriol_inf,6,medium,low,high,low,low,high,True,,lait flikaflika en pawa go off longa Palmerston
R00804,app_style,6,medium,medium,high,medium,medium,medium,True,fire_risk,"no power in the back rooms, Minyerri"
R00805,officer,6,medium,medium,high,medium,medium,medium,True,fire_risk,Intermittent loss of lighting; circuit breaker tripping. Location: Minyerri.
R00806,sms,6,medium,medium,high,medium,medium,medium,True,fire_risk,"no power in the back rooms, minyerri"
R00807,kriol_inf,6,medium,low,high,low,low,high,True,,lait flikaflika en pawa go off longa Minyerri
R00808,app_style,6,medium,medium,high,medium,medium,medium,True,no_hot_water,"no power in the back rooms, Tennant Creek"
R00809,officer,6,medium,medium,high,critical,medium,critical,True,exposed_wiring,Intermittent loss of lighting; circuit breaker tripping. Location: Tennant Creek.
R00810,sms,6,medium,medium,high,medium,medium,medium,True,fire_risk,"no power in the back rooms, tennant creek"
R00811,kriol_inf,6,medium,low,high,low,low,high,True,,lait flikaflika en pawa go off longa Tennant Creek
R00812,app_style,6,medium,medium,high,medium,medium,medium,True,fire_risk,"no power in the back rooms, Wadeye"
R00813,officer,6,medium,medium,high,medium,medium,medium,True,fire_risk,Intermittent loss of lighting; circuit breaker tripping. Location: Wadeye.
R00814,sms,6,medium,medium,high,medium,medium,high,True,,"no power in the back rooms, wadeye"
R00815,kriol_inf,6,medium,low,high,medium,medium,medium,True,no_hot_water,lait flikaflika en pawa go off longa Wadeye
R00816,app_style,6,medium,medium,high,critical,low,critical,True,exposed_wiring,"powerpoint dead in the lounge, Humpty Doo"
R00817,officer,6,medium,medium,high,critical,medium,critical,True,exposed_wiring|fire_risk,Intermittent loss of lighting; circuit breaker tripping. Location: Humpty Doo.
R00818,sms,6,medium,low,high,medium,medium,medium,True,no_hot_water,"pwr point ded in the lounge, humpty doo"
R00819,kriol_inf,6,medium,low,high,low,low,high,True,,lait flikaflika en pawa go off longa Humpty Doo
R00820,app_style,6,medium,medium,high,critical,medium,critical,True,exposed_wiring,"powerpoint dead in the lounge, Katherine"
R00821,officer,6,medium,medium,high,critical,medium,critical,True,exposed_wiring,Intermittent loss of lighting; circuit breaker tripping. Location: Katherine.
R00822,sms,6,medium,low,high,low,low,low,True,no_hot_water,"pwr point ded in the lounge, katherine"
R00823,kriol_inf,6,medium,low,high,low,low,high,True,,lait flikaflika en pawa go off longa Katherine
R00824,app_style,6,medium,medium,high,low,low,high,True,,"powerpoint dead in the lounge, Pine Creek"
R00825,officer,6,medium,medium,high,medium,medium,medium,True,fire_risk,Intermittent loss of lighting; circuit breaker tripping. Location: Pine Creek.
R00826,sms,6,medium,low,high,low,low,high,True,,"pwr point dead in the lounge, pine creek"
R00827,kriol_inf,6,medium,low,high,low,low,high,True,,lait flikaflika en pawa go off longa Pine Creek
R00828,app_style,6,medium,medium,high,low,low,high,True,,"powerpoint dead in the lounge, Tennant Creek"
R00829,officer,6,medium,medium,high,critical,medium,critical,True,exposed_wiring,Intermittent loss of lighting; circuit breaker tripping. Location: Tennant Creek.
R00830,sms,6,medium,low,high,low,low,high,True,,"pwr point dead in the lounge, tennant creek"
R00831,kriol_inf,6,medium,low,high,low,low,high,True,,lait flikaflika en pawa go off longa Tennant Creek
R00832,app_style,6,medium,medium,high,medium,medium,medium,True,fire_risk,"lights flicker and trip the box, Robinson River"
R00833,officer,6,medium,medium,high,medium,medium,medium,True,fire_risk,Intermittent loss of lighting; circuit breaker tripping. Location: Robinson River.
R00834,sms,6,medium,medium,high,medium,medium,medium,True,fire_risk,"lights flicker and trip the box, robinson river"
R00835,kriol_inf,6,medium,low,high,low,low,high,True,,lait flikaflika en pawa go off longa Robinson River
R00836,app_style,6,medium,medium,high,medium,medium,medium,True,fire_risk,"no power in the back rooms, Pirlangimpi"
R00837,officer,6,medium,medium,high,medium,medium,medium,True,fire_risk,Intermittent loss of lighting; circuit breaker tripping. Location: Pirlangimpi.
R00838,sms,6,medium,medium,high,medium,medium,medium,True,fire_risk,"no power in the back rooms, pirlangimpi"
R00839,kriol_inf,6,medium,low,high,low,low,high,True,,lait flikaflika en pawa go off longa Pirlangimpi
R00840,app_style,7,critical,critical,critical,critical,high,critical,True,structural,"roof caving over the bedroom, got a baby here, Angurugu"
R00841,officer,7,critical,critical,critical,critical,high,critical,True,structural,Storm damage: ceiling sagging above the children's bedroom and roof leaking. Location: Angurugu.
R00842,sms,7,critical,medium,high,critical,medium,critical,True,structural,"roof cavin over the bedroom, got a bub here, angurugu"
R00843,kriol_inf,7,critical,low,high,critical,medium,critical,True,structural,"ruf lik ola wota la biginini bed, siling im go down longa Angurugu"
R00844,app_style,7,critical,critical,critical,critical,critical,critical,True,structural,"ceiling caving in above the children, got a baby here, Alyangula"
R00845,officer,7,critical,critical,critical,critical,high,critical,True,structural|no_water,Storm damage: ceiling sagging above the children's bedroom and roof leaking. Location: Alyangula.
R00846,sms,7,critical,low,high,medium,medium,high,True,,"cieling cavin in above the chldrn, got a bub here, alyangula"
R00847,kriol_inf,7,critical,low,high,critical,medium,critical,True,structural,"ruf lik ola wota la biginini bed, siling im go down longa Alyangula"
R00848,app_style,7,critical,critical,critical,critical,high,critical,True,structural|no_water,"roof is leaking right over my kids bed and the ceiling is sagging, got a baby here, Yuendumu"
R00849,officer,7,critical,critical,critical,critical,high,critical,True,structural|no_water,Storm damage: ceiling sagging above the children's bedroom and roof leaking. Location: Yuendumu.
R00850,sms,7,critical,medium,high,critical,high,critical,True,structural|no_water,"roof is leakin right over my kidz bed and the ceiling is saggin, got a bub here, yuendumu"
R00851,kriol_inf,7,critical,low,high,critical,medium,critical,True,structural,"ruf lik ola wota la biginini bed, siling im go down longa Yuendumu"
R00852,app_style,7,critical,critical,critical,critical,high,critical,True,structural,"ceiling caving in above the children, got a baby here, Kalkarindji"
R00853,officer,7,critical,critical,critical,critical,high,critical,True,structural,Storm damage: ceiling sagging above the children's bedroom and roof leaking. Location: Kalkarindji.
R00854,sms,7,critical,critical,critical,critical,critical,critical,True,structural|child_safety,"cieling caving in above the children, got a bub here, kalkarindji"
R00855,kriol_inf,7,critical,low,high,critical,medium,critical,True,structural,"ruf lik ola wota la biginini bed, siling im go down longa Kalkarindji"
R00856,app_style,7,critical,critical,critical,critical,high,critical,True,structural|no_water,"roof is leaking right over my kids bed and the ceiling is sagging, got a baby here, Yuendumu"
R00857,officer,7,critical,critical,critical,critical,high,critical,True,structural|no_water,Storm damage: ceiling sagging above the children's bedroom and roof leaking. Location: Yuendumu.
R00858,sms,7,critical,medium,high,critical,medium,critical,True,structural,"roof is leaking right over my kidz bed and the cieling is saggin, got a baby here, yuendumu"
R00859,kriol_inf,7,critical,low,high,critical,medium,critical,True,structural,"ruf lik ola wota la biginini bed, siling im go down longa Yuendumu"
R00860,app_style,7,critical,critical,critical,medium,medium,high,True,,"roof is leaking right over my kids bed and the ceiling is sagging, got a baby here, Mataranka"
R00861,officer,7,critical,critical,critical,critical,high,critical,True,structural|no_water,Storm damage: ceiling sagging above the children's bedroom and roof leaking. Location: Mataranka.
R00862,sms,7,critical,critical,critical,critical,medium,critical,True,structural,"roof is leakin right over my kidz bed and the cieling is sagging, got a baby here, mataranka"
R00863,kriol_inf,7,critical,low,high,medium,medium,high,True,,"ruf lik ola wota la biginini bed, siling im go down longa Mataranka"
R00864,app_style,7,critical,critical,critical,critical,critical,critical,True,structural,"ceiling caving in above the children, got a baby here, Pine Creek"
R00865,officer,7,critical,critical,critical,critical,medium,critical,True,structural,Storm damage: ceiling sagging above the children's bedroom and roof leaking. Location: Pine Creek.
R00866,sms,7,critical,medium,high,low,low,high,True,,"ceiling cavin in above the chldrn, got a bub here, pine creek"
R00867,kriol_inf,7,critical,low,high,critical,medium,critical,True,structural,"ruf lik ola wota la biginini bed, siling im go down longa Pine Creek"
R00868,app_style,7,critical,critical,critical,critical,medium,critical,True,structural,"roof is leaking right over my kids bed and the ceiling is sagging, got a baby here, Maningrida"
R00869,officer,7,critical,critical,critical,critical,medium,critical,True,structural|no_water,Storm damage: ceiling sagging above the children's bedroom and roof leaking. Location: Maningrida.
R00870,sms,7,critical,medium,high,critical,medium,critical,True,structural,"roof is leakin right over my kids bed and the ceiling is saggin, got a baby here, maningrida"
R00871,kriol_inf,7,critical,low,high,critical,medium,critical,True,structural,"ruf lik ola wota la biginini bed, siling im go down longa Maningrida"
R00872,app_style,7,critical,critical,critical,critical,high,critical,True,structural,"roof caving over the bedroom, got a baby here, Lajamanu"
R00873,officer,7,critical,critical,critical,critical,high,critical,True,structural|no_water,Storm damage: ceiling sagging above the children's bedroom and roof leaking. Location: Lajamanu.
R00874,sms,7,critical,medium,high,critical,medium,critical,True,structural|water_contamination,"roof cavin over the bedroom, got a bub here, lajamanu"
R00875,kriol_inf,7,critical,low,high,critical,medium,critical,True,structural,"ruf lik ola wota la biginini bed, siling im go down longa Lajamanu"
R00876,app_style,7,critical,critical,critical,critical,high,critical,True,structural,"roof caving over the bedroom, got a baby here, Adelaide River"
R00877,officer,7,critical,critical,critical,critical,medium,critical,True,structural|no_water,Storm damage: ceiling sagging above the children's bedroom and roof leaking. Location: Adelaide River.
R00878,sms,7,critical,medium,high,medium,medium,medium,True,no_water,"roof cavin over the bedroom, got a bub here, adelaide river"
R00879,kriol_inf,7,critical,low,high,critical,medium,critical,True,structural,"ruf lik ola wota la biginini bed, siling im go down longa Adelaide River"
R00880,app_style,7,critical,critical,critical,critical,critical,critical,True,structural,"ceiling caving in above the children, got a baby here, Peppimenarti"
R00881,officer,7,critical,critical,critical,critical,medium,critical,True,structural,Storm damage: ceiling sagging above the children's bedroom and roof leaking. Location: Peppimenarti.
R00882,sms,7,critical,low,high,critical,medium,critical,True,no_water,"cieling cavin in above the chldrn, got a bub here, peppimenarti"
R00883,kriol_inf,7,critical,low,high,critical,medium,critical,True,structural,"ruf lik ola wota la biginini bed, siling im go down longa Peppimenarti"
R00884,app_style,7,critical,critical,critical,critical,critical,critical,True,structural,"ceiling caving in above the children, got a baby here, Numbulwar"
R00885,officer,7,critical,critical,critical,critical,high,critical,True,structural|no_water,Storm damage: ceiling sagging above the children's bedroom and roof leaking. Location: Numbulwar.
R00886,sms,7,critical,critical,critical,critical,high,critical,True,structural,"cieling caving in above the chldrn, got a bub here, numbulwar"
R00887,kriol_inf,7,critical,low,high,high,medium,high,True,water_contamination,"ruf lik ola wota la biginini bed, siling im go down longa Numbulwar"
R00888,app_style,7,critical,critical,critical,critical,high,critical,True,structural,"roof is leaking right over my kids bed and the ceiling is sagging, got a baby here, Daly Waters"
R00889,officer,7,critical,critical,critical,critical,medium,critical,True,structural|no_water,Storm damage: ceiling sagging above the children's bedroom and roof leaking. Location: Daly Waters.
R00890,sms,7,critical,critical,critical,critical,medium,critical,True,structural|water_contamination,"roof is leakin right over my kidz bed and the ceiling is sagging, got a bub here, daly waters"
R00891,kriol_inf,7,critical,low,high,critical,medium,critical,True,structural,"ruf lik ola wota la biginini bed, siling im go down longa Daly Waters"
R00892,app_style,7,critical,critical,critical,critical,medium,critical,True,structural,"roof is leaking right over my kids bed and the ceiling is sagging, got a baby here, Pine Creek"
R00893,officer,7,critical,critical,critical,critical,medium,critical,True,structural,Storm damage: ceiling sagging above the children's bedroom and roof leaking. Location: Pine Creek.
R00894,sms,7,critical,critical,critical,critical,medium,critical,True,structural|no_water,"roof is leakin right over my kids bed and the cieling is sagging, got a bub here, pine creek"
R00895,kriol_inf,7,critical,low,high,critical,medium,critical,True,structural,"ruf lik ola wota la biginini bed, siling im go down longa Pine Creek"
R00896,app_style,7,critical,critical,critical,critical,high,critical,True,structural,"ceiling caving in above the children, got a baby here, Lajamanu"
R00897,officer,7,critical,critical,critical,critical,high,critical,True,structural|no_water,Storm damage: ceiling sagging above the children's bedroom and roof leaking. Location: Lajamanu.
R00898,sms,7,critical,critical,critical,critical,high,critical,True,structural,"ceiling caving in above the chldrn, got a bub here, lajamanu"
R00899,kriol_inf,7,critical,low,high,critical,medium,critical,True,structural,"ruf lik ola wota la biginini bed, siling im go down longa Lajamanu"
R00900,app_style,7,critical,critical,critical,critical,critical,critical,True,structural,"ceiling caving in above the children, got a baby here, Robinson River"
R00901,officer,7,critical,critical,critical,critical,high,critical,True,structural,Storm damage: ceiling sagging above the children's bedroom and roof leaking. Location: Robinson River.
R00902,sms,7,critical,low,high,critical,medium,critical,True,structural,"cieling cavin in above the chldrn, got a bub here, robinson river"
R00903,kriol_inf,7,critical,low,high,medium,medium,medium,True,no_water,"ruf lik ola wota la biginini bed, siling im go down longa Robinson River"
R00904,app_style,7,critical,critical,critical,critical,high,critical,True,structural,"roof is leaking right over my kids bed and the ceiling is sagging, got a baby here, Ti Tree"
R00905,officer,7,critical,critical,critical,critical,high,critical,True,structural,Storm damage: ceiling sagging above the children's bedroom and roof leaking. Location: Ti Tree.
R00906,sms,7,critical,critical,critical,critical,medium,critical,True,structural,"roof is leakin right over my kidz bed and the cieling is sagging, got a bub here, ti tree"
R00907,kriol_inf,7,critical,low,high,medium,medium,high,True,,"ruf lik ola wota la biginini bed, siling im go down longa Ti Tree"
R00908,app_style,7,critical,critical,critical,critical,high,critical,True,structural,"roof is leaking right over my kids bed and the ceiling is sagging, got a baby here, Darwin"
R00909,officer,7,critical,critical,critical,critical,medium,critical,True,structural,Storm damage: ceiling sagging above the children's bedroom and roof leaking. Location: Darwin.
R00910,sms,7,critical,medium,high,critical,medium,critical,True,structural|no_water,"roof is leakin right over my kidz bed and the cieling is saggin, got a bub here, darwin"
R00911,kriol_inf,7,critical,low,high,critical,medium,critical,True,structural,"ruf lik ola wota la biginini bed, siling im go down longa Darwin"
R00912,app_style,7,critical,critical,critical,critical,medium,critical,True,structural,"roof is leaking right over my kids bed and the ceiling is sagging, got a baby here, Palmerston"
R00913,officer,7,critical,critical,critical,critical,high,critical,True,structural,Storm damage: ceiling sagging above the children's bedroom and roof leaking. Location: Palmerston.
R00914,sms,7,critical,medium,high,critical,medium,critical,True,structural|no_water,"roof is leaking right over my kidz bed and the cieling is saggin, got a bub here, palmerston"
R00915,kriol_inf,7,critical,low,high,medium,medium,high,True,,"ruf lik ola wota la biginini bed, siling im go down longa Palmerston"
R00916,app_style,7,critical,critical,critical,critical,high,critical,True,structural,"roof caving over the bedroom, got a baby here, Beswick"
R00917,officer,7,critical,critical,critical,critical,medium,critical,True,structural,Storm damage: ceiling sagging above the children's bedroom and roof leaking. Location: Beswick.
R00918,sms,7,critical,medium,high,medium,medium,high,True,,"roof cavin over the bedroom, got a baby here, beswick"
R00919,kriol_inf,7,critical,low,high,critical,medium,critical,True,structural,"ruf lik ola wota la biginini bed, siling im go down longa Beswick"
R00920,app_style,7,critical,critical,critical,critical,critical,critical,True,structural,"roof caving over the bedroom, got a baby here, Mataranka"
R00921,officer,7,critical,critical,critical,critical,high,critical,True,structural|no_water,Storm damage: ceiling sagging above the children's bedroom and roof leaking. Location: Mataranka.
R00922,sms,7,critical,medium,high,critical,medium,critical,True,structural,"roof cavin over the bedroom, got a bub here, mataranka"
R00923,kriol_inf,7,critical,low,high,medium,medium,high,True,,"ruf lik ola wota la biginini bed, siling im go down longa Mataranka"
R00924,app_style,7,critical,critical,critical,critical,high,critical,True,structural,"ceiling caving in above the children, got a baby here, Palmerston"
R00925,officer,7,critical,critical,critical,critical,high,critical,True,structural,Storm damage: ceiling sagging above the children's bedroom and roof leaking. Location: Palmerston.
R00926,sms,7,critical,critical,critical,critical,critical,critical,True,structural,"cieling caving in above the chldrn, got a baby here, palmerston"
R00927,kriol_inf,7,critical,low,high,medium,medium,high,True,,"ruf lik ola wota la biginini bed, siling im go down longa Palmerston"
R00928,app_style,7,critical,critical,critical,critical,high,critical,True,structural,"roof caving over the bedroom, got a baby here, Alice Springs"
R00929,officer,7,critical,critical,critical,critical,high,critical,True,structural,Storm damage: ceiling sagging above the children's bedroom and roof leaking. Location: Alice Springs.
R00930,sms,7,critical,medium,high,critical,medium,critical,True,structural|water_contamination,"roof cavin over the bedroom, got a bub here, alice springs"
R00931,kriol_inf,7,critical,low,high,high,medium,high,True,water_contamination,"ruf lik ola wota la biginini bed, siling im go down longa Alice Springs"
R00932,app_style,7,critical,critical,critical,critical,medium,critical,True,structural,"roof is leaking right over my kids bed and the ceiling is sagging, got a baby here, Gunbalanya"
R00933,officer,7,critical,critical,critical,critical,high,critical,True,structural|no_water,Storm damage: ceiling sagging above the children's bedroom and roof leaking. Location: Gunbalanya.
R00934,sms,7,critical,medium,high,critical,medium,critical,True,structural,"roof is leaking right over my kids bed and the ceiling is saggin, got a bub here, gunbalanya"
R00935,kriol_inf,7,critical,low,high,critical,critical,critical,True,structural,"ruf lik ola wota la biginini bed, siling im go down longa Gunbalanya"
R00936,app_style,7,critical,critical,critical,critical,critical,critical,True,structural,"roof caving over the bedroom, got a baby here, Gapuwiyak"
R00937,officer,7,critical,critical,critical,critical,medium,critical,True,structural,Storm damage: ceiling sagging above the children's bedroom and roof leaking. Location: Gapuwiyak.
R00938,sms,7,critical,medium,high,medium,medium,high,True,,"roof cavin over the bedroom, got a baby here, gapuwiyak"
R00939,kriol_inf,7,critical,low,high,critical,medium,critical,True,structural,"ruf lik ola wota la biginini bed, siling im go down longa Gapuwiyak"
R00940,app_style,7,critical,critical,critical,critical,critical,critical,True,structural,"ceiling caving in above the children, got a baby here, Numbulwar"
R00941,officer,7,critical,critical,critical,critical,high,critical,True,structural|no_water,Storm damage: ceiling sagging above the children's bedroom and roof leaking. Location: Numbulwar.
R00942,sms,7,critical,low,high,critical,medium,critical,True,structural,"cieling cavin in above the chldrn, got a baby here, numbulwar"
R00943,kriol_inf,7,critical,low,high,high,medium,high,True,water_contamination,"ruf lik ola wota la biginini bed, siling im go down longa Numbulwar"
R00944,app_style,7,critical,critical,critical,critical,high,critical,True,structural,"roof caving over the bedroom, got a baby here, Elliott"
R00945,officer,7,critical,critical,critical,critical,medium,critical,True,structural,Storm damage: ceiling sagging above the children's bedroom and roof leaking. Location: Elliott.
R00946,sms,7,critical,medium,high,critical,medium,critical,True,structural,"roof cavin over the bedroom, got a baby here, elliott"
R00947,kriol_inf,7,critical,low,high,critical,medium,critical,True,structural,"ruf lik ola wota la biginini bed, siling im go down longa Elliott"
R00948,app_style,7,critical,critical,critical,critical,high,critical,True,structural,"roof caving over the bedroom, got a baby here, Daguragu"
R00949,officer,7,critical,critical,critical,critical,high,critical,True,structural|no_water,Storm damage: ceiling sagging above the children's bedroom and roof leaking. Location: Daguragu.
R00950,sms,7,critical,medium,high,critical,medium,critical,True,structural,"roof cavin over the bedroom, got a bub here, daguragu"
R00951,kriol_inf,7,critical,low,high,critical,medium,critical,True,structural,"ruf lik ola wota la biginini bed, siling im go down longa Daguragu"
R00952,app_style,7,critical,critical,critical,critical,medium,critical,True,structural,"roof is leaking right over my kids bed and the ceiling is sagging, got a baby here, Minyerri"
R00953,officer,7,critical,critical,critical,critical,high,critical,True,structural,Storm damage: ceiling sagging above the children's bedroom and roof leaking. Location: Minyerri.
R00954,sms,7,critical,critical,critical,critical,medium,critical,True,structural|no_water,"roof is leakin right over my kidz bed and the cieling is sagging, got a bub here, minyerri"
R00955,kriol_inf,7,critical,low,high,critical,medium,critical,True,structural,"ruf lik ola wota la biginini bed, siling im go down longa Minyerri"
R00956,app_style,7,critical,critical,critical,critical,high,critical,True,structural,"roof caving over the bedroom, got a baby here, Minyerri"
R00957,officer,7,critical,critical,critical,critical,high,critical,True,structural,Storm damage: ceiling sagging above the children's bedroom and roof leaking. Location: Minyerri.
R00958,sms,7,critical,medium,high,medium,medium,high,True,,"roof cavin over the bedroom, got a baby here, minyerri"
R00959,kriol_inf,7,critical,low,high,critical,medium,critical,True,structural,"ruf lik ola wota la biginini bed, siling im go down longa Minyerri"
R00960,app_style,8,critical,critical,critical,critical,high,critical,True,structural,"floor gave way near the door, Humpty Doo"
R00961,officer,8,critical,medium,high,critical,medium,critical,True,structural,Structural crack through an external wall following the cyclone. Location: Humpty Doo.
R00962,sms,8,critical,critical,critical,critical,high,critical,True,structural,"floor gave way near the door, humpty doo"
R00963,kriol_inf,8,critical,low,high,low,low,high,True,,wol im brok big krak afta saiklon longa Humpty Doo
R00964,app_style,8,critical,critical,critical,critical,high,critical,True,structural,"wall cracked right through after the cyclone, Timber Creek"
R00965,officer,8,critical,medium,high,critical,high,critical,True,structural,Structural crack through an external wall following the cyclone. Location: Timber Creek.
R00966,sms,8,critical,critical,critical,critical,high,critical,True,structural,"wall cracked right through after the cyclone, timber creek"
R00967,kriol_inf,8,critical,low,high,low,low,high,True,,wol im brok big krak afta saiklon longa Timber Creek
R00968,app_style,8,critical,critical,critical,critical,medium,critical,True,structural,"wall cracked right through after the cyclone, Daguragu"
R00969,officer,8,critical,medium,high,critical,medium,critical,True,structural,Structural crack through an external wall following the cyclone. Location: Daguragu.
R00970,sms,8,critical,medium,high,critical,medium,critical,True,structural,"wall crakd right through after the cyclone, daguragu"
R00971,kriol_inf,8,critical,low,high,low,low,high,True,,wol im brok big krak afta saiklon longa Daguragu
R00972,app_style,8,critical,critical,critical,critical,critical,critical,True,structural,"verandah posts collapsing, Alice Springs"
R00973,officer,8,critical,medium,high,critical,high,critical,True,structural,Structural crack through an external wall following the cyclone. Location: Alice Springs.
R00974,sms,8,critical,critical,critical,critical,critical,critical,True,structural,"verandah posts collapsing, alice springs"
R00975,kriol_inf,8,critical,low,high,low,low,high,True,,wol im brok big krak afta saiklon longa Alice Springs
R00976,app_style,8,critical,critical,critical,critical,critical,critical,True,structural,"verandah posts collapsing, Alice Springs"
R00977,officer,8,critical,medium,high,critical,high,critical,True,structural,Structural crack through an external wall following the cyclone. Location: Alice Springs.
R00978,sms,8,critical,critical,critical,critical,critical,critical,True,structural,"verandah posts collapsing, alice springs"
R00979,kriol_inf,8,critical,low,high,low,low,high,True,,wol im brok big krak afta saiklon longa Alice Springs
R00980,app_style,8,critical,critical,critical,critical,high,critical,True,structural,"wall cracked right through after the cyclone, Yirrkala"
R00981,officer,8,critical,medium,high,critical,high,critical,True,structural,Structural crack through an external wall following the cyclone. Location: Yirrkala.
R00982,sms,8,critical,medium,high,critical,high,critical,True,structural,"wall crakd right through after the cyclone, yirrkala"
R00983,kriol_inf,8,critical,low,high,low,low,high,True,,wol im brok big krak afta saiklon longa Yirrkala
R00984,app_style,8,critical,critical,critical,critical,high,critical,True,structural,"verandah posts collapsing, Milingimbi"
R00985,officer,8,critical,medium,high,critical,medium,critical,True,structural,Structural crack through an external wall following the cyclone. Location: Milingimbi.
R00986,sms,8,critical,critical,critical,critical,high,critical,True,structural,"verandah posts collapsing, milingimbi"
R00987,kriol_inf,8,critical,low,high,low,low,high,True,,wol im brok big krak afta saiklon longa Milingimbi
R00988,app_style,8,critical,critical,critical,critical,high,critical,True,structural,"wall cracked right through after the cyclone, Milingimbi"
R00989,officer,8,critical,medium,high,critical,medium,critical,True,structural,Structural crack through an external wall following the cyclone. Location: Milingimbi.
R00990,sms,8,critical,critical,critical,critical,high,critical,True,structural,"wall cracked right through after the cyclone, milingimbi"
R00991,kriol_inf,8,critical,low,high,low,low,high,True,,wol im brok big krak afta saiklon longa Milingimbi
R00992,app_style,8,critical,critical,critical,critical,high,critical,True,structural,"wall cracked right through after the cyclone, Minyerri"
R00993,officer,8,critical,medium,high,critical,medium,critical,True,structural,Structural crack through an external wall following the cyclone. Location: Minyerri.
R00994,sms,8,critical,critical,critical,critical,high,critical,True,structural,"wall cracked right through after the cyclone, minyerri"
R00995,kriol_inf,8,critical,low,high,low,low,high,True,,wol im brok big krak afta saiklon longa Minyerri
R00996,app_style,8,critical,critical,critical,critical,high,critical,True,structural,"wall cracked right through after the cyclone, Hermannsburg"
R00997,officer,8,critical,medium,high,critical,high,critical,True,structural,Structural crack through an external wall following the cyclone. Location: Hermannsburg.
R00998,sms,8,critical,medium,high,critical,medium,critical,True,structural,"wall crakd right through after the cyclone, hermannsburg"
R00999,kriol_inf,8,critical,low,high,low,low,high,True,,wol im brok big krak afta saiklon longa Hermannsburg
R01000,app_style,8,critical,critical,critical,critical,high,critical,True,structural,"wall cracked right through after the cyclone, Yuendumu"
R01001,officer,8,critical,medium,high,critical,medium,critical,True,structural,Structural crack through an external wall following the cyclone. Location: Yuendumu.
R01002,sms,8,critical,medium,high,critical,medium,critical,True,structural,"wall crakd right through after the cyclone, yuendumu"
R01003,kriol_inf,8,critical,low,high,low,low,high,True,,wol im brok big krak afta saiklon longa Yuendumu
R01004,app_style,8,critical,critical,critical,critical,high,critical,True,structural,"verandah posts collapsing, Pine Creek"
R01005,officer,8,critical,medium,high,critical,high,critical,True,structural,Structural crack through an external wall following the cyclone. Location: Pine Creek.
R01006,sms,8,critical,critical,critical,critical,high,critical,True,structural,"verandah posts collapsing, pine creek"
R01007,kriol_inf,8,critical,low,high,low,low,high,True,,wol im brok big krak afta saiklon longa Pine Creek
R01008,app_style,8,critical,critical,critical,critical,high,critical,True,structural,"wall cracked right through after the cyclone, Hermannsburg"
R01009,officer,8,critical,medium,high,critical,high,critical,True,structural,Structural crack through an external wall following the cyclone. Location: Hermannsburg.
R01010,sms,8,critical,medium,high,critical,medium,critical,True,structural,"wall crakd right through after the cyclone, hermannsburg"
R01011,kriol_inf,8,critical,low,high,low,low,high,True,,wol im brok big krak afta saiklon longa Hermannsburg
R01012,app_style,8,critical,critical,critical,critical,high,critical,True,structural,"verandah posts collapsing, Ramingining"
R01013,officer,8,critical,medium,high,critical,medium,critical,True,structural,Structural crack through an external wall following the cyclone. Location: Ramingining.
R01014,sms,8,critical,critical,critical,critical,high,critical,True,structural,"verandah posts collapsing, ramingining"
R01015,kriol_inf,8,critical,low,high,low,low,high,True,,wol im brok big krak afta saiklon longa Ramingining
R01016,app_style,8,critical,critical,critical,critical,high,critical,True,structural,"floor gave way near the door, Alyangula"
R01017,officer,8,critical,medium,high,critical,medium,critical,True,structural,Structural crack through an external wall following the cyclone. Location: Alyangula.
R01018,sms,8,critical,critical,critical,critical,critical,critical,True,structural,"floor gave way near the door, alyangula"
R01019,kriol_inf,8,critical,low,high,low,low,high,True,,wol im brok big krak afta saiklon longa Alyangula
R01020,app_style,8,critical,critical,critical,critical,medium,critical,True,structural,"wall cracked right through after the cyclone, Robinson River"
R01021,officer,8,critical,medium,high,critical,medium,critical,True,structural,Structural crack through an external wall following the cyclone. Location: Robinson River.
R01022,sms,8,critical,medium,high,critical,medium,critical,True,structural,"wall crakd right through after the cyclone, robinson river"
R01023,kriol_inf,8,critical,low,high,low,low,high,True,,wol im brok big krak afta saiklon longa Robinson River
R01024,app_style,8,critical,critical,critical,critical,high,critical,True,structural,"floor gave way near the door, Timber Creek"
R01025,officer,8,critical,medium,high,critical,high,critical,True,structural,Structural crack through an external wall following the cyclone. Location: Timber Creek.
R01026,sms,8,critical,critical,critical,critical,high,critical,True,structural,"floor gave way near the door, timber creek"
R01027,kriol_inf,8,critical,low,high,low,low,high,True,,wol im brok big krak afta saiklon longa Timber Creek
R01028,app_style,8,critical,critical,critical,critical,high,critical,True,structural,"verandah posts collapsing, Pirlangimpi"
R01029,officer,8,critical,medium,high,critical,medium,critical,True,structural,Structural crack through an external wall following the cyclone. Location: Pirlangimpi.
R01030,sms,8,critical,critical,critical,critical,high,critical,True,structural,"verandah posts collapsing, pirlangimpi"
R01031,kriol_inf,8,critical,low,high,low,low,high,True,,wol im brok big krak afta saiklon longa Pirlangimpi
R01032,app_style,8,critical,critical,critical,critical,high,critical,True,structural,"wall cracked right through after the cyclone, Kalkarindji"
R01033,officer,8,critical,medium,high,critical,high,critical,True,structural,Structural crack through an external wall following the cyclone. Location: Kalkarindji.
R01034,sms,8,critical,critical,critical,critical,medium,critical,True,structural,"wall cracked right through after the cyclone, kalkarindji"
R01035,kriol_inf,8,critical,low,high,low,low,high,True,,wol im brok big krak afta saiklon longa Kalkarindji
R01036,app_style,8,critical,critical,critical,critical,high,critical,True,structural,"floor gave way near the door, Kalkarindji"
R01037,officer,8,critical,medium,high,critical,high,critical,True,structural,Structural crack through an external wall following the cyclone. Location: Kalkarindji.
R01038,sms,8,critical,critical,critical,critical,critical,critical,True,structural,"floor gave way near the door, kalkarindji"
R01039,kriol_inf,8,critical,low,high,low,low,high,True,,wol im brok big krak afta saiklon longa Kalkarindji
R01040,app_style,8,critical,critical,critical,critical,high,critical,True,structural,"verandah posts collapsing, Jabiru"
R01041,officer,8,critical,medium,high,critical,medium,critical,True,structural,Structural crack through an external wall following the cyclone. Location: Jabiru.
R01042,sms,8,critical,critical,critical,critical,high,critical,True,structural,"verandah posts collapsing, jabiru"
R01043,kriol_inf,8,critical,low,high,low,low,high,True,,wol im brok big krak afta saiklon longa Jabiru
R01044,app_style,8,critical,critical,critical,critical,high,critical,True,structural,"floor gave way near the door, Humpty Doo"
R01045,officer,8,critical,medium,high,critical,medium,critical,True,structural,Structural crack through an external wall following the cyclone. Location: Humpty Doo.
R01046,sms,8,critical,critical,critical,critical,high,critical,True,structural,"floor gave way near the door, humpty doo"
R01047,kriol_inf,8,critical,low,high,low,low,high,True,,wol im brok big krak afta saiklon longa Humpty Doo
R01048,app_style,8,critical,critical,critical,critical,high,critical,True,structural,"verandah posts collapsing, Ti Tree"
R01049,officer,8,critical,medium,high,critical,medium,critical,True,structural,Structural crack through an external wall following the cyclone. Location: Ti Tree.
R01050,sms,8,critical,critical,critical,critical,critical,critical,True,structural,"verandah posts collapsing, ti tree"
R01051,kriol_inf,8,critical,low,high,low,low,high,True,,wol im brok big krak afta saiklon longa Ti Tree
R01052,app_style,8,critical,critical,critical,critical,high,critical,True,structural,"verandah posts collapsing, Humpty Doo"
R01053,officer,8,critical,medium,high,critical,medium,critical,True,structural,Structural crack through an external wall following the cyclone. Location: Humpty Doo.
R01054,sms,8,critical,critical,critical,critical,high,critical,True,structural,"verandah posts collapsing, humpty doo"
R01055,kriol_inf,8,critical,low,high,low,low,high,True,,wol im brok big krak afta saiklon longa Humpty Doo
R01056,app_style,8,critical,critical,critical,critical,critical,critical,True,structural,"floor gave way near the door, Adelaide River"
R01057,officer,8,critical,medium,high,critical,medium,critical,True,structural,Structural crack through an external wall following the cyclone. Location: Adelaide River.
R01058,sms,8,critical,critical,critical,critical,critical,critical,True,structural,"floor gave way near the door, adelaide river"
R01059,kriol_inf,8,critical,low,high,low,low,high,True,,wol im brok big krak afta saiklon longa Adelaide River
R01060,app_style,8,critical,critical,critical,critical,high,critical,True,structural,"wall cracked right through after the cyclone, Batchelor"
R01061,officer,8,critical,medium,high,critical,medium,critical,True,structural,Structural crack through an external wall following the cyclone. Location: Batchelor.
R01062,sms,8,critical,critical,critical,critical,high,critical,True,structural,"wall cracked right through after the cyclone, batchelor"
R01063,kriol_inf,8,critical,low,high,low,low,high,True,,wol im brok big krak afta saiklon longa Batchelor
R01064,app_style,8,critical,critical,critical,critical,high,critical,True,structural,"verandah posts collapsing, Borroloola"
R01065,officer,8,critical,medium,high,critical,medium,critical,True,structural,Structural crack through an external wall following the cyclone. Location: Borroloola.
R01066,sms,8,critical,critical,critical,critical,high,critical,True,structural,"verandah posts collapsing, borroloola"
R01067,kriol_inf,8,critical,low,high,low,low,high,True,,wol im brok big krak afta saiklon longa Borroloola
R01068,app_style,8,critical,critical,critical,critical,high,critical,True,structural,"wall cracked right through after the cyclone, Mataranka"
R01069,officer,8,critical,medium,high,critical,medium,critical,True,structural,Structural crack through an external wall following the cyclone. Location: Mataranka.
R01070,sms,8,critical,critical,critical,critical,high,critical,True,structural,"wall cracked right through after the cyclone, mataranka"
R01071,kriol_inf,8,critical,low,high,low,low,high,True,,wol im brok big krak afta saiklon longa Mataranka
R01072,app_style,8,critical,critical,critical,critical,high,critical,True,structural,"wall cracked right through after the cyclone, Ti Tree"
R01073,officer,8,critical,medium,high,critical,medium,critical,True,structural,Structural crack through an external wall following the cyclone. Location: Ti Tree.
R01074,sms,8,critical,medium,high,critical,medium,critical,True,structural,"wall crakd right through after the cyclone, ti tree"
R01075,kriol_inf,8,critical,low,high,low,low,high,True,,wol im brok big krak afta saiklon longa Ti Tree
R01076,app_style,8,critical,critical,critical,critical,critical,critical,True,structural,"verandah posts collapsing, Alice Springs"
R01077,officer,8,critical,medium,high,critical,high,critical,True,structural,Structural crack through an external wall following the cyclone. Location: Alice Springs.
R01078,sms,8,critical,critical,critical,critical,critical,critical,True,structural,"verandah posts collapsing, alice springs"
R01079,kriol_inf,8,critical,low,high,low,low,high,True,,wol im brok big krak afta saiklon longa Alice Springs
R01080,app_style,9,high,high,high,high,medium,high,True,no_cooling_extreme_heat|child_safety|elder_safety,"no aircon and the kids cant sleep, got a baby here, my nan lives here, Minyerri"
R01081,officer,9,high,low,high,high,medium,high,True,no_cooling_extreme_heat,Air-conditioning unit failed during a heatwave; infant and elderly occupants. Location: Minyerri.
R01082,sms,9,high,low,high,high,medium,high,True,no_cooling_extreme_heat,"no a/c and the kidz cant sleep, got a bub here, my nan lives here, minyerri"
R01083,kriol_inf,9,high,high,high,medium,medium,medium,True,no_cooling_extreme_heat,"aircon nomo werk, too hot, biginini en olgamen kan sliip longa Minyerri"
R01084,app_style,9,high,high,high,high,high,high,True,no_cooling_extreme_heat|child_safety|elder_safety,"aircon dead and its 40 degrees, got a baby here, my nan lives here, Umbakumba"
R01085,officer,9,high,low,high,high,medium,high,True,no_cooling_extreme_heat,Air-conditioning unit failed during a heatwave; infant and elderly occupants. Location: Umbakumba.
R01086,sms,9,high,low,high,high,medium,high,True,no_cooling_extreme_heat,"a/c ded and its 40 deg, got a bub here, my nan lives here, umbakumba"
R01087,kriol_inf,9,high,high,high,medium,medium,medium,True,no_cooling_extreme_heat,"aircon nomo werk, too hot, biginini en olgamen kan sliip longa Umbakumba"
R01088,app_style,9,high,high,high,high,high,high,True,no_cooling_extreme_heat,"aircon dead and its 40 degrees, got a baby here, my nan lives here, Barunga"
R01089,officer,9,high,low,high,high,medium,high,True,no_cooling_extreme_heat,Air-conditioning unit failed during a heatwave; infant and elderly occupants. Location: Barunga.
R01090,sms,9,high,high,high,high,medium,high,True,no_cooling_extreme_heat,"aircon dead and its 40 deg, got a bub here, my nan lives here, barunga"
R01091,kriol_inf,9,high,high,high,medium,medium,medium,True,no_cooling_extreme_heat,"aircon nomo werk, too hot, biginini en olgamen kan sliip longa Barunga"
R01092,app_style,9,high,high,high,high,medium,high,True,no_cooling_extreme_heat|child_safety|elder_safety,"no aircon and the kids cant sleep, got a baby here, my nan lives here, Borroloola"
R01093,officer,9,high,low,high,high,medium,high,True,no_cooling_extreme_heat,Air-conditioning unit failed during a heatwave; infant and elderly occupants. Location: Borroloola.
R01094,sms,9,high,low,high,high,medium,high,True,no_cooling_extreme_heat|elder_safety|child_safety,"no a/c and the kidz cant sleep, got a baby here, my nan lives here, borroloola"
R01095,kriol_inf,9,high,high,high,medium,medium,medium,True,no_cooling_extreme_heat,"aircon nomo werk, too hot, biginini en olgamen kan sliip longa Borroloola"
R01096,app_style,9,high,high,high,high,medium,high,True,no_cooling_extreme_heat,"no aircon and the kids cant sleep, got a baby here, my nan lives here, Alyangula"
R01097,officer,9,high,low,high,high,medium,high,True,no_cooling_extreme_heat,Air-conditioning unit failed during a heatwave; infant and elderly occupants. Location: Alyangula.
R01098,sms,9,high,high,high,high,medium,high,True,no_cooling_extreme_heat|elder_safety|child_safety,"no aircon and the kidz cant sleep, got a bub here, my nan lives here, alyangula"
R01099,kriol_inf,9,high,high,high,medium,medium,medium,True,no_cooling_extreme_heat,"aircon nomo werk, too hot, biginini en olgamen kan sliip longa Alyangula"
R01100,app_style,9,high,medium,high,high,medium,high,True,no_cooling_extreme_heat,"split system died in the heat, got a baby here, my nan lives here, Barunga"
R01101,officer,9,high,low,high,high,medium,high,True,no_cooling_extreme_heat,Air-conditioning unit failed during a heatwave; infant and elderly occupants. Location: Barunga.
R01102,sms,9,high,medium,high,high,medium,high,True,no_cooling_extreme_heat,"split system died in the heat, got a baby here, my nan lives here, barunga"
R01103,kriol_inf,9,high,high,high,medium,medium,medium,True,no_cooling_extreme_heat,"aircon nomo werk, too hot, biginini en olgamen kan sliip longa Barunga"
R01104,app_style,9,high,high,high,high,high,high,True,no_cooling_extreme_heat,"aircon dead and its 40 degrees, got a baby here, my nan lives here, Darwin"
R01105,officer,9,high,low,high,high,medium,high,True,no_cooling_extreme_heat,Air-conditioning unit failed during a heatwave; infant and elderly occupants. Location: Darwin.
R01106,sms,9,high,low,high,high,medium,high,True,no_cooling_extreme_heat,"a/c ded and its 40 degrees, got a bub here, my nan lives here, darwin"
R01107,kriol_inf,9,high,high,high,medium,medium,medium,True,no_cooling_extreme_heat,"aircon nomo werk, too hot, biginini en olgamen kan sliip longa Darwin"
R01108,app_style,9,high,high,high,high,high,high,True,no_cooling_extreme_heat,"aircon dead and its 40 degrees, got a baby here, my nan lives here, Peppimenarti"
R01109,officer,9,high,low,high,high,medium,high,True,no_cooling_extreme_heat,Air-conditioning unit failed during a heatwave; infant and elderly occupants. Location: Peppimenarti.
R01110,sms,9,high,high,high,high,high,high,True,no_cooling_extreme_heat,"aircon ded and its 40 deg, got a baby here, my nan lives here, peppimenarti"
R01111,kriol_inf,9,high,high,high,medium,medium,medium,True,no_cooling_extreme_heat,"aircon nomo werk, too hot, biginini en olgamen kan sliip longa Peppimenarti"
R01112,app_style,9,high,high,high,high,high,high,True,no_cooling_extreme_heat|child_safety|elder_safety,"aircon dead and its 40 degrees, got a baby here, my nan lives here, Docker River"
R01113,officer,9,high,low,high,high,medium,high,True,no_cooling_extreme_heat,Air-conditioning unit failed during a heatwave; infant and elderly occupants. Location: Docker River.
R01114,sms,9,high,low,high,high,high,high,True,no_cooling_extreme_heat,"a/c ded and its 40 deg, got a bub here, my nan lives here, docker river"
R01115,kriol_inf,9,high,high,high,medium,medium,medium,True,no_cooling_extreme_heat,"aircon nomo werk, too hot, biginini en olgamen kan sliip longa Docker River"
R01116,app_style,9,high,high,high,high,low,high,True,no_cooling_extreme_heat,"no aircon and the kids cant sleep, got a baby here, my nan lives here, Katherine"
R01117,officer,9,high,low,high,high,medium,high,True,no_cooling_extreme_heat,Air-conditioning unit failed during a heatwave; infant and elderly occupants. Location: Katherine.
R01118,sms,9,high,high,high,high,medium,high,True,no_cooling_extreme_heat|elder_safety|child_safety,"no aircon and the kidz cant sleep, got a bub here, my nan lives here, katherine"
R01119,kriol_inf,9,high,high,high,medium,medium,medium,True,no_cooling_extreme_heat,"aircon nomo werk, too hot, biginini en olgamen kan sliip longa Katherine"
R01120,app_style,9,high,high,high,high,high,high,True,no_cooling_extreme_heat|child_safety|elder_safety,"aircon dead and its 40 degrees, got a baby here, my nan lives here, Gapuwiyak"
R01121,officer,9,high,low,high,high,medium,high,True,no_cooling_extreme_heat,Air-conditioning unit failed during a heatwave; infant and elderly occupants. Location: Gapuwiyak.
R01122,sms,9,high,low,high,high,high,high,True,no_cooling_extreme_heat|elder_safety|child_safety,"a/c dead and its 40 deg, got a baby here, my nan lives here, gapuwiyak"
R01123,kriol_inf,9,high,high,high,medium,medium,medium,True,no_cooling_extreme_heat,"aircon nomo werk, too hot, biginini en olgamen kan sliip longa Gapuwiyak"
R01124,app_style,9,high,high,high,high,medium,high,True,no_cooling_extreme_heat,"no aircon and the kids cant sleep, got a baby here, my nan lives here, Docker River"
R01125,officer,9,high,low,high,high,medium,high,True,no_cooling_extreme_heat,Air-conditioning unit failed during a heatwave; infant and elderly occupants. Location: Docker River.
R01126,sms,9,high,low,high,high,medium,high,True,no_cooling_extreme_heat,"no a/c and the kidz cant sleep, got a bub here, my nan lives here, docker river"
R01127,kriol_inf,9,high,high,high,medium,medium,medium,True,no_cooling_extreme_heat,"aircon nomo werk, too hot, biginini en olgamen kan sliip longa Docker River"
R01128,app_style,9,high,high,high,high,high,high,True,no_cooling_extreme_heat,"aircon dead and its 40 degrees, got a baby here, my nan lives here, Humpty Doo"
R01129,officer,9,high,low,high,high,medium,high,True,no_cooling_extreme_heat,Air-conditioning unit failed during a heatwave; infant and elderly occupants. Location: Humpty Doo.
R01130,sms,9,high,low,high,high,medium,high,True,no_cooling_extreme_heat,"a/c dead and its 40 deg, got a bub here, my nan lives here, humpty doo"
R01131,kriol_inf,9,high,high,high,medium,medium,medium,True,no_cooling_extreme_heat,"aircon nomo werk, too hot, biginini en olgamen kan sliip longa Humpty Doo"
R01132,app_style,9,high,medium,high,high,medium,high,True,no_cooling_extreme_heat,"split system died in the heat, got a baby here, my nan lives here, Umbakumba"
R01133,officer,9,high,low,high,high,medium,high,True,no_cooling_extreme_heat,Air-conditioning unit failed during a heatwave; infant and elderly occupants. Location: Umbakumba.
R01134,sms,9,high,medium,high,high,medium,high,True,no_cooling_extreme_heat,"split system died in the heat, got a bub here, my nan lives here, umbakumba"
R01135,kriol_inf,9,high,high,high,medium,medium,medium,True,no_cooling_extreme_heat,"aircon nomo werk, too hot, biginini en olgamen kan sliip longa Umbakumba"
R01136,app_style,9,high,high,high,high,high,high,True,no_cooling_extreme_heat,"aircon dead and its 40 degrees, got a baby here, my nan lives here, Palumpa"
R01137,officer,9,high,low,high,high,medium,high,True,no_cooling_extreme_heat,Air-conditioning unit failed during a heatwave; infant and elderly occupants. Location: Palumpa.
R01138,sms,9,high,low,high,high,medium,high,True,no_cooling_extreme_heat,"a/c ded and its 40 deg, got a bub here, my nan lives here, palumpa"
R01139,kriol_inf,9,high,high,high,medium,medium,medium,True,no_cooling_extreme_heat,"aircon nomo werk, too hot, biginini en olgamen kan sliip longa Palumpa"
R01140,app_style,9,high,high,high,high,high,high,True,no_cooling_extreme_heat,"aircon dead and its 40 degrees, got a baby here, my nan lives here, Pine Creek"
R01141,officer,9,high,low,high,high,medium,high,True,no_cooling_extreme_heat,Air-conditioning unit failed during a heatwave; infant and elderly occupants. Location: Pine Creek.
R01142,sms,9,high,high,high,high,medium,high,True,no_cooling_extreme_heat,"aircon dead and its 40 deg, got a bub here, my nan lives here, pine creek"
R01143,kriol_inf,9,high,high,high,medium,medium,medium,True,no_cooling_extreme_heat,"aircon nomo werk, too hot, biginini en olgamen kan sliip longa Pine Creek"
R01144,app_style,9,high,high,high,high,high,high,True,no_cooling_extreme_heat,"aircon dead and its 40 degrees, got a baby here, my nan lives here, Wurrumiyanga"
R01145,officer,9,high,low,high,high,medium,high,True,no_cooling_extreme_heat,Air-conditioning unit failed during a heatwave; infant and elderly occupants. Location: Wurrumiyanga.
R01146,sms,9,high,high,high,high,high,high,True,no_cooling_extreme_heat,"aircon dead and its 40 deg, got a bub here, my nan lives here, wurrumiyanga"
R01147,kriol_inf,9,high,high,high,medium,medium,medium,True,no_cooling_extreme_heat,"aircon nomo werk, too hot, biginini en olgamen kan sliip longa Wurrumiyanga"
R01148,app_style,9,high,high,high,high,high,high,True,no_cooling_extreme_heat,"aircon dead and its 40 degrees, got a baby here, my nan lives here, Pirlangimpi"
R01149,officer,9,high,low,high,high,medium,high,True,no_cooling_extreme_heat,Air-conditioning unit failed during a heatwave; infant and elderly occupants. Location: Pirlangimpi.
R01150,sms,9,high,low,high,critical,medium,critical,True,no_cooling_extreme_heat|no_water|elder_safety,"a/c dead and its 40 deg, got a bub here, my nan lives here, pirlangimpi"
R01151,kriol_inf,9,high,high,high,medium,medium,medium,True,no_cooling_extreme_heat,"aircon nomo werk, too hot, biginini en olgamen kan sliip longa Pirlangimpi"
R01152,app_style,9,high,high,high,high,medium,high,True,no_cooling_extreme_heat,"no aircon and the kids cant sleep, got a baby here, my nan lives here, Pine Creek"
R01153,officer,9,high,low,high,high,medium,high,True,no_cooling_extreme_heat,Air-conditioning unit failed during a heatwave; infant and elderly occupants. Location: Pine Creek.
R01154,sms,9,high,low,high,high,medium,high,True,no_cooling_extreme_heat|elder_safety,"no a/c and the kids cant sleep, got a bub here, my nan lives here, pine creek"
R01155,kriol_inf,9,high,high,high,medium,medium,medium,True,no_cooling_extreme_heat,"aircon nomo werk, too hot, biginini en olgamen kan sliip longa Pine Creek"
R01156,app_style,9,high,high,high,high,high,high,True,no_cooling_extreme_heat,"aircon dead and its 40 degrees, got a baby here, my nan lives here, Pirlangimpi"
R01157,officer,9,high,low,high,high,medium,high,True,no_cooling_extreme_heat,Air-conditioning unit failed during a heatwave; infant and elderly occupants. Location: Pirlangimpi.
R01158,sms,9,high,low,high,high,high,high,True,no_cooling_extreme_heat,"a/c dead and its 40 degrees, got a bub here, my nan lives here, pirlangimpi"
R01159,kriol_inf,9,high,high,high,medium,medium,medium,True,no_cooling_extreme_heat,"aircon nomo werk, too hot, biginini en olgamen kan sliip longa Pirlangimpi"
R01160,app_style,9,high,medium,high,high,medium,high,True,no_cooling_extreme_heat,"split system died in the heat, got a baby here, my nan lives here, Barunga"
R01161,officer,9,high,low,high,high,medium,high,True,no_cooling_extreme_heat,Air-conditioning unit failed during a heatwave; infant and elderly occupants. Location: Barunga.
R01162,sms,9,high,medium,high,high,medium,high,True,no_cooling_extreme_heat,"split system died in the heat, got a bub here, my nan lives here, barunga"
R01163,kriol_inf,9,high,high,high,medium,medium,medium,True,no_cooling_extreme_heat,"aircon nomo werk, too hot, biginini en olgamen kan sliip longa Barunga"
R01164,app_style,9,high,medium,high,high,medium,high,True,no_cooling_extreme_heat,"split system died in the heat, got a baby here, my nan lives here, Numbulwar"
R01165,officer,9,high,low,high,high,medium,high,True,no_cooling_extreme_heat,Air-conditioning unit failed during a heatwave; infant and elderly occupants. Location: Numbulwar.
R01166,sms,9,high,medium,high,high,medium,high,True,no_cooling_extreme_heat,"split system died in the heat, got a bub here, my nan lives here, numbulwar"
R01167,kriol_inf,9,high,high,high,medium,medium,medium,True,no_cooling_extreme_heat,"aircon nomo werk, too hot, biginini en olgamen kan sliip longa Numbulwar"
R01168,app_style,9,high,medium,high,high,medium,high,True,no_cooling_extreme_heat,"split system died in the heat, got a baby here, my nan lives here, Ti Tree"
R01169,officer,9,high,low,high,high,medium,high,True,no_cooling_extreme_heat,Air-conditioning unit failed during a heatwave; infant and elderly occupants. Location: Ti Tree.
R01170,sms,9,high,medium,high,high,medium,high,True,no_cooling_extreme_heat|elder_safety,"split system died in the heat, got a bub here, my nan lives here, ti tree"
R01171,kriol_inf,9,high,high,high,medium,medium,medium,True,no_cooling_extreme_heat,"aircon nomo werk, too hot, biginini en olgamen kan sliip longa Ti Tree"
R01172,app_style,9,high,high,high,high,medium,high,True,no_cooling_extreme_heat,"no aircon and the kids cant sleep, got a baby here, my nan lives here, Ti Tree"
R01173,officer,9,high,low,high,high,medium,high,True,no_cooling_extreme_heat,Air-conditioning unit failed during a heatwave; infant and elderly occupants. Location: Ti Tree.
R01174,sms,9,high,low,high,high,medium,high,True,no_cooling_extreme_heat,"no a/c and the kidz cant sleep, got a bub here, my nan lives here, ti tree"
R01175,kriol_inf,9,high,high,high,medium,medium,medium,True,no_cooling_extreme_heat,"aircon nomo werk, too hot, biginini en olgamen kan sliip longa Ti Tree"
R01176,app_style,9,high,high,high,high,high,high,True,no_cooling_extreme_heat,"aircon dead and its 40 degrees, got a baby here, my nan lives here, Ti Tree"
R01177,officer,9,high,low,high,high,medium,high,True,no_cooling_extreme_heat,Air-conditioning unit failed during a heatwave; infant and elderly occupants. Location: Ti Tree.
R01178,sms,9,high,low,high,high,medium,high,True,no_cooling_extreme_heat,"a/c ded and its 40 deg, got a bub here, my nan lives here, ti tree"
R01179,kriol_inf,9,high,high,high,medium,medium,medium,True,no_cooling_extreme_heat,"aircon nomo werk, too hot, biginini en olgamen kan sliip longa Ti Tree"
R01180,app_style,9,high,high,high,high,medium,high,True,no_cooling_extreme_heat|child_safety|elder_safety,"no aircon and the kids cant sleep, got a baby here, my nan lives here, Papunya"
R01181,officer,9,high,low,high,high,medium,high,True,no_cooling_extreme_heat,Air-conditioning unit failed during a heatwave; infant and elderly occupants. Location: Papunya.
R01182,sms,9,high,low,high,high,medium,high,True,no_cooling_extreme_heat|elder_safety,"no a/c and the kidz cant sleep, got a bub here, my nan lives here, papunya"
R01183,kriol_inf,9,high,high,high,medium,medium,medium,True,no_cooling_extreme_heat,"aircon nomo werk, too hot, biginini en olgamen kan sliip longa Papunya"
R01184,app_style,9,high,high,high,high,high,high,True,no_cooling_extreme_heat,"aircon dead and its 40 degrees, got a baby here, my nan lives here, Peppimenarti"
R01185,officer,9,high,low,high,high,medium,high,True,no_cooling_extreme_heat,Air-conditioning unit failed during a heatwave; infant and elderly occupants. Location: Peppimenarti.
R01186,sms,9,high,low,high,high,medium,high,True,no_cooling_extreme_heat|elder_safety,"a/c dead and its 40 deg, got a bub here, my nan lives here, peppimenarti"
R01187,kriol_inf,9,high,high,high,medium,medium,medium,True,no_cooling_extreme_heat,"aircon nomo werk, too hot, biginini en olgamen kan sliip longa Peppimenarti"
R01188,app_style,9,high,medium,high,high,medium,high,True,no_cooling_extreme_heat,"split system died in the heat, got a baby here, my nan lives here, Minyerri"
R01189,officer,9,high,low,high,high,medium,high,True,no_cooling_extreme_heat,Air-conditioning unit failed during a heatwave; infant and elderly occupants. Location: Minyerri.
R01190,sms,9,high,medium,high,critical,medium,critical,True,no_cooling_extreme_heat|no_water,"split system died in the heat, got a bub here, my nan lives here, minyerri"
R01191,kriol_inf,9,high,high,high,medium,medium,medium,True,no_cooling_extreme_heat,"aircon nomo werk, too hot, biginini en olgamen kan sliip longa Minyerri"
R01192,app_style,9,high,medium,high,high,medium,high,True,no_cooling_extreme_heat,"split system died in the heat, got a baby here, my nan lives here, Mataranka"
R01193,officer,9,high,low,high,high,medium,high,True,no_cooling_extreme_heat,Air-conditioning unit failed during a heatwave; infant and elderly occupants. Location: Mataranka.
R01194,sms,9,high,medium,high,high,medium,high,True,no_cooling_extreme_heat,"split system died in the heat, got a baby here, my nan lives here, mataranka"
R01195,kriol_inf,9,high,high,high,medium,medium,medium,True,no_cooling_extreme_heat,"aircon nomo werk, too hot, biginini en olgamen kan sliip longa Mataranka"
R01196,app_style,9,high,high,high,high,high,high,True,no_cooling_extreme_heat,"aircon dead and its 40 degrees, got a baby here, my nan lives here, Peppimenarti"
R01197,officer,9,high,low,high,high,medium,high,True,no_cooling_extreme_heat,Air-conditioning unit failed during a heatwave; infant and elderly occupants. Location: Peppimenarti.
R01198,sms,9,high,high,high,high,high,high,True,no_cooling_extreme_heat,"aircon ded and its 40 deg, got a bub here, my nan lives here, peppimenarti"
R01199,kriol_inf,9,high,high,high,medium,medium,medium,True,no_cooling_extreme_heat,"aircon nomo werk, too hot, biginini en olgamen kan sliip longa Peppimenarti"
R01200,app_style,10,medium,medium,high,medium,medium,medium,True,no_water,"split system leaking water, Maningrida"
R01201,officer,10,medium,medium,high,low,low,high,True,,Bedroom ceiling fan not operational. Location: Maningrida.
R01202,sms,10,medium,medium,high,medium,medium,high,True,,"split system leaking wata, maningrida"
R01203,kriol_inf,10,medium,medium,high,low,low,high,True,,fan brok la bedrum longa Maningrida
R01204,app_style,10,medium,medium,high,medium,medium,high,True,,"aircon not cooling properly, Minyerri"
R01205,officer,10,medium,medium,high,low,low,high,True,,Bedroom ceiling fan not operational. Location: Minyerri.
R01206,sms,10,medium,medium,high,medium,medium,high,True,,"a/c not cooling properly, minyerri"
R01207,kriol_inf,10,medium,medium,high,low,low,high,True,,fan brok la bedrum longa Minyerri
R01208,app_style,10,medium,medium,high,low,low,high,True,,"fan broke in the bedroom, Umbakumba"
R01209,officer,10,medium,medium,high,low,low,high,True,,Bedroom ceiling fan not operational. Location: Umbakumba.
R01210,sms,10,medium,medium,high,low,low,high,True,,"fan broke in the bedroom, umbakumba"
R01211,kriol_inf,10,medium,medium,high,low,low,high,True,,fan brok la bedrum longa Umbakumba
R01212,app_style,10,medium,medium,high,medium,medium,medium,True,no_cooling_extreme_heat,"aircon not cooling properly, Yuendumu"
R01213,officer,10,medium,medium,high,low,low,high,True,,Bedroom ceiling fan not operational. Location: Yuendumu.
R01214,sms,10,medium,medium,high,medium,medium,high,True,,"a/c not cooling properly, yuendumu"
R01215,kriol_inf,10,medium,medium,high,low,low,high,True,,fan brok la bedrum longa Yuendumu
R01216,app_style,10,medium,medium,high,low,low,high,True,,"fan broke in the bedroom, Mataranka"
R01217,officer,10,medium,medium,high,low,low,high,True,,Bedroom ceiling fan not operational. Location: Mataranka.
R01218,sms,10,medium,medium,high,low,low,high,True,,"fan broke in the bedroom, mataranka"
R01219,kriol_inf,10,medium,medium,high,low,low,high,True,,fan brok la bedrum longa Mataranka
R01220,app_style,10,medium,medium,high,medium,medium,high,True,,"aircon not cooling properly, Pine Creek"
R01221,officer,10,medium,medium,high,low,low,high,True,,Bedroom ceiling fan not operational. Location: Pine Creek.
R01222,sms,10,medium,medium,high,medium,medium,medium,True,no_cooling_extreme_heat,"a/c not cooling properly, pine creek"
R01223,kriol_inf,10,medium,medium,high,low,low,high,True,,fan brok la bedrum longa Pine Creek
R01224,app_style,10,medium,medium,high,low,low,high,True,,"fan broke in the bedroom, Pirlangimpi"
R01225,officer,10,medium,medium,high,low,low,high,True,,Bedroom ceiling fan not operational. Location: Pirlangimpi.
R01226,sms,10,medium,medium,high,low,low,high,True,,"fan broke in the bedroom, pirlangimpi"
R01227,kriol_inf,10,medium,medium,high,low,low,high,True,,fan brok la bedrum longa Pirlangimpi
R01228,app_style,10,medium,medium,high,low,low,high,True,,"fan broke in the bedroom, Alyangula"
R01229,officer,10,medium,medium,high,low,low,high,True,,Bedroom ceiling fan not operational. Location: Alyangula.
R01230,sms,10,medium,medium,high,low,low,high,True,,"fan broke in the bedroom, alyangula"
R01231,kriol_inf,10,medium,medium,high,low,low,high,True,,fan brok la bedrum longa Alyangula
R01232,app_style,10,medium,medium,high,medium,medium,high,True,,"aircon not cooling properly, Alice Springs"
R01233,officer,10,medium,medium,high,low,low,high,True,,Bedroom ceiling fan not operational. Location: Alice Springs.
R01234,sms,10,medium,medium,high,medium,medium,high,True,,"a/c not cooling properly, alice springs"
R01235,kriol_inf,10,medium,medium,high,low,low,high,True,,fan brok la bedrum longa Alice Springs
R01236,app_style,10,medium,medium,high,medium,medium,medium,True,no_cooling_extreme_heat,"aircon not cooling properly, Peppimenarti"
R01237,officer,10,medium,medium,high,low,low,high,True,,Bedroom ceiling fan not operational. Location: Peppimenarti.
R01238,sms,10,medium,medium,high,medium,medium,medium,True,no_cooling_extreme_heat,"a/c not cooling properly, peppimenarti"
R01239,kriol_inf,10,medium,medium,high,low,low,high,True,,fan brok la bedrum longa Peppimenarti
R01240,app_style,10,medium,medium,high,low,low,high,True,,"fan broke in the bedroom, Angurugu"
R01241,officer,10,medium,medium,high,low,low,high,True,,Bedroom ceiling fan not operational. Location: Angurugu.
R01242,sms,10,medium,medium,high,low,low,high,True,,"fan broke in the bedroom, angurugu"
R01243,kriol_inf,10,medium,medium,high,low,low,high,True,,fan brok la bedrum longa Angurugu
R01244,app_style,10,medium,medium,high,medium,medium,medium,True,no_water,"split system leaking water, Ti Tree"
R01245,officer,10,medium,medium,high,low,low,high,True,,Bedroom ceiling fan not operational. Location: Ti Tree.
R01246,sms,10,medium,medium,high,medium,medium,medium,True,no_water,"split system leakin wata, ti tree"
R01247,kriol_inf,10,medium,medium,high,low,low,high,True,,fan brok la bedrum longa Ti Tree
R01248,app_style,10,medium,medium,high,medium,medium,high,True,,"aircon not cooling properly, Minyerri"
R01249,officer,10,medium,medium,high,low,low,high,True,,Bedroom ceiling fan not operational. Location: Minyerri.
R01250,sms,10,medium,medium,high,medium,medium,high,True,,"a/c not cooling properly, minyerri"
R01251,kriol_inf,10,medium,medium,high,low,low,high,True,,fan brok la bedrum longa Minyerri
R01252,app_style,10,medium,medium,high,medium,medium,medium,True,no_cooling_extreme_heat,"aircon not cooling properly, Papunya"
R01253,officer,10,medium,medium,high,low,low,high,True,,Bedroom ceiling fan not operational. Location: Papunya.
R01254,sms,10,medium,medium,high,medium,medium,medium,True,no_cooling_extreme_heat,"a/c not cooling properly, papunya"
R01255,kriol_inf,10,medium,medium,high,low,low,high,True,,fan brok la bedrum longa Papunya
R01256,app_style,10,medium,medium,high,medium,medium,high,True,,"aircon not cooling properly, Kalkarindji"
R01257,officer,10,medium,medium,high,low,low,high,True,,Bedroom ceiling fan not operational. Location: Kalkarindji.
R01258,sms,10,medium,medium,high,medium,medium,medium,True,no_cooling_extreme_heat,"a/c not cooling properly, kalkarindji"
R01259,kriol_inf,10,medium,medium,high,low,low,high,True,,fan brok la bedrum longa Kalkarindji
R01260,app_style,10,medium,medium,high,medium,medium,medium,True,no_cooling_extreme_heat,"aircon not cooling properly, Minjilang"
R01261,officer,10,medium,medium,high,low,low,high,True,,Bedroom ceiling fan not operational. Location: Minjilang.
R01262,sms,10,medium,medium,high,medium,medium,medium,True,no_cooling_extreme_heat,"aircon not cooling properly, minjilang"
R01263,kriol_inf,10,medium,medium,high,low,low,high,True,,fan brok la bedrum longa Minjilang
R01264,app_style,10,medium,medium,high,medium,medium,medium,True,no_cooling_extreme_heat,"aircon not cooling properly, Katherine"
R01265,officer,10,medium,medium,high,low,low,high,True,,Bedroom ceiling fan not operational. Location: Katherine.
R01266,sms,10,medium,medium,high,medium,medium,high,True,,"a/c not cooling properly, katherine"
R01267,kriol_inf,10,medium,medium,high,low,low,high,True,,fan brok la bedrum longa Katherine
R01268,app_style,10,medium,medium,high,medium,medium,medium,True,no_water,"split system leaking water, Mataranka"
R01269,officer,10,medium,medium,high,low,low,high,True,,Bedroom ceiling fan not operational. Location: Mataranka.
R01270,sms,10,medium,medium,high,medium,medium,medium,True,no_water,"split system leaking water, mataranka"
R01271,kriol_inf,10,medium,medium,high,low,low,high,True,,fan brok la bedrum longa Mataranka
R01272,app_style,10,medium,medium,high,medium,medium,high,True,,"split system leaking water, Milikapiti"
R01273,officer,10,medium,medium,high,low,low,high,True,,Bedroom ceiling fan not operational. Location: Milikapiti.
R01274,sms,10,medium,medium,high,medium,medium,high,True,,"split system leaking wata, milikapiti"
R01275,kriol_inf,10,medium,medium,high,low,low,high,True,,fan brok la bedrum longa Milikapiti
R01276,app_style,10,medium,medium,high,medium,medium,medium,True,no_water,"split system leaking water, Ramingining"
R01277,officer,10,medium,medium,high,low,low,high,True,,Bedroom ceiling fan not operational. Location: Ramingining.
R01278,sms,10,medium,medium,high,medium,medium,high,True,,"split system leaking wata, ramingining"
R01279,kriol_inf,10,medium,medium,high,low,low,high,True,,fan brok la bedrum longa Ramingining
R01280,app_style,10,medium,medium,high,medium,medium,high,True,,"split system leaking water, Palumpa"
R01281,officer,10,medium,medium,high,low,low,high,True,,Bedroom ceiling fan not operational. Location: Palumpa.
R01282,sms,10,medium,medium,high,medium,medium,medium,True,no_water,"split system leakin wata, palumpa"
R01283,kriol_inf,10,medium,medium,high,low,low,high,True,,fan brok la bedrum longa Palumpa
R01284,app_style,10,medium,medium,high,low,low,high,True,,"fan broke in the bedroom, Ramingining"
R01285,officer,10,medium,medium,high,low,low,high,True,,Bedroom ceiling fan not operational. Location: Ramingining.
R01286,sms,10,medium,medium,high,low,low,high,True,,"fan broke in the bedroom, ramingining"
R01287,kriol_inf,10,medium,medium,high,low,low,high,True,,fan brok la bedrum longa Ramingining
R01288,app_style,10,medium,medium,high,low,low,high,True,,"fan broke in the bedroom, Pine Creek"
R01289,officer,10,medium,medium,high,low,low,high,True,,Bedroom ceiling fan not operational. Location: Pine Creek.
R01290,sms,10,medium,medium,high,low,low,high,True,,"fan broke in the bedroom, pine creek"
R01291,kriol_inf,10,medium,medium,high,low,low,high,True,,fan brok la bedrum longa Pine Creek
R01292,app_style,10,medium,medium,high,medium,medium,high,True,,"aircon not cooling properly, Alyangula"
R01293,officer,10,medium,medium,high,low,low,high,True,,Bedroom ceiling fan not operational. Location: Alyangula.
R01294,sms,10,medium,medium,high,medium,medium,medium,True,no_cooling_extreme_heat,"a/c not cooling properly, alyangula"
R01295,kriol_inf,10,medium,medium,high,low,low,high,True,,fan brok la bedrum longa Alyangula
R01296,app_style,10,medium,medium,high,medium,medium,high,True,,"aircon not cooling properly, Beswick"
R01297,officer,10,medium,medium,high,low,low,high,True,,Bedroom ceiling fan not operational. Location: Beswick.
R01298,sms,10,medium,medium,high,medium,medium,medium,True,no_cooling_extreme_heat,"aircon not cooling properly, beswick"
R01299,kriol_inf,10,medium,medium,high,low,low,high,True,,fan brok la bedrum longa Beswick
R01300,app_style,10,medium,medium,high,low,low,high,True,,"fan broke in the bedroom, Hermannsburg"
R01301,officer,10,medium,medium,high,low,low,high,True,,Bedroom ceiling fan not operational. Location: Hermannsburg.
R01302,sms,10,medium,medium,high,low,low,high,True,,"fan broke in the bedroom, hermannsburg"
R01303,kriol_inf,10,medium,medium,high,low,low,high,True,,fan brok la bedrum longa Hermannsburg
R01304,app_style,10,medium,medium,high,low,low,high,True,,"fan broke in the bedroom, Hermannsburg"
R01305,officer,10,medium,medium,high,low,low,high,True,,Bedroom ceiling fan not operational. Location: Hermannsburg.
R01306,sms,10,medium,medium,high,low,low,high,True,,"fan broke in the bedroom, hermannsburg"
R01307,kriol_inf,10,medium,medium,high,low,low,high,True,,fan brok la bedrum longa Hermannsburg
R01308,app_style,10,medium,medium,high,low,low,high,True,,"fan broke in the bedroom, Hermannsburg"
R01309,officer,10,medium,medium,high,low,low,high,True,,Bedroom ceiling fan not operational. Location: Hermannsburg.
R01310,sms,10,medium,medium,high,low,low,high,True,,"fan broke in the bedroom, hermannsburg"
R01311,kriol_inf,10,medium,medium,high,low,low,high,True,,fan brok la bedrum longa Hermannsburg
R01312,app_style,10,medium,medium,high,low,low,high,True,,"fan broke in the bedroom, Minyerri"
R01313,officer,10,medium,medium,high,low,low,high,True,,Bedroom ceiling fan not operational. Location: Minyerri.
R01314,sms,10,medium,medium,high,low,low,high,True,,"fan broke in the bedroom, minyerri"
R01315,kriol_inf,10,medium,medium,high,low,low,high,True,,fan brok la bedrum longa Minyerri
R01316,app_style,10,medium,medium,high,medium,medium,medium,True,no_cooling_extreme_heat,"aircon not cooling properly, Ngukurr"
R01317,officer,10,medium,medium,high,low,low,high,True,,Bedroom ceiling fan not operational. Location: Ngukurr.
R01318,sms,10,medium,medium,high,medium,medium,high,True,,"a/c not cooling properly, ngukurr"
R01319,kriol_inf,10,medium,medium,high,low,low,high,True,,fan brok la bedrum longa Ngukurr
R01320,app_style,11,high,high,high,high,medium,high,True,water_contamination,"water from the tap is brown and smells, got a baby here, Ti Tree"
R01321,officer,11,high,medium,high,high,medium,high,True,water_contamination,"Tenant reports discoloured, malodorous tap water; young children in the household. Location: Ti Tree."
R01322,sms,11,high,medium,high,high,medium,high,True,water_contamination,"wata from the tap is brwn and smels, got a bub here, ti tree"
R01323,kriol_inf,11,high,medium,high,high,medium,high,True,water_contamination,"wota la tap im braun en smel nogudwan, kid kan dringk longa Ti Tree"
R01324,app_style,11,high,high,high,high,medium,high,True,water_contamination,"bore water salty and smells off, got a baby here, Pine Creek"
R01325,officer,11,high,medium,high,high,medium,high,True,water_contamination,"Tenant reports discoloured, malodorous tap water; young children in the household. Location: Pine Creek."
R01326,sms,11,high,high,high,high,medium,high,True,water_contamination,"bore wata salty and smels off, got a bub here, pine creek"
R01327,kriol_inf,11,high,medium,high,high,medium,high,True,water_contamination,"wota la tap im braun en smel nogudwan, kid kan dringk longa Pine Creek"
R01328,app_style,11,high,high,high,high,high,high,True,water_contamination,"tank water is dirty and cant drink it, got a baby here, Ramingining"
R01329,officer,11,high,medium,high,high,medium,high,True,water_contamination,"Tenant reports discoloured, malodorous tap water; young children in the household. Location: Ramingining."
R01330,sms,11,high,high,high,high,medium,high,True,water_contamination,"tank wata is dirty and cant drink it, got a bub here, ramingining"
R01331,kriol_inf,11,high,medium,high,high,medium,high,True,water_contamination,"wota la tap im braun en smel nogudwan, kid kan dringk longa Ramingining"
R01332,app_style,11,high,high,high,high,high,high,True,water_contamination,"tank water is dirty and cant drink it, got a baby here, Minjilang"
R01333,officer,11,high,medium,high,high,medium,high,True,water_contamination,"Tenant reports discoloured, malodorous tap water; young children in the household. Location: Minjilang."
R01334,sms,11,high,high,high,high,medium,high,True,water_contamination,"tank wata is dirty and cant drink it, got a bub here, minjilang"
R01335,kriol_inf,11,high,medium,high,medium,medium,medium,True,no_water,"wota la tap im braun en smel nogudwan, kid kan dringk longa Minjilang"
R01336,app_style,11,high,high,high,high,medium,high,True,water_contamination,"water from the tap is brown and smells, got a baby here, Milingimbi"
R01337,officer,11,high,medium,high,high,medium,high,True,water_contamination,"Tenant reports discoloured, malodorous tap water; young children in the household. Location: Milingimbi."
R01338,sms,11,high,medium,high,high,medium,high,True,water_contamination,"water from the tap is brwn and smells, got a bub here, milingimbi"
R01339,kriol_inf,11,high,medium,high,high,medium,high,True,water_contamination,"wota la tap im braun en smel nogudwan, kid kan dringk longa Milingimbi"
R01340,app_style,11,high,high,high,high,medium,high,True,water_contamination,"water from the tap is brown and smells, got a baby here, Wurrumiyanga"
R01341,officer,11,high,medium,high,high,medium,high,True,water_contamination,"Tenant reports discoloured, malodorous tap water; young children in the household. Location: Wurrumiyanga."
R01342,sms,11,high,high,high,high,medium,high,True,water_contamination,"wata from the tap is brown and smels, got a bub here, wurrumiyanga"
R01343,kriol_inf,11,high,medium,high,high,medium,high,True,water_contamination,"wota la tap im braun en smel nogudwan, kid kan dringk longa Wurrumiyanga"
R01344,app_style,11,high,high,high,high,high,high,True,water_contamination,"bore water salty and smells off, got a baby here, Alice Springs"
R01345,officer,11,high,medium,high,high,medium,high,True,water_contamination,"Tenant reports discoloured, malodorous tap water; young children in the household. Location: Alice Springs."
R01346,sms,11,high,high,high,high,high,high,True,water_contamination,"bore water salty and smels off, got a bub here, alice springs"
R01347,kriol_inf,11,high,medium,high,low,low,high,True,,"wota la tap im braun en smel nogudwan, kid kan dringk longa Alice Springs"
R01348,app_style,11,high,high,high,high,high,high,True,water_contamination,"tank water is dirty and cant drink it, got a baby here, Numbulwar"
R01349,officer,11,high,medium,high,high,medium,high,True,water_contamination,"Tenant reports discoloured, malodorous tap water; young children in the household. Location: Numbulwar."
R01350,sms,11,high,high,high,critical,high,critical,True,water_contamination|medical_equipment,"tank water is dirty and cant drink it, got a bub here, numbulwar"
R01351,kriol_inf,11,high,medium,high,high,medium,high,True,water_contamination,"wota la tap im braun en smel nogudwan, kid kan dringk longa Numbulwar"
R01352,app_style,11,high,high,high,high,medium,high,True,water_contamination,"water from the tap is brown and smells, got a baby here, Lajamanu"
R01353,officer,11,high,medium,high,high,medium,high,True,water_contamination,"Tenant reports discoloured, malodorous tap water; young children in the household. Location: Lajamanu."
R01354,sms,11,high,medium,high,high,medium,high,True,water_contamination,"wata from the tap is brwn and smels, got a bub here, lajamanu"
R01355,kriol_inf,11,high,medium,high,high,medium,high,True,water_contamination,"wota la tap im braun en smel nogudwan, kid kan dringk longa Lajamanu"
R01356,app_style,11,high,high,high,high,medium,high,True,water_contamination,"water from the tap is brown and smells, got a baby here, Ramingining"
R01357,officer,11,high,medium,high,high,medium,high,True,water_contamination,"Tenant reports discoloured, malodorous tap water; young children in the household. Location: Ramingining."
R01358,sms,11,high,medium,high,high,medium,high,True,water_contamination,"wata from the tap is brwn and smels, got a baby here, ramingining"
R01359,kriol_inf,11,high,medium,high,high,medium,high,True,water_contamination,"wota la tap im braun en smel nogudwan, kid kan dringk longa Ramingining"
R01360,app_style,11,high,high,high,high,medium,high,True,water_contamination,"tank water is dirty and cant drink it, got a baby here, Docker River"
R01361,officer,11,high,medium,high,high,medium,high,True,water_contamination,"Tenant reports discoloured, malodorous tap water; young children in the household. Location: Docker River."
R01362,sms,11,high,high,high,high,high,high,True,water_contamination,"tank wata is dirty and cant drink it, got a baby here, docker river"
R01363,kriol_inf,11,high,medium,high,high,high,high,True,water_contamination,"wota la tap im braun en smel nogudwan, kid kan dringk longa Docker River"
R01364,app_style,11,high,high,high,high,medium,high,True,water_contamination,"water from the tap is brown and smells, got a baby here, Numbulwar"
R01365,officer,11,high,medium,high,high,medium,high,True,water_contamination,"Tenant reports discoloured, malodorous tap water; young children in the household. Location: Numbulwar."
R01366,sms,11,high,high,high,high,medium,high,True,water_contamination,"wata from the tap is brown and smells, got a bub here, numbulwar"
R01367,kriol_inf,11,high,medium,high,high,medium,high,True,water_contamination,"wota la tap im braun en smel nogudwan, kid kan dringk longa Numbulwar"
R01368,app_style,11,high,high,high,high,medium,high,True,water_contamination,"water from the tap is brown and smells, got a baby here, Kalkarindji"
R01369,officer,11,high,medium,high,high,medium,high,True,water_contamination,"Tenant reports discoloured, malodorous tap water; young children in the household. Location: Kalkarindji."
R01370,sms,11,high,medium,high,high,medium,high,True,water_contamination,"wata from the tap is brwn and smels, got a bub here, kalkarindji"
R01371,kriol_inf,11,high,medium,high,high,low,high,True,water_contamination,"wota la tap im braun en smel nogudwan, kid kan dringk longa Kalkarindji"
R01372,app_style,11,high,high,high,high,medium,high,True,water_contamination,"water from the tap is brown and smells, got a baby here, Batchelor"
R01373,officer,11,high,medium,high,high,medium,high,True,water_contamination,"Tenant reports discoloured, malodorous tap water; young children in the household. Location: Batchelor."
R01374,sms,11,high,medium,high,high,medium,high,True,water_contamination,"wata from the tap is brwn and smels, got a baby here, batchelor"
R01375,kriol_inf,11,high,medium,high,high,medium,high,True,water_contamination,"wota la tap im braun en smel nogudwan, kid kan dringk longa Batchelor"
R01376,app_style,11,high,high,high,high,high,high,True,water_contamination,"tank water is dirty and cant drink it, got a baby here, Minyerri"
R01377,officer,11,high,medium,high,high,medium,high,True,water_contamination,"Tenant reports discoloured, malodorous tap water; young children in the household. Location: Minyerri."
R01378,sms,11,high,high,high,high,medium,high,True,water_contamination,"tank wata is dirty and cant drink it, got a bub here, minyerri"
R01379,kriol_inf,11,high,medium,high,medium,medium,medium,True,no_water,"wota la tap im braun en smel nogudwan, kid kan dringk longa Minyerri"
R01380,app_style,11,high,high,high,high,medium,high,True,water_contamination,"bore water salty and smells off, got a baby here, Minjilang"
R01381,officer,11,high,medium,high,high,medium,high,True,water_contamination,"Tenant reports discoloured, malodorous tap water; young children in the household. Location: Minjilang."
R01382,sms,11,high,high,high,high,medium,high,True,water_contamination,"bore wata salty and smels off, got a bub here, minjilang"
R01383,kriol_inf,11,high,medium,high,medium,medium,medium,True,no_water,"wota la tap im braun en smel nogudwan, kid kan dringk longa Minjilang"
R01384,app_style,11,high,high,high,high,medium,high,True,water_contamination,"water from the tap is brown and smells, got a baby here, Palmerston"
R01385,officer,11,high,medium,high,high,medium,high,True,water_contamination,"Tenant reports discoloured, malodorous tap water; young children in the household. Location: Palmerston."
R01386,sms,11,high,medium,high,high,medium,high,True,water_contamination|child_safety,"wata from the tap is brwn and smells, got a baby here, palmerston"
R01387,kriol_inf,11,high,medium,high,low,low,low,True,no_water,"wota la tap im braun en smel nogudwan, kid kan dringk longa Palmerston"
R01388,app_style,11,high,high,high,high,high,high,True,water_contamination,"tank water is dirty and cant drink it, got a baby here, Kalkarindji"
R01389,officer,11,high,medium,high,high,medium,high,True,water_contamination,"Tenant reports discoloured, malodorous tap water; young children in the household. Location: Kalkarindji."
R01390,sms,11,high,high,high,high,medium,high,True,water_contamination,"tank wata is dirty and cant drink it, got a bub here, kalkarindji"
R01391,kriol_inf,11,high,medium,high,high,low,high,True,water_contamination,"wota la tap im braun en smel nogudwan, kid kan dringk longa Kalkarindji"
R01392,app_style,11,high,high,high,high,medium,high,True,water_contamination,"bore water salty and smells off, got a baby here, Batchelor"
R01393,officer,11,high,medium,high,high,medium,high,True,water_contamination,"Tenant reports discoloured, malodorous tap water; young children in the household. Location: Batchelor."
R01394,sms,11,high,high,high,high,medium,high,True,water_contamination,"bore wata salty and smels off, got a bub here, batchelor"
R01395,kriol_inf,11,high,medium,high,high,medium,high,True,water_contamination,"wota la tap im braun en smel nogudwan, kid kan dringk longa Batchelor"
R01396,app_style,11,high,high,high,high,medium,high,True,water_contamination,"bore water salty and smells off, got a baby here, Yirrkala"
R01397,officer,11,high,medium,high,high,medium,high,True,water_contamination,"Tenant reports discoloured, malodorous tap water; young children in the household. Location: Yirrkala."
R01398,sms,11,high,high,high,high,medium,high,True,water_contamination,"bore water salty and smels off, got a bub here, yirrkala"
R01399,kriol_inf,11,high,medium,high,critical,low,critical,True,no_water,"wota la tap im braun en smel nogudwan, kid kan dringk longa Yirrkala"
R01400,app_style,11,high,high,high,high,medium,high,True,water_contamination,"water from the tap is brown and smells, got a baby here, Milikapiti"
R01401,officer,11,high,medium,high,high,medium,high,True,water_contamination,"Tenant reports discoloured, malodorous tap water; young children in the household. Location: Milikapiti."
R01402,sms,11,high,high,high,high,medium,high,True,water_contamination,"water from the tap is brown and smels, got a baby here, milikapiti"
R01403,kriol_inf,11,high,medium,high,high,medium,high,True,water_contamination,"wota la tap im braun en smel nogudwan, kid kan dringk longa Milikapiti"
R01404,app_style,11,high,high,high,high,medium,high,True,water_contamination,"tank water is dirty and cant drink it, got a baby here, Mutitjulu"
R01405,officer,11,high,medium,high,high,medium,high,True,water_contamination,"Tenant reports discoloured, malodorous tap water; young children in the household. Location: Mutitjulu."
R01406,sms,11,high,high,high,high,medium,high,True,water_contamination,"tank wata is dirty and cant drink it, got a bub here, mutitjulu"
R01407,kriol_inf,11,high,medium,high,high,medium,high,True,water_contamination,"wota la tap im braun en smel nogudwan, kid kan dringk longa Mutitjulu"
R01408,app_style,11,high,high,high,high,medium,high,True,water_contamination,"water from the tap is brown and smells, got a baby here, Timber Creek"
R01409,officer,11,high,medium,high,medium,medium,high,True,,"Tenant reports discoloured, malodorous tap water; young children in the household. Location: Timber Creek."
R01410,sms,11,high,medium,high,high,medium,high,True,water_contamination,"wata from the tap is brwn and smells, got a bub here, timber creek"
R01411,kriol_inf,11,high,medium,high,low,low,low,True,no_water,"wota la tap im braun en smel nogudwan, kid kan dringk longa Timber Creek"
R01412,app_style,11,high,high,high,high,medium,high,True,water_contamination,"bore water salty and smells off, got a baby here, Lajamanu"
R01413,officer,11,high,medium,high,high,medium,high,True,water_contamination,"Tenant reports discoloured, malodorous tap water; young children in the household. Location: Lajamanu."
R01414,sms,11,high,high,high,high,high,high,True,water_contamination,"bore water salty and smels off, got a bub here, lajamanu"
R01415,kriol_inf,11,high,medium,high,high,medium,high,True,water_contamination,"wota la tap im braun en smel nogudwan, kid kan dringk longa Lajamanu"
R01416,app_style,11,high,high,high,high,medium,high,True,water_contamination,"bore water salty and smells off, got a baby here, Angurugu"
R01417,officer,11,high,medium,high,high,medium,high,True,water_contamination,"Tenant reports discoloured, malodorous tap water; young children in the household. Location: Angurugu."
R01418,sms,11,high,high,high,high,medium,high,True,water_contamination,"bore wata salty and smels off, got a bub here, angurugu"
R01419,kriol_inf,11,high,medium,high,high,medium,high,True,water_contamination,"wota la tap im braun en smel nogudwan, kid kan dringk longa Angurugu"
R01420,app_style,11,high,high,high,high,medium,high,True,water_contamination,"bore water salty and smells off, got a baby here, Palumpa"
R01421,officer,11,high,medium,high,high,medium,high,True,water_contamination,"Tenant reports discoloured, malodorous tap water; young children in the household. Location: Palumpa."
R01422,sms,11,high,high,high,high,medium,high,True,water_contamination,"bore wata salty and smels off, got a bub here, palumpa"
R01423,kriol_inf,11,high,medium,high,high,medium,high,True,water_contamination,"wota la tap im braun en smel nogudwan, kid kan dringk longa Palumpa"
R01424,app_style,11,high,high,high,high,high,high,True,water_contamination,"tank water is dirty and cant drink it, got a baby here, Batchelor"
R01425,officer,11,high,medium,high,high,medium,high,True,water_contamination,"Tenant reports discoloured, malodorous tap water; young children in the household. Location: Batchelor."
R01426,sms,11,high,high,high,high,high,high,True,water_contamination,"tank wata is dirty and cant drink it, got a baby here, batchelor"
R01427,kriol_inf,11,high,medium,high,high,medium,high,True,water_contamination,"wota la tap im braun en smel nogudwan, kid kan dringk longa Batchelor"
R01428,app_style,11,high,high,high,high,medium,high,True,water_contamination,"bore water salty and smells off, got a baby here, Timber Creek"
R01429,officer,11,high,medium,high,medium,medium,high,True,,"Tenant reports discoloured, malodorous tap water; young children in the household. Location: Timber Creek."
R01430,sms,11,high,high,high,high,medium,high,True,water_contamination,"bore wata salty and smels off, got a bub here, timber creek"
R01431,kriol_inf,11,high,medium,high,low,low,low,True,no_water,"wota la tap im braun en smel nogudwan, kid kan dringk longa Timber Creek"
R01432,app_style,11,high,high,high,high,medium,high,True,water_contamination,"bore water salty and smells off, got a baby here, Milikapiti"
R01433,officer,11,high,medium,high,high,medium,high,True,water_contamination,"Tenant reports discoloured, malodorous tap water; young children in the household. Location: Milikapiti."
R01434,sms,11,high,high,high,high,medium,high,True,water_contamination,"bore wata salty and smells off, got a bub here, milikapiti"
R01435,kriol_inf,11,high,medium,high,high,medium,high,True,water_contamination,"wota la tap im braun en smel nogudwan, kid kan dringk longa Milikapiti"
R01436,app_style,11,high,high,high,high,medium,high,True,water_contamination,"water from the tap is brown and smells, got a baby here, Batchelor"
R01437,officer,11,high,medium,high,high,medium,high,True,water_contamination,"Tenant reports discoloured, malodorous tap water; young children in the household. Location: Batchelor."
R01438,sms,11,high,medium,high,high,medium,high,True,water_contamination,"water from the tap is brwn and smels, got a bub here, batchelor"
R01439,kriol_inf,11,high,medium,high,high,medium,high,True,water_contamination,"wota la tap im braun en smel nogudwan, kid kan dringk longa Batchelor"
R01440,app_style,12,high,high,high,critical,medium,critical,True,sewage,"only toilet backing up, Maningrida"
R01441,officer,12,high,critical,critical,high,medium,high,True,only_toilet_blocked,The sole toilet in the dwelling is blocked and overflowing. Location: Maningrida.
R01442,sms,12,high,high,high,critical,high,critical,True,sewage,"only toilet backing up, maningrida"
R01443,kriol_inf,12,high,medium,high,high,low,high,True,only_toilet_blocked,onli wan toilet en im blok ap longa Maningrida
R01444,app_style,12,high,high,high,critical,medium,critical,True,sewage,"only toilet backing up, Palumpa"
R01445,officer,12,high,critical,critical,high,medium,high,True,only_toilet_blocked|sewage,The sole toilet in the dwelling is blocked and overflowing. Location: Palumpa.
R01446,sms,12,high,critical,critical,critical,medium,critical,True,sewage,"only toilt backing up, palumpa"
R01447,kriol_inf,12,high,medium,high,low,low,high,True,,onli wan toilet en im blok ap longa Palumpa
R01448,app_style,12,high,high,high,critical,high,critical,True,sewage,"only toilet backing up, Peppimenarti"
R01449,officer,12,high,critical,critical,critical,medium,critical,True,sewage,The sole toilet in the dwelling is blocked and overflowing. Location: Peppimenarti.
R01450,sms,12,high,critical,critical,critical,medium,critical,True,sewage,"only toilt backing up, peppimenarti"
R01451,kriol_inf,12,high,medium,high,low,low,high,True,,onli wan toilet en im blok ap longa Peppimenarti
R01452,app_style,12,high,high,high,high,medium,high,True,only_toilet_blocked|sewage,"toilet blocked and its the only one in the house, Gunbalanya"
R01453,officer,12,high,critical,critical,critical,medium,critical,True,sewage,The sole toilet in the dwelling is blocked and overflowing. Location: Gunbalanya.
R01454,sms,12,high,low,high,high,low,high,True,only_toilet_blocked,"toilt blocked and its the only one in the hse, gunbalanya"
R01455,kriol_inf,12,high,medium,high,high,low,high,True,only_toilet_blocked,onli wan toilet en im blok ap longa Gunbalanya
R01456,app_style,12,high,high,high,critical,medium,critical,True,sewage,"only toilet backing up, Milingimbi"
R01457,officer,12,high,critical,critical,critical,medium,critical,True,sewage,The sole toilet in the dwelling is blocked and overflowing. Location: Milingimbi.
R01458,sms,12,high,critical,critical,critical,medium,critical,True,sewage,"only toilt backing up, milingimbi"
R01459,kriol_inf,12,high,medium,high,high,low,high,True,only_toilet_blocked,onli wan toilet en im blok ap longa Milingimbi
R01460,app_style,12,high,high,high,critical,medium,critical,True,sewage,"only toilet backing up, Numbulwar"
R01461,officer,12,high,critical,critical,critical,medium,critical,True,sewage,The sole toilet in the dwelling is blocked and overflowing. Location: Numbulwar.
R01462,sms,12,high,critical,critical,critical,medium,critical,True,sewage,"only toilt backing up, numbulwar"
R01463,kriol_inf,12,high,medium,high,high,low,high,True,only_toilet_blocked,onli wan toilet en im blok ap longa Numbulwar
R01464,app_style,12,high,high,high,critical,medium,critical,True,sewage,"only toilet backing up, Angurugu"
R01465,officer,12,high,critical,critical,critical,medium,critical,True,sewage,The sole toilet in the dwelling is blocked and overflowing. Location: Angurugu.
R01466,sms,12,high,critical,critical,critical,high,critical,True,sewage,"only toilt backing up, angurugu"
R01467,kriol_inf,12,high,medium,high,low,low,high,True,,onli wan toilet en im blok ap longa Angurugu
R01468,app_style,12,high,high,high,critical,medium,critical,True,sewage,"one toilet blocked and overflowing, Hermannsburg"
R01469,officer,12,high,critical,critical,high,medium,high,True,only_toilet_blocked|sewage,The sole toilet in the dwelling is blocked and overflowing. Location: Hermannsburg.
R01470,sms,12,high,high,high,critical,medium,critical,True,sewage,"one toilet blocked and overflowin, hermannsburg"
R01471,kriol_inf,12,high,medium,high,low,low,high,True,,onli wan toilet en im blok ap longa Hermannsburg
R01472,app_style,12,high,high,high,critical,medium,critical,True,sewage,"only toilet backing up, Wurrumiyanga"
R01473,officer,12,high,critical,critical,critical,medium,critical,True,sewage,The sole toilet in the dwelling is blocked and overflowing. Location: Wurrumiyanga.
R01474,sms,12,high,high,high,critical,medium,critical,True,sewage,"only toilet backing up, wurrumiyanga"
R01475,kriol_inf,12,high,medium,high,high,low,high,True,only_toilet_blocked,onli wan toilet en im blok ap longa Wurrumiyanga
R01476,app_style,12,high,high,high,high,low,high,True,only_toilet_blocked,"toilet blocked and its the only one in the house, Ramingining"
R01477,officer,12,high,critical,critical,critical,medium,critical,True,sewage,The sole toilet in the dwelling is blocked and overflowing. Location: Ramingining.
R01478,sms,12,high,high,high,low,low,high,True,,"toilet blocked and its the only one in the hse, ramingining"
R01479,kriol_inf,12,high,medium,high,high,low,high,True,only_toilet_blocked,onli wan toilet en im blok ap longa Ramingining
R01480,app_style,12,high,high,high,critical,medium,critical,True,sewage,"one toilet blocked and overflowing, Milingimbi"
R01481,officer,12,high,critical,critical,critical,medium,critical,True,sewage,The sole toilet in the dwelling is blocked and overflowing. Location: Milingimbi.
R01482,sms,12,high,critical,critical,medium,medium,high,True,,"one toilt blocked and overflowin, milingimbi"
R01483,kriol_inf,12,high,medium,high,high,low,high,True,only_toilet_blocked,onli wan toilet en im blok ap longa Milingimbi
R01484,app_style,12,high,high,high,critical,medium,critical,True,sewage,"one toilet blocked and overflowing, Mataranka"
R01485,officer,12,high,critical,critical,critical,medium,critical,True,sewage,The sole toilet in the dwelling is blocked and overflowing. Location: Mataranka.
R01486,sms,12,high,critical,critical,critical,medium,critical,True,sewage,"one toilt blocked and overflowing, mataranka"
R01487,kriol_inf,12,high,medium,high,medium,medium,high,True,,onli wan toilet en im blok ap longa Mataranka
R01488,app_style,12,high,high,high,critical,medium,critical,True,sewage,"only toilet backing up, Pirlangimpi"
R01489,officer,12,high,critical,critical,critical,medium,critical,True,sewage,The sole toilet in the dwelling is blocked and overflowing. Location: Pirlangimpi.
R01490,sms,12,high,critical,critical,critical,medium,critical,True,sewage,"only toilt backing up, pirlangimpi"
R01491,kriol_inf,12,high,medium,high,low,low,high,True,,onli wan toilet en im blok ap longa Pirlangimpi
R01492,app_style,12,high,high,high,critical,medium,critical,True,sewage,"only toilet backing up, Daguragu"
R01493,officer,12,high,critical,critical,critical,medium,critical,True,sewage,The sole toilet in the dwelling is blocked and overflowing. Location: Daguragu.
R01494,sms,12,high,critical,critical,critical,medium,critical,True,sewage,"only toilt backing up, daguragu"
R01495,kriol_inf,12,high,medium,high,high,low,high,True,only_toilet_blocked,onli wan toilet en im blok ap longa Daguragu
R01496,app_style,12,high,high,high,high,low,high,True,only_toilet_blocked,"toilet blocked and its the only one in the house, Ngukurr"
R01497,officer,12,high,critical,critical,critical,medium,critical,True,sewage,The sole toilet in the dwelling is blocked and overflowing. Location: Ngukurr.
R01498,sms,12,high,low,high,high,low,high,True,only_toilet_blocked,"toilt blocked and its the only one in the hse, ngukurr"
R01499,kriol_inf,12,high,medium,high,low,low,high,True,,onli wan toilet en im blok ap longa Ngukurr
R01500,app_style,12,high,high,high,critical,medium,critical,True,sewage,"one toilet blocked and overflowing, Galiwin'ku"
R01501,officer,12,high,critical,critical,critical,medium,critical,True,sewage,The sole toilet in the dwelling is blocked and overflowing. Location: Galiwin'ku.
R01502,sms,12,high,high,high,critical,medium,critical,True,sewage,"one toilet blocked and overflowing, galiwinku"
R01503,kriol_inf,12,high,medium,high,high,low,high,True,only_toilet_blocked,onli wan toilet en im blok ap longa Galiwin'ku
R01504,app_style,12,high,high,high,critical,medium,critical,True,sewage,"one toilet blocked and overflowing, Adelaide River"
R01505,officer,12,high,critical,critical,critical,high,critical,True,sewage,The sole toilet in the dwelling is blocked and overflowing. Location: Adelaide River.
R01506,sms,12,high,high,high,critical,medium,critical,True,sewage,"one toilet blocked and overflowin, adelaide river"
R01507,kriol_inf,12,high,medium,high,high,low,high,True,only_toilet_blocked,onli wan toilet en im blok ap longa Adelaide River
R01508,app_style,12,high,high,high,critical,medium,critical,True,sewage,"one toilet blocked and overflowing, Humpty Doo"
R01509,officer,12,high,critical,critical,critical,medium,critical,True,sewage,The sole toilet in the dwelling is blocked and overflowing. Location: Humpty Doo.
R01510,sms,12,high,critical,critical,critical,medium,critical,True,sewage,"one toilt blocked and overflowing, humpty doo"
R01511,kriol_inf,12,high,medium,high,high,low,high,True,only_toilet_blocked,onli wan toilet en im blok ap longa Humpty Doo
R01512,app_style,12,high,high,high,critical,medium,critical,True,sewage,"one toilet blocked and overflowing, Wadeye"
R01513,officer,12,high,critical,critical,high,medium,high,True,only_toilet_blocked|sewage,The sole toilet in the dwelling is blocked and overflowing. Location: Wadeye.
R01514,sms,12,high,critical,critical,critical,medium,critical,True,sewage,"one toilt blocked and overflowin, wadeye"
R01515,kriol_inf,12,high,medium,high,critical,low,critical,True,sewage,onli wan toilet en im blok ap longa Wadeye
R01516,app_style,12,high,high,high,low,low,high,True,,"toilet blocked and its the only one in the house, Papunya"
R01517,officer,12,high,critical,critical,critical,medium,critical,True,sewage,The sole toilet in the dwelling is blocked and overflowing. Location: Papunya.
R01518,sms,12,high,low,high,low,low,high,True,,"toilt blocked and its the only one in the hse, papunya"
R01519,kriol_inf,12,high,medium,high,high,low,high,True,only_toilet_blocked,onli wan toilet en im blok ap longa Papunya
R01520,app_style,12,high,high,high,low,low,high,True,,"toilet blocked and its the only one in the house, Borroloola"
R01521,officer,12,high,critical,critical,critical,medium,critical,True,sewage,The sole toilet in the dwelling is blocked and overflowing. Location: Borroloola.
R01522,sms,12,high,low,high,low,low,high,True,,"toilt blocked and its the only one in the house, borroloola"
R01523,kriol_inf,12,high,medium,high,low,low,high,True,,onli wan toilet en im blok ap longa Borroloola
R01524,app_style,12,high,high,high,high,medium,high,True,sewage|only_toilet_blocked,"one toilet blocked and overflowing, Robinson River"
R01525,officer,12,high,critical,critical,critical,medium,critical,True,sewage,The sole toilet in the dwelling is blocked and overflowing. Location: Robinson River.
R01526,sms,12,high,critical,critical,critical,medium,critical,True,sewage,"one toilt blocked and overflowin, robinson river"
R01527,kriol_inf,12,high,medium,high,low,low,high,True,,onli wan toilet en im blok ap longa Robinson River
R01528,app_style,12,high,high,high,high,low,high,True,only_toilet_blocked,"toilet blocked and its the only one in the house, Elliott"
R01529,officer,12,high,critical,critical,high,medium,high,True,only_toilet_blocked|sewage,The sole toilet in the dwelling is blocked and overflowing. Location: Elliott.
R01530,sms,12,high,low,high,low,low,high,True,,"toilt blocked and its the only one in the hse, elliott"
R01531,kriol_inf,12,high,medium,high,low,low,high,True,,onli wan toilet en im blok ap longa Elliott
R01532,app_style,12,high,high,high,critical,medium,critical,True,sewage,"only toilet backing up, Angurugu"
R01533,officer,12,high,critical,critical,critical,medium,critical,True,sewage,The sole toilet in the dwelling is blocked and overflowing. Location: Angurugu.
R01534,sms,12,high,critical,critical,critical,high,critical,True,sewage,"only toilt backing up, angurugu"
R01535,kriol_inf,12,high,medium,high,low,low,high,True,,onli wan toilet en im blok ap longa Angurugu
R01536,app_style,12,high,high,high,critical,medium,critical,True,sewage,"only toilet backing up, Batchelor"
R01537,officer,12,high,critical,critical,critical,medium,critical,True,sewage,The sole toilet in the dwelling is blocked and overflowing. Location: Batchelor.
R01538,sms,12,high,critical,critical,critical,medium,critical,True,sewage,"only toilt backing up, batchelor"
R01539,kriol_inf,12,high,medium,high,high,low,high,True,only_toilet_blocked,onli wan toilet en im blok ap longa Batchelor
R01540,app_style,12,high,high,high,critical,medium,critical,True,sewage,"only toilet backing up, Docker River"
R01541,officer,12,high,critical,critical,critical,medium,critical,True,sewage|water_contamination,The sole toilet in the dwelling is blocked and overflowing. Location: Docker River.
R01542,sms,12,high,critical,critical,critical,medium,critical,True,sewage,"only toilt backing up, docker river"
R01543,kriol_inf,12,high,medium,high,critical,low,critical,True,sewage,onli wan toilet en im blok ap longa Docker River
R01544,app_style,12,high,high,high,critical,high,critical,True,sewage,"only toilet backing up, Gapuwiyak"
R01545,officer,12,high,critical,critical,critical,medium,critical,True,sewage,The sole toilet in the dwelling is blocked and overflowing. Location: Gapuwiyak.
R01546,sms,12,high,critical,critical,critical,medium,critical,True,sewage,"only toilt backing up, gapuwiyak"
R01547,kriol_inf,12,high,medium,high,high,low,high,True,only_toilet_blocked,onli wan toilet en im blok ap longa Gapuwiyak
R01548,app_style,12,high,high,high,critical,medium,critical,True,sewage,"one toilet blocked and overflowing, Pirlangimpi"
R01549,officer,12,high,critical,critical,critical,medium,critical,True,sewage,The sole toilet in the dwelling is blocked and overflowing. Location: Pirlangimpi.
R01550,sms,12,high,critical,critical,critical,high,critical,True,sewage,"one toilt blocked and overflowing, pirlangimpi"
R01551,kriol_inf,12,high,medium,high,low,low,high,True,,onli wan toilet en im blok ap longa Pirlangimpi
R01552,app_style,12,high,high,high,low,low,high,True,,"toilet blocked and its the only one in the house, Palumpa"
R01553,officer,12,high,critical,critical,high,medium,high,True,only_toilet_blocked|sewage,The sole toilet in the dwelling is blocked and overflowing. Location: Palumpa.
R01554,sms,12,high,high,high,high,low,high,True,only_toilet_blocked,"toilet blocked and its the only one in the hse, palumpa"
R01555,kriol_inf,12,high,medium,high,low,low,high,True,,onli wan toilet en im blok ap longa Palumpa
R01556,app_style,12,high,high,high,critical,medium,critical,True,sewage,"only toilet backing up, Milingimbi"
R01557,officer,12,high,critical,critical,critical,medium,critical,True,sewage,The sole toilet in the dwelling is blocked and overflowing. Location: Milingimbi.
R01558,sms,12,high,high,high,critical,medium,critical,True,sewage,"only toilet backing up, milingimbi"
R01559,kriol_inf,12,high,medium,high,high,low,high,True,only_toilet_blocked,onli wan toilet en im blok ap longa Milingimbi
R01560,app_style,13,high,medium,high,low,low,high,True,,"front gate broken and lock hanging off, Papunya"
R01561,officer,13,high,medium,high,medium,medium,medium,True,security,Rear door lock defective and a window broken; dwelling cannot be secured. Location: Papunya.
R01562,sms,13,high,medium,high,low,low,high,True,,"front gate broken and lok hanging off, papunya"
R01563,kriol_inf,13,high,low,high,medium,medium,high,True,,dowa kan lok en windo brok longa Papunya
R01564,app_style,13,high,high,high,medium,medium,medium,True,security,"back door wont lock and the window got smashed, Umbakumba"
R01565,officer,13,high,medium,high,medium,medium,medium,True,security,Rear door lock defective and a window broken; dwelling cannot be secured. Location: Umbakumba.
R01566,sms,13,high,high,high,medium,medium,medium,True,security,"back door wont lock and the window got smashd, umbakumba"
R01567,kriol_inf,13,high,low,high,low,low,high,True,,dowa kan lok en windo brok longa Umbakumba
R01568,app_style,13,high,high,high,medium,medium,medium,True,security,"back door wont lock and the window got smashed, Pirlangimpi"
R01569,officer,13,high,medium,high,medium,medium,medium,True,security,Rear door lock defective and a window broken; dwelling cannot be secured. Location: Pirlangimpi.
R01570,sms,13,high,high,high,medium,medium,medium,True,security,"back door wont lock and the window got smashd, pirlangimpi"
R01571,kriol_inf,13,high,low,high,critical,medium,critical,True,structural,dowa kan lok en windo brok longa Pirlangimpi
R01572,app_style,13,high,high,high,critical,medium,critical,True,security|structural,"back door wont lock and the window got smashed, Milikapiti"
R01573,officer,13,high,medium,high,medium,medium,medium,True,security,Rear door lock defective and a window broken; dwelling cannot be secured. Location: Milikapiti.
R01574,sms,13,high,medium,high,low,low,high,True,,"back door wont lok and the window got smashd, milikapiti"
R01575,kriol_inf,13,high,low,high,medium,medium,high,True,,dowa kan lok en windo brok longa Milikapiti
R01576,app_style,13,high,medium,high,low,low,low,True,security,"cant lock the house at night, Ngukurr"
R01577,officer,13,high,medium,high,medium,medium,medium,True,security,Rear door lock defective and a window broken; dwelling cannot be secured. Location: Ngukurr.
R01578,sms,13,high,low,high,low,low,low,True,security,"cant lok the hse at night, ngukurr"
R01579,kriol_inf,13,high,low,high,low,low,high,True,,dowa kan lok en windo brok longa Ngukurr
R01580,app_style,13,high,high,high,medium,medium,high,True,,"back door wont lock and the window got smashed, Galiwin'ku"
R01581,officer,13,high,medium,high,medium,medium,medium,True,security,Rear door lock defective and a window broken; dwelling cannot be secured. Location: Galiwin'ku.
R01582,sms,13,high,high,high,medium,medium,medium,True,security,"back door wont lock and the window got smashed, galiwinku"
R01583,kriol_inf,13,high,low,high,medium,medium,high,True,,dowa kan lok en windo brok longa Galiwin'ku
R01584,app_style,13,high,medium,high,low,low,high,True,,"cant lock the house at night, Minyerri"
R01585,officer,13,high,medium,high,medium,medium,medium,True,security,Rear door lock defective and a window broken; dwelling cannot be secured. Location: Minyerri.
R01586,sms,13,high,low,high,low,low,low,True,security,"cant lok the hse at night, minyerri"
R01587,kriol_inf,13,high,low,high,medium,medium,high,True,,dowa kan lok en windo brok longa Minyerri
R01588,app_style,13,high,medium,high,low,low,low,True,security,"cant lock the house at night, Katherine"
R01589,officer,13,high,medium,high,medium,medium,medium,True,security,Rear door lock defective and a window broken; dwelling cannot be secured. Location: Katherine.
R01590,sms,13,high,low,high,low,low,low,True,security,"cant lok the house at night, katherine"
R01591,kriol_inf,13,high,low,high,low,low,high,True,,dowa kan lok en windo brok longa Katherine
R01592,app_style,13,high,medium,high,low,low,high,True,,"cant lock the house at night, Beswick"
R01593,officer,13,high,medium,high,medium,medium,medium,True,security,Rear door lock defective and a window broken; dwelling cannot be secured. Location: Beswick.
R01594,sms,13,high,low,high,low,low,low,True,security,"cant lok the hse at night, beswick"
R01595,kriol_inf,13,high,low,high,low,low,high,True,,dowa kan lok en windo brok longa Beswick
R01596,app_style,13,high,medium,high,low,low,low,True,security,"cant lock the house at night, Wurrumiyanga"
R01597,officer,13,high,medium,high,medium,medium,medium,True,security,Rear door lock defective and a window broken; dwelling cannot be secured. Location: Wurrumiyanga.
R01598,sms,13,high,medium,high,medium,medium,medium,True,security,"cant lock the house at night, wurrumiyanga"
R01599,kriol_inf,13,high,low,high,medium,medium,high,True,,dowa kan lok en windo brok longa Wurrumiyanga
R01600,app_style,13,high,high,high,medium,medium,medium,True,security,"back door wont lock and the window got smashed, Alyangula"
R01601,officer,13,high,medium,high,medium,medium,medium,True,security,Rear door lock defective and a window broken; dwelling cannot be secured. Location: Alyangula.
R01602,sms,13,high,high,high,medium,medium,medium,True,security,"back door wont lock and the window got smashed, alyangula"
R01603,kriol_inf,13,high,low,high,medium,medium,high,True,,dowa kan lok en windo brok longa Alyangula
R01604,app_style,13,high,medium,high,low,low,low,True,security,"cant lock the house at night, Gapuwiyak"
R01605,officer,13,high,medium,high,medium,medium,medium,True,security,Rear door lock defective and a window broken; dwelling cannot be secured. Location: Gapuwiyak.
R01606,sms,13,high,low,high,low,low,low,True,security,"cant lok the house at night, gapuwiyak"
R01607,kriol_inf,13,high,low,high,medium,medium,high,True,,dowa kan lok en windo brok longa Gapuwiyak
R01608,app_style,13,high,high,high,critical,medium,critical,True,structural|security,"back door wont lock and the window got smashed, Ngukurr"
R01609,officer,13,high,medium,high,medium,medium,medium,True,security,Rear door lock defective and a window broken; dwelling cannot be secured. Location: Ngukurr.
R01610,sms,13,high,high,high,critical,medium,critical,True,structural,"back door wont lok and the window got smashed, ngukurr"
R01611,kriol_inf,13,high,low,high,low,low,high,True,,dowa kan lok en windo brok longa Ngukurr
R01612,app_style,13,high,medium,high,low,low,high,True,,"cant lock the house at night, Mutitjulu"
R01613,officer,13,high,medium,high,medium,medium,medium,True,security,Rear door lock defective and a window broken; dwelling cannot be secured. Location: Mutitjulu.
R01614,sms,13,high,medium,high,low,low,low,True,security,"cant lock the hse at night, mutitjulu"
R01615,kriol_inf,13,high,low,high,low,low,high,True,,dowa kan lok en windo brok longa Mutitjulu
R01616,app_style,13,high,medium,high,low,low,low,True,security,"cant lock the house at night, Humpty Doo"
R01617,officer,13,high,medium,high,medium,medium,medium,True,security,Rear door lock defective and a window broken; dwelling cannot be secured. Location: Humpty Doo.
R01618,sms,13,high,low,high,low,low,low,True,security,"cant lok the house at night, humpty doo"
R01619,kriol_inf,13,high,low,high,low,low,high,True,,dowa kan lok en windo brok longa Humpty Doo
R01620,app_style,13,high,high,high,medium,medium,medium,True,security,"back door wont lock and the window got smashed, Umbakumba"
R01621,officer,13,high,medium,high,medium,medium,medium,True,security,Rear door lock defective and a window broken; dwelling cannot be secured. Location: Umbakumba.
R01622,sms,13,high,medium,high,low,low,high,True,,"back door wont lok and the window got smashd, umbakumba"
R01623,kriol_inf,13,high,low,high,low,low,high,True,,dowa kan lok en windo brok longa Umbakumba
R01624,app_style,13,high,medium,high,low,low,high,True,,"front gate broken and lock hanging off, Papunya"
R01625,officer,13,high,medium,high,medium,medium,medium,True,security,Rear door lock defective and a window broken; dwelling cannot be secured. Location: Papunya.
R01626,sms,13,high,medium,high,low,low,high,True,,"front gate broken and lock hanging off, papunya"
R01627,kriol_inf,13,high,low,high,medium,medium,high,True,,dowa kan lok en windo brok longa Papunya
R01628,app_style,13,high,high,high,critical,medium,critical,True,structural|security,"back door wont lock and the window got smashed, Tennant Creek"
R01629,officer,13,high,medium,high,medium,medium,medium,True,security,Rear door lock defective and a window broken; dwelling cannot be secured. Location: Tennant Creek.
R01630,sms,13,high,high,high,critical,medium,critical,True,structural|security,"back door wont lock and the window got smashd, tennant creek"
R01631,kriol_inf,13,high,low,high,medium,medium,high,True,,dowa kan lok en windo brok longa Tennant Creek
R01632,app_style,13,high,high,high,medium,medium,medium,True,security,"back door wont lock and the window got smashed, Minyerri"
R01633,officer,13,high,medium,high,medium,medium,medium,True,security,Rear door lock defective and a window broken; dwelling cannot be secured. Location: Minyerri.
R01634,sms,13,high,medium,high,critical,medium,critical,True,security|structural,"back door wont lok and the window got smashd, minyerri"
R01635,kriol_inf,13,high,low,high,medium,medium,high,True,,dowa kan lok en windo brok longa Minyerri
R01636,app_style,13,high,medium,high,medium,medium,medium,True,security,"cant lock the house at night, Batchelor"
R01637,officer,13,high,medium,high,medium,medium,medium,True,security,Rear door lock defective and a window broken; dwelling cannot be secured. Location: Batchelor.
R01638,sms,13,high,low,high,low,low,low,True,security,"cant lok the hse at night, batchelor"
R01639,kriol_inf,13,high,low,high,low,low,high,True,,dowa kan lok en windo brok longa Batchelor
R01640,app_style,13,high,high,high,medium,medium,medium,True,security,"back door wont lock and the window got smashed, Minjilang"
R01641,officer,13,high,medium,high,medium,medium,medium,True,security,Rear door lock defective and a window broken; dwelling cannot be secured. Location: Minjilang.
R01642,sms,13,high,high,high,medium,medium,medium,True,security,"back door wont lok and the window got smashed, minjilang"
R01643,kriol_inf,13,high,low,high,medium,medium,high,True,,dowa kan lok en windo brok longa Minjilang
R01644,app_style,13,high,medium,high,low,low,high,True,,"front gate broken and lock hanging off, Warruwi"
R01645,officer,13,high,medium,high,medium,medium,medium,True,security,Rear door lock defective and a window broken; dwelling cannot be secured. Location: Warruwi.
R01646,sms,13,high,medium,high,low,low,high,True,,"front gate broken and lok hanging off, warruwi"
R01647,kriol_inf,13,high,low,high,medium,medium,high,True,,dowa kan lok en windo brok longa Warruwi
R01648,app_style,13,high,medium,high,medium,medium,medium,True,security,"cant lock the house at night, Pirlangimpi"
R01649,officer,13,high,medium,high,medium,medium,medium,True,security,Rear door lock defective and a window broken; dwelling cannot be secured. Location: Pirlangimpi.
R01650,sms,13,high,low,high,low,low,low,True,security,"cant lok the hse at night, pirlangimpi"
R01651,kriol_inf,13,high,low,high,critical,medium,critical,True,structural,dowa kan lok en windo brok longa Pirlangimpi
R01652,app_style,13,high,medium,high,low,low,high,True,,"front gate broken and lock hanging off, Katherine"
R01653,officer,13,high,medium,high,medium,medium,medium,True,security,Rear door lock defective and a window broken; dwelling cannot be secured. Location: Katherine.
R01654,sms,13,high,medium,high,low,low,high,True,,"front gate broken and lok hanging off, katherine"
R01655,kriol_inf,13,high,low,high,low,low,high,True,,dowa kan lok en windo brok longa Katherine
R01656,app_style,13,high,medium,high,low,low,high,True,,"front gate broken and lock hanging off, Minyerri"
R01657,officer,13,high,medium,high,medium,medium,medium,True,security,Rear door lock defective and a window broken; dwelling cannot be secured. Location: Minyerri.
R01658,sms,13,high,medium,high,low,low,high,True,,"front gate broken and lok hanging off, minyerri"
R01659,kriol_inf,13,high,low,high,medium,medium,high,True,,dowa kan lok en windo brok longa Minyerri
R01660,app_style,13,high,high,high,critical,medium,critical,True,structural|security,"back door wont lock and the window got smashed, Maningrida"
R01661,officer,13,high,medium,high,medium,medium,medium,True,security,Rear door lock defective and a window broken; dwelling cannot be secured. Location: Maningrida.
R01662,sms,13,high,high,high,medium,medium,medium,True,security,"back door wont lock and the window got smashd, maningrida"
R01663,kriol_inf,13,high,low,high,low,low,high,True,,dowa kan lok en windo brok longa Maningrida
R01664,app_style,13,high,medium,high,low,low,high,True,,"front gate broken and lock hanging off, Maningrida"
R01665,officer,13,high,medium,high,medium,medium,medium,True,security,Rear door lock defective and a window broken; dwelling cannot be secured. Location: Maningrida.
R01666,sms,13,high,medium,high,low,low,high,True,,"front gate broken and lok hanging off, maningrida"
R01667,kriol_inf,13,high,low,high,low,low,high,True,,dowa kan lok en windo brok longa Maningrida
R01668,app_style,13,high,high,high,critical,medium,critical,True,security|structural,"back door wont lock and the window got smashed, Elliott"
R01669,officer,13,high,medium,high,medium,medium,medium,True,security,Rear door lock defective and a window broken; dwelling cannot be secured. Location: Elliott.
R01670,sms,13,high,high,high,low,low,low,True,security,"back door wont lock and the window got smashd, elliott"
R01671,kriol_inf,13,high,low,high,low,low,high,True,,dowa kan lok en windo brok longa Elliott
R01672,app_style,13,high,high,high,critical,medium,critical,True,security|structural,"back door wont lock and the window got smashed, Jabiru"
R01673,officer,13,high,medium,high,medium,medium,medium,True,security,Rear door lock defective and a window broken; dwelling cannot be secured. Location: Jabiru.
R01674,sms,13,high,medium,high,critical,medium,critical,True,structural,"back door wont lok and the window got smashd, jabiru"
R01675,kriol_inf,13,high,low,high,low,low,high,True,,dowa kan lok en windo brok longa Jabiru
R01676,app_style,13,high,medium,high,low,low,high,True,,"cant lock the house at night, Milikapiti"
R01677,officer,13,high,medium,high,medium,medium,medium,True,security,Rear door lock defective and a window broken; dwelling cannot be secured. Location: Milikapiti.
R01678,sms,13,high,medium,high,low,low,low,True,security,"cant lock the house at night, milikapiti"
R01679,kriol_inf,13,high,low,high,medium,medium,high,True,,dowa kan lok en windo brok longa Milikapiti
R01680,app_style,14,critical,critical,critical,medium,medium,medium,True,security,"door wont lock and there was a break in, kids scared, got a baby here, Lajamanu"
R01681,officer,14,critical,medium,high,medium,medium,medium,True,security,Break-in reported; doors cannot be locked. Infant in the household. Location: Lajamanu.
R01682,sms,14,critical,critical,critical,medium,medium,medium,True,security,"door wont lok and there was a break in, kids scared, got a bub here, lajamanu"
R01683,kriol_inf,14,critical,low,high,low,low,high,True,,"samwan bin breikin, dowa kan lok, biginini frait longa Lajamanu"
R01684,app_style,14,critical,critical,critical,critical,medium,critical,True,structural|child_safety|security,"windows smashed and cant secure the house with the baby, got a baby here, Palmerston"
R01685,officer,14,critical,medium,high,critical,high,critical,True,security|child_safety,Break-in reported; doors cannot be locked. Infant in the household. Location: Palmerston.
R01686,sms,14,critical,medium,high,critical,medium,critical,True,structural,"windows smashd and cant secure the house with the bub, got a baby here, palmerston"
R01687,kriol_inf,14,critical,low,high,low,low,high,True,,"samwan bin breikin, dowa kan lok, biginini frait longa Palmerston"
R01688,app_style,14,critical,critical,critical,critical,medium,critical,True,structural|child_safety,"windows smashed and cant secure the house with the baby, got a baby here, Ramingining"
R01689,officer,14,critical,medium,high,medium,medium,medium,True,security,Break-in reported; doors cannot be locked. Infant in the household. Location: Ramingining.
R01690,sms,14,critical,critical,critical,critical,medium,critical,True,structural|child_safety|security,"windows smashed and cant secure the hse with the baby, got a bub here, ramingining"
R01691,kriol_inf,14,critical,low,high,low,low,high,True,,"samwan bin breikin, dowa kan lok, biginini frait longa Ramingining"
R01692,app_style,14,critical,critical,critical,critical,medium,critical,True,security|child_safety,"door wont lock and there was a break in, kids scared, got a baby here, Maningrida"
R01693,officer,14,critical,medium,high,high,high,high,True,security,Break-in reported; doors cannot be locked. Infant in the household. Location: Maningrida.
R01694,sms,14,critical,high,high,critical,medium,critical,True,security|child_safety,"door wont lok and there was a break in, kidz scared, got a bub here, maningrida"
R01695,kriol_inf,14,critical,low,high,low,low,high,True,,"samwan bin breikin, dowa kan lok, biginini frait longa Maningrida"
R01696,app_style,14,critical,critical,critical,critical,medium,critical,True,structural|child_safety|security,"windows smashed and cant secure the house with the baby, got a baby here, Jabiru"
R01697,officer,14,critical,medium,high,critical,high,critical,True,security|child_safety,Break-in reported; doors cannot be locked. Infant in the household. Location: Jabiru.
R01698,sms,14,critical,medium,high,critical,medium,critical,True,structural,"windows smashd and cant secure the hse with the bub, got a baby here, jabiru"
R01699,kriol_inf,14,critical,low,high,low,low,high,True,,"samwan bin breikin, dowa kan lok, biginini frait longa Jabiru"
R01700,app_style,14,critical,critical,critical,critical,medium,critical,True,structural|security,"windows smashed and cant secure the house with the baby, got a baby here, Wadeye"
R01701,officer,14,critical,medium,high,high,high,high,True,security,Break-in reported; doors cannot be locked. Infant in the household. Location: Wadeye.
R01702,sms,14,critical,medium,high,critical,medium,critical,True,structural|security,"windows smashd and cant secure the house with the bub, got a bub here, wadeye"
R01703,kriol_inf,14,critical,low,high,low,low,high,True,,"samwan bin breikin, dowa kan lok, biginini frait longa Wadeye"
R01704,app_style,14,critical,critical,critical,medium,medium,medium,True,security,"door wont lock and there was a break in, kids scared, got a baby here, Ramingining"
R01705,officer,14,critical,medium,high,medium,medium,medium,True,security,Break-in reported; doors cannot be locked. Infant in the household. Location: Ramingining.
R01706,sms,14,critical,critical,critical,critical,high,critical,True,security|child_safety,"door wont lok and there was a break in, kids scared, got a bub here, ramingining"
R01707,kriol_inf,14,critical,low,high,low,low,high,True,,"samwan bin breikin, dowa kan lok, biginini frait longa Ramingining"
R01708,app_style,14,critical,critical,critical,critical,medium,critical,True,security|child_safety,"door wont lock and there was a break in, kids scared, got a baby here, Borroloola"
R01709,officer,14,critical,medium,high,critical,high,critical,True,security|child_safety,Break-in reported; doors cannot be locked. Infant in the household. Location: Borroloola.
R01710,sms,14,critical,high,high,critical,medium,critical,True,security|child_safety,"door wont lok and there was a break in, kidz scared, got a bub here, borroloola"
R01711,kriol_inf,14,critical,low,high,low,low,high,True,,"samwan bin breikin, dowa kan lok, biginini frait longa Borroloola"
R01712,app_style,14,critical,critical,critical,critical,medium,critical,True,structural|child_safety,"windows smashed and cant secure the house with the baby, got a baby here, Peppimenarti"
R01713,officer,14,critical,medium,high,high,high,high,True,security,Break-in reported; doors cannot be locked. Infant in the household. Location: Peppimenarti.
R01714,sms,14,critical,high,high,critical,medium,critical,True,structural,"windows smashed and cant secure the hse with the bub, got a bub here, peppimenarti"
R01715,kriol_inf,14,critical,low,high,low,low,high,True,,"samwan bin breikin, dowa kan lok, biginini frait longa Peppimenarti"
R01716,app_style,14,critical,critical,critical,critical,medium,critical,True,structural,"windows smashed and cant secure the house with the baby, got a baby here, Numbulwar"
R01717,officer,14,critical,medium,high,high,high,high,True,security,Break-in reported; doors cannot be locked. Infant in the household. Location: Numbulwar.
R01718,sms,14,critical,critical,critical,critical,medium,critical,True,structural|child_safety|security,"windows smashed and cant secure the hse with the baby, got a bub here, numbulwar"
R01719,kriol_inf,14,critical,low,high,low,low,high,True,,"samwan bin breikin, dowa kan lok, biginini frait longa Numbulwar"
R01720,app_style,14,critical,critical,critical,critical,medium,critical,True,structural|child_safety|security,"windows smashed and cant secure the house with the baby, got a baby here, Palmerston"
R01721,officer,14,critical,medium,high,critical,high,critical,True,security|child_safety,Break-in reported; doors cannot be locked. Infant in the household. Location: Palmerston.
R01722,sms,14,critical,medium,high,critical,medium,critical,True,structural|child_safety|security,"windows smashd and cant secure the hse with the baby, got a bub here, palmerston"
R01723,kriol_inf,14,critical,low,high,low,low,high,True,,"samwan bin breikin, dowa kan lok, biginini frait longa Palmerston"
R01724,app_style,14,critical,critical,critical,critical,medium,critical,True,structural|child_safety,"windows smashed and cant secure the house with the baby, got a baby here, Yuendumu"
R01725,officer,14,critical,medium,high,high,high,high,True,security,Break-in reported; doors cannot be locked. Infant in the household. Location: Yuendumu.
R01726,sms,14,critical,medium,high,critical,medium,critical,True,structural,"windows smashd and cant secure the hse with the bub, got a baby here, yuendumu"
R01727,kriol_inf,14,critical,low,high,low,low,high,True,,"samwan bin breikin, dowa kan lok, biginini frait longa Yuendumu"
R01728,app_style,14,critical,critical,critical,critical,medium,critical,True,security|child_safety,"door wont lock and there was a break in, kids scared, got a baby here, Maningrida"
R01729,officer,14,critical,medium,high,high,high,high,True,security,Break-in reported; doors cannot be locked. Infant in the household. Location: Maningrida.
R01730,sms,14,critical,critical,critical,high,high,high,True,security,"door wont lock and there was a break in, kids scared, got a bub here, maningrida"
R01731,kriol_inf,14,critical,low,high,low,low,high,True,,"samwan bin breikin, dowa kan lok, biginini frait longa Maningrida"
R01732,app_style,14,critical,critical,critical,critical,medium,critical,True,security|child_safety,"door wont lock and there was a break in, kids scared, got a baby here, Pine Creek"
R01733,officer,14,critical,medium,high,critical,high,critical,True,security|child_safety,Break-in reported; doors cannot be locked. Infant in the household. Location: Pine Creek.
R01734,sms,14,critical,high,high,critical,medium,critical,True,security|child_safety,"door wont lock and there was a break in, kidz scared, got a bub here, pine creek"
R01735,kriol_inf,14,critical,low,high,low,low,high,True,,"samwan bin breikin, dowa kan lok, biginini frait longa Pine Creek"
R01736,app_style,14,critical,critical,critical,medium,medium,medium,True,security,"door wont lock and there was a break in, kids scared, got a baby here, Ti Tree"
R01737,officer,14,critical,medium,high,critical,high,critical,True,security|child_safety,Break-in reported; doors cannot be locked. Infant in the household. Location: Ti Tree.
R01738,sms,14,critical,high,high,critical,medium,critical,True,security|child_safety,"door wont lok and there was a break in, kidz scared, got a bub here, ti tree"
R01739,kriol_inf,14,critical,low,high,low,low,high,True,,"samwan bin breikin, dowa kan lok, biginini frait longa Ti Tree"
R01740,app_style,14,critical,critical,critical,critical,high,critical,True,structural|security,"windows smashed and cant secure the house with the baby, got a baby here, Papunya"
R01741,officer,14,critical,medium,high,high,high,high,True,security,Break-in reported; doors cannot be locked. Infant in the household. Location: Papunya.
R01742,sms,14,critical,high,high,critical,medium,critical,True,structural|security,"windows smashed and cant secure the hse with the bub, got a bub here, papunya"
R01743,kriol_inf,14,critical,low,high,low,low,high,True,,"samwan bin breikin, dowa kan lok, biginini frait longa Papunya"
R01744,app_style,14,critical,critical,critical,critical,high,critical,True,structural,"windows smashed and cant secure the house with the baby, got a baby here, Yirrkala"
R01745,officer,14,critical,medium,high,medium,medium,medium,True,security,Break-in reported; doors cannot be locked. Infant in the household. Location: Yirrkala.
R01746,sms,14,critical,medium,high,critical,medium,critical,True,security|child_safety,"windows smashd and cant secure the hse with the baby, got a bub here, yirrkala"
R01747,kriol_inf,14,critical,low,high,low,low,high,True,,"samwan bin breikin, dowa kan lok, biginini frait longa Yirrkala"
R01748,app_style,14,critical,critical,critical,high,high,high,True,security,"door wont lock and there was a break in, kids scared, got a baby here, Alyangula"
R01749,officer,14,critical,medium,high,critical,high,critical,True,security|child_safety,Break-in reported; doors cannot be locked. Infant in the household. Location: Alyangula.
R01750,sms,14,critical,critical,critical,critical,medium,critical,True,security|child_safety,"door wont lok and there was a break in, kidz scared, got a baby here, alyangula"
R01751,kriol_inf,14,critical,low,high,low,low,high,True,,"samwan bin breikin, dowa kan lok, biginini frait longa Alyangula"
R01752,app_style,14,critical,critical,critical,critical,medium,critical,True,security|child_safety,"door wont lock and there was a break in, kids scared, got a baby here, Darwin"
R01753,officer,14,critical,medium,high,critical,high,critical,True,security|child_safety,Break-in reported; doors cannot be locked. Infant in the household. Location: Darwin.
R01754,sms,14,critical,critical,critical,critical,medium,critical,True,security|child_safety,"door wont lok and there was a break in, kidz scared, got a baby here, darwin"
R01755,kriol_inf,14,critical,low,high,low,low,high,True,,"samwan bin breikin, dowa kan lok, biginini frait longa Darwin"
R01756,app_style,14,critical,critical,critical,critical,medium,critical,True,security|child_safety,"door wont lock and there was a break in, kids scared, got a baby here, Palmerston"
R01757,officer,14,critical,medium,high,critical,high,critical,True,security|child_safety,Break-in reported; doors cannot be locked. Infant in the household. Location: Palmerston.
R01758,sms,14,critical,critical,critical,critical,medium,critical,True,security|child_safety,"door wont lock and there was a break in, kids scared, got a baby here, palmerston"
R01759,kriol_inf,14,critical,low,high,low,low,high,True,,"samwan bin breikin, dowa kan lok, biginini frait longa Palmerston"
R01760,app_style,14,critical,critical,critical,medium,medium,medium,True,security,"door wont lock and there was a break in, kids scared, got a baby here, Daly Waters"
R01761,officer,14,critical,medium,high,critical,high,critical,True,security|child_safety,Break-in reported; doors cannot be locked. Infant in the household. Location: Daly Waters.
R01762,sms,14,critical,critical,critical,critical,high,critical,True,security|no_water,"door wont lok and there was a break in, kidz scared, got a baby here, daly waters"
R01763,kriol_inf,14,critical,low,high,low,low,high,True,,"samwan bin breikin, dowa kan lok, biginini frait longa Daly Waters"
R01764,app_style,14,critical,critical,critical,critical,medium,critical,True,structural|child_safety,"windows smashed and cant secure the house with the baby, got a baby here, Yuendumu"
R01765,officer,14,critical,medium,high,high,high,high,True,security,Break-in reported; doors cannot be locked. Infant in the household. Location: Yuendumu.
R01766,sms,14,critical,medium,high,critical,medium,critical,True,security|child_safety,"windows smashd and cant secure the house with the baby, got a baby here, yuendumu"
R01767,kriol_inf,14,critical,low,high,low,low,high,True,,"samwan bin breikin, dowa kan lok, biginini frait longa Yuendumu"
R01768,app_style,14,critical,critical,critical,critical,high,critical,True,structural|child_safety|security,"windows smashed and cant secure the house with the baby, got a baby here, Barunga"
R01769,officer,14,critical,medium,high,critical,high,critical,True,security|child_safety,Break-in reported; doors cannot be locked. Infant in the household. Location: Barunga.
R01770,sms,14,critical,high,high,critical,medium,critical,True,structural,"windows smashed and cant secure the house with the bub, got a bub here, barunga"
R01771,kriol_inf,14,critical,low,high,low,low,high,True,,"samwan bin breikin, dowa kan lok, biginini frait longa Barunga"
R01772,app_style,14,critical,critical,critical,critical,high,critical,True,structural|child_safety|security,"windows smashed and cant secure the house with the baby, got a baby here, Timber Creek"
R01773,officer,14,critical,medium,high,critical,high,critical,True,security|child_safety,Break-in reported; doors cannot be locked. Infant in the household. Location: Timber Creek.
R01774,sms,14,critical,medium,high,critical,medium,critical,True,child_safety|security,"windows smashd and cant secure the hse with the baby, got a bub here, timber creek"
R01775,kriol_inf,14,critical,low,high,low,low,high,True,,"samwan bin breikin, dowa kan lok, biginini frait longa Timber Creek"
R01776,app_style,14,critical,critical,critical,critical,medium,critical,True,structural|child_safety|security,"windows smashed and cant secure the house with the baby, got a baby here, Palmerston"
R01777,officer,14,critical,medium,high,critical,high,critical,True,security|child_safety,Break-in reported; doors cannot be locked. Infant in the household. Location: Palmerston.
R01778,sms,14,critical,critical,critical,critical,medium,critical,True,structural|security,"windows smashed and cant secure the hse with the baby, got a baby here, palmerston"
R01779,kriol_inf,14,critical,low,high,low,low,high,True,,"samwan bin breikin, dowa kan lok, biginini frait longa Palmerston"
R01780,app_style,14,critical,critical,critical,medium,medium,medium,True,security,"door wont lock and there was a break in, kids scared, got a baby here, Daly Waters"
R01781,officer,14,critical,medium,high,critical,high,critical,True,security|child_safety,Break-in reported; doors cannot be locked. Infant in the household. Location: Daly Waters.
R01782,sms,14,critical,critical,critical,critical,high,critical,True,security|no_water,"door wont lok and there was a break in, kidz scared, got a baby here, daly waters"
R01783,kriol_inf,14,critical,low,high,low,low,high,True,,"samwan bin breikin, dowa kan lok, biginini frait longa Daly Waters"
R01784,app_style,14,critical,critical,critical,critical,medium,critical,True,security|child_safety,"door wont lock and there was a break in, kids scared, got a baby here, Maningrida"
R01785,officer,14,critical,medium,high,high,high,high,True,security,Break-in reported; doors cannot be locked. Infant in the household. Location: Maningrida.
R01786,sms,14,critical,critical,critical,critical,medium,critical,True,security|child_safety,"door wont lok and there was a break in, kids scared, got a bub here, maningrida"
R01787,kriol_inf,14,critical,low,high,low,low,high,True,,"samwan bin breikin, dowa kan lok, biginini frait longa Maningrida"
R01788,app_style,14,critical,critical,critical,critical,high,critical,True,structural|child_safety|security,"windows smashed and cant secure the house with the baby, got a baby here, Timber Creek"
R01789,officer,14,critical,medium,high,critical,high,critical,True,security|child_safety,Break-in reported; doors cannot be locked. Infant in the household. Location: Timber Creek.
R01790,sms,14,critical,high,high,critical,medium,critical,True,structural,"windows smashed and cant secure the hse with the bub, got a bub here, timber creek"
R01791,kriol_inf,14,critical,low,high,low,low,high,True,,"samwan bin breikin, dowa kan lok, biginini frait longa Timber Creek"
R01792,app_style,14,critical,critical,critical,critical,medium,critical,True,security|child_safety,"door wont lock and there was a break in, kids scared, got a baby here, Peppimenarti"
R01793,officer,14,critical,medium,high,high,high,high,True,security,Break-in reported; doors cannot be locked. Infant in the household. Location: Peppimenarti.
R01794,sms,14,critical,critical,critical,medium,medium,medium,True,security,"door wont lok and there was a break in, kids scared, got a bub here, peppimenarti"
R01795,kriol_inf,14,critical,low,high,low,low,high,True,,"samwan bin breikin, dowa kan lok, biginini frait longa Peppimenarti"
R01796,app_style,14,critical,critical,critical,critical,medium,critical,True,structural|child_safety,"windows smashed and cant secure the house with the baby, got a baby here, Alyangula"
R01797,officer,14,critical,medium,high,critical,high,critical,True,security|child_safety,Break-in reported; doors cannot be locked. Infant in the household. Location: Alyangula.
R01798,sms,14,critical,medium,high,critical,high,critical,True,child_safety|security,"windows smashd and cant secure the hse with the baby, got a bub here, alyangula"
R01799,kriol_inf,14,critical,low,high,low,low,high,True,,"samwan bin breikin, dowa kan lok, biginini frait longa Alyangula"
R01800,app_style,15,medium,medium,high,high,high,high,True,fire_risk,"oven sparking and fridge not cold, Mutitjulu"
R01801,officer,15,medium,medium,high,low,low,high,True,,Stove inoperable; refrigerator has failed. Location: Mutitjulu.
R01802,sms,15,medium,medium,high,low,low,high,True,,"oven sparkn and fridge not cold, mutitjulu"
R01803,kriol_inf,15,medium,low,high,low,low,high,True,,"stob nomo werk, fridj brok longa Mutitjulu"
R01804,app_style,15,medium,medium,high,low,low,high,True,,"stove not working, Numbulwar"
R01805,officer,15,medium,medium,high,low,low,high,True,,Stove inoperable; refrigerator has failed. Location: Numbulwar.
R01806,sms,15,medium,medium,high,low,low,high,True,,"stove not working, numbulwar"
R01807,kriol_inf,15,medium,low,high,low,low,high,True,,"stob nomo werk, fridj brok longa Numbulwar"
R01808,app_style,15,medium,medium,high,low,low,high,True,,"stove stopped working and fridge died last week, Milingimbi"
R01809,officer,15,medium,medium,high,low,low,high,True,,Stove inoperable; refrigerator has failed. Location: Milingimbi.
R01810,sms,15,medium,medium,high,low,low,high,True,,"stove stopped working and fridge died last week, milingimbi"
R01811,kriol_inf,15,medium,low,high,low,low,high,True,,"stob nomo werk, fridj brok longa Milingimbi"
R01812,app_style,15,medium,medium,high,high,high,high,True,fire_risk,"oven sparking and fridge not cold, Ngukurr"
R01813,officer,15,medium,medium,high,low,low,high,True,,Stove inoperable; refrigerator has failed. Location: Ngukurr.
R01814,sms,15,medium,medium,high,medium,medium,high,True,,"oven sparkn and fridge not cold, ngukurr"
R01815,kriol_inf,15,medium,low,high,low,low,high,True,,"stob nomo werk, fridj brok longa Ngukurr"
R01816,app_style,15,medium,medium,high,low,low,high,True,,"stove not working, Wurrumiyanga"
R01817,officer,15,medium,medium,high,low,low,high,True,,Stove inoperable; refrigerator has failed. Location: Wurrumiyanga.
R01818,sms,15,medium,medium,high,medium,medium,high,True,,"stove not working, wurrumiyanga"
R01819,kriol_inf,15,medium,low,high,low,low,high,True,,"stob nomo werk, fridj brok longa Wurrumiyanga"
R01820,app_style,15,medium,medium,high,medium,medium,high,True,,"stove not working, Daly Waters"
R01821,officer,15,medium,medium,high,low,low,high,True,,Stove inoperable; refrigerator has failed. Location: Daly Waters.
R01822,sms,15,medium,medium,high,medium,medium,medium,True,no_water,"stove not working, daly waters"
R01823,kriol_inf,15,medium,low,high,low,low,high,True,,"stob nomo werk, fridj brok longa Daly Waters"
R01824,app_style,15,medium,medium,high,low,low,high,True,,"stove not working, Minyerri"
R01825,officer,15,medium,medium,high,low,low,high,True,,Stove inoperable; refrigerator has failed. Location: Minyerri.
R01826,sms,15,medium,medium,high,medium,medium,high,True,,"stove not working, minyerri"
R01827,kriol_inf,15,medium,low,high,low,low,high,True,,"stob nomo werk, fridj brok longa Minyerri"
R01828,app_style,15,medium,medium,high,high,high,high,True,fire_risk,"oven sparking and fridge not cold, Angurugu"
R01829,officer,15,medium,medium,high,low,low,high,True,,Stove inoperable; refrigerator has failed. Location: Angurugu.
R01830,sms,15,medium,medium,high,low,low,high,True,,"oven sparkn and fridge not cold, angurugu"
R01831,kriol_inf,15,medium,low,high,low,low,high,True,,"stob nomo werk, fridj brok longa Angurugu"
R01832,app_style,15,medium,medium,high,low,low,high,True,,"stove not working, Maningrida"
R01833,officer,15,medium,medium,high,low,low,high,True,,Stove inoperable; refrigerator has failed. Location: Maningrida.
R01834,sms,15,medium,medium,high,medium,medium,high,True,,"stove not working, maningrida"
R01835,kriol_inf,15,medium,low,high,low,low,high,True,,"stob nomo werk, fridj brok longa Maningrida"
R01836,app_style,15,medium,medium,high,medium,medium,high,True,,"stove not working, Milingimbi"
R01837,officer,15,medium,medium,high,low,low,high,True,,Stove inoperable; refrigerator has failed. Location: Milingimbi.
R01838,sms,15,medium,medium,high,medium,medium,high,True,,"stove not working, milingimbi"
R01839,kriol_inf,15,medium,low,high,low,low,high,True,,"stob nomo werk, fridj brok longa Milingimbi"
R01840,app_style,15,medium,medium,high,low,low,high,True,,"stove stopped working and fridge died last week, Minyerri"
R01841,officer,15,medium,medium,high,low,low,high,True,,Stove inoperable; refrigerator has failed. Location: Minyerri.
R01842,sms,15,medium,medium,high,low,low,high,True,,"stove stopped working and fridge died last week, minyerri"
R01843,kriol_inf,15,medium,low,high,low,low,high,True,,"stob nomo werk, fridj brok longa Minyerri"
R01844,app_style,15,medium,medium,high,medium,medium,high,True,,"stove not working, Barunga"
R01845,officer,15,medium,medium,high,low,low,high,True,,Stove inoperable; refrigerator has failed. Location: Barunga.
R01846,sms,15,medium,medium,high,medium,medium,high,True,,"stove not working, barunga"
R01847,kriol_inf,15,medium,low,high,low,low,high,True,,"stob nomo werk, fridj brok longa Barunga"
R01848,app_style,15,medium,medium,high,low,low,high,True,,"stove stopped working and fridge died last week, Batchelor"
R01849,officer,15,medium,medium,high,low,low,high,True,,Stove inoperable; refrigerator has failed. Location: Batchelor.
R01850,sms,15,medium,medium,high,low,low,high,True,,"stove stopped working and fridge died last week, batchelor"
R01851,kriol_inf,15,medium,low,high,low,low,high,True,,"stob nomo werk, fridj brok longa Batchelor"
R01852,app_style,15,medium,medium,high,medium,medium,medium,True,fire_risk,"oven sparking and fridge not cold, Palumpa"
R01853,officer,15,medium,medium,high,medium,medium,high,True,,Stove inoperable; refrigerator has failed. Location: Palumpa.
R01854,sms,15,medium,medium,high,low,low,high,True,,"oven sparkn and fridge not cold, palumpa"
R01855,kriol_inf,15,medium,low,high,low,low,high,True,,"stob nomo werk, fridj brok longa Palumpa"
R01856,app_style,15,medium,medium,high,high,high,high,True,fire_risk,"oven sparking and fridge not cold, Papunya"
R01857,officer,15,medium,medium,high,low,low,high,True,,Stove inoperable; refrigerator has failed. Location: Papunya.
R01858,sms,15,medium,medium,high,medium,medium,medium,True,fire_risk,"oven sparking and fridge not cold, papunya"
R01859,kriol_inf,15,medium,low,high,low,low,high,True,,"stob nomo werk, fridj brok longa Papunya"
R01860,app_style,15,medium,medium,high,low,low,high,True,,"stove not working, Ti Tree"
R01861,officer,15,medium,medium,high,medium,medium,high,True,,Stove inoperable; refrigerator has failed. Location: Ti Tree.
R01862,sms,15,medium,medium,high,medium,medium,high,True,,"stove not working, ti tree"
R01863,kriol_inf,15,medium,low,high,low,low,high,True,,"stob nomo werk, fridj brok longa Ti Tree"
R01864,app_style,15,medium,medium,high,medium,medium,medium,True,fire_risk,"oven sparking and fridge not cold, Minjilang"
R01865,officer,15,medium,medium,high,medium,medium,high,True,,Stove inoperable; refrigerator has failed. Location: Minjilang.
R01866,sms,15,medium,medium,high,medium,medium,medium,True,fire_risk,"oven sparking and fridge not cold, minjilang"
R01867,kriol_inf,15,medium,low,high,low,low,high,True,,"stob nomo werk, fridj brok longa Minjilang"
R01868,app_style,15,medium,medium,high,high,high,high,True,fire_risk,"oven sparking and fridge not cold, Ti Tree"
R01869,officer,15,medium,medium,high,medium,medium,high,True,,Stove inoperable; refrigerator has failed. Location: Ti Tree.
R01870,sms,15,medium,medium,high,low,low,high,True,,"oven sparkn and fridge not cold, ti tree"
R01871,kriol_inf,15,medium,low,high,low,low,high,True,,"stob nomo werk, fridj brok longa Ti Tree"
R01872,app_style,15,medium,medium,high,medium,medium,medium,True,fire_risk,"oven sparking and fridge not cold, Milingimbi"
R01873,officer,15,medium,medium,high,low,low,high,True,,Stove inoperable; refrigerator has failed. Location: Milingimbi.
R01874,sms,15,medium,medium,high,low,low,high,True,,"oven sparkn and fridge not cold, milingimbi"
R01875,kriol_inf,15,medium,low,high,low,low,high,True,,"stob nomo werk, fridj brok longa Milingimbi"
R01876,app_style,15,medium,medium,high,low,low,high,True,,"stove stopped working and fridge died last week, Robinson River"
R01877,officer,15,medium,medium,high,low,low,high,True,,Stove inoperable; refrigerator has failed. Location: Robinson River.
R01878,sms,15,medium,medium,high,low,low,high,True,,"stove stopped working and fridge died last week, robinson river"
R01879,kriol_inf,15,medium,low,high,low,low,high,True,,"stob nomo werk, fridj brok longa Robinson River"
R01880,app_style,15,medium,medium,high,low,low,high,True,,"stove stopped working and fridge died last week, Maningrida"
R01881,officer,15,medium,medium,high,low,low,high,True,,Stove inoperable; refrigerator has failed. Location: Maningrida.
R01882,sms,15,medium,medium,high,low,low,high,True,,"stove stopped working and fridge died last week, maningrida"
R01883,kriol_inf,15,medium,low,high,low,low,high,True,,"stob nomo werk, fridj brok longa Maningrida"
R01884,app_style,15,medium,medium,high,low,low,high,True,,"stove stopped working and fridge died last week, Kalkarindji"
R01885,officer,15,medium,medium,high,low,low,high,True,,Stove inoperable; refrigerator has failed. Location: Kalkarindji.
R01886,sms,15,medium,medium,high,low,low,high,True,,"stove stopped working and fridge died last week, kalkarindji"
R01887,kriol_inf,15,medium,low,high,low,low,high,True,,"stob nomo werk, fridj brok longa Kalkarindji"
R01888,app_style,15,medium,medium,high,medium,medium,medium,True,fire_risk,"oven sparking and fridge not cold, Barunga"
R01889,officer,15,medium,medium,high,low,low,high,True,,Stove inoperable; refrigerator has failed. Location: Barunga.
R01890,sms,15,medium,medium,high,medium,medium,medium,True,fire_risk|no_cooling_extreme_heat,"oven sparkn and fridge not cold, barunga"
R01891,kriol_inf,15,medium,low,high,low,low,high,True,,"stob nomo werk, fridj brok longa Barunga"
R01892,app_style,15,medium,medium,high,medium,medium,high,True,,"stove not working, Milingimbi"
R01893,officer,15,medium,medium,high,low,low,high,True,,Stove inoperable; refrigerator has failed. Location: Milingimbi.
R01894,sms,15,medium,medium,high,medium,medium,high,True,,"stove not working, milingimbi"
R01895,kriol_inf,15,medium,low,high,low,low,high,True,,"stob nomo werk, fridj brok longa Milingimbi"
R01896,app_style,15,medium,medium,high,low,low,high,True,,"stove not working, Minyerri"
R01897,officer,15,medium,medium,high,low,low,high,True,,Stove inoperable; refrigerator has failed. Location: Minyerri.
R01898,sms,15,medium,medium,high,medium,medium,high,True,,"stove not working, minyerri"
R01899,kriol_inf,15,medium,low,high,low,low,high,True,,"stob nomo werk, fridj brok longa Minyerri"
R01900,app_style,15,medium,medium,high,medium,medium,medium,True,fire_risk,"oven sparking and fridge not cold, Batchelor"
R01901,officer,15,medium,medium,high,low,low,high,True,,Stove inoperable; refrigerator has failed. Location: Batchelor.
R01902,sms,15,medium,medium,high,low,low,high,True,,"oven sparkn and fridge not cold, batchelor"
R01903,kriol_inf,15,medium,low,high,low,low,high,True,,"stob nomo werk, fridj brok longa Batchelor"
R01904,app_style,15,medium,medium,high,medium,medium,high,True,,"stove not working, Humpty Doo"
R01905,officer,15,medium,medium,high,low,low,high,True,,Stove inoperable; refrigerator has failed. Location: Humpty Doo.
R01906,sms,15,medium,medium,high,low,low,high,True,,"stove not working, humpty doo"
R01907,kriol_inf,15,medium,low,high,low,low,high,True,,"stob nomo werk, fridj brok longa Humpty Doo"
R01908,app_style,15,medium,medium,high,medium,medium,medium,True,fire_risk,"oven sparking and fridge not cold, Numbulwar"
R01909,officer,15,medium,medium,high,low,low,high,True,,Stove inoperable; refrigerator has failed. Location: Numbulwar.
R01910,sms,15,medium,medium,high,low,low,high,True,,"oven sparkn and fridge not cold, numbulwar"
R01911,kriol_inf,15,medium,low,high,low,low,high,True,,"stob nomo werk, fridj brok longa Numbulwar"
R01912,app_style,15,medium,medium,high,medium,medium,medium,True,fire_risk,"oven sparking and fridge not cold, Lajamanu"
R01913,officer,15,medium,medium,high,low,low,high,True,,Stove inoperable; refrigerator has failed. Location: Lajamanu.
R01914,sms,15,medium,medium,high,medium,medium,medium,True,no_cooling_extreme_heat,"oven sparkn and fridge not cold, lajamanu"
R01915,kriol_inf,15,medium,low,high,low,low,high,True,,"stob nomo werk, fridj brok longa Lajamanu"
R01916,app_style,15,medium,medium,high,medium,medium,high,True,,"stove not working, Gapuwiyak"
R01917,officer,15,medium,medium,high,low,low,high,True,,Stove inoperable; refrigerator has failed. Location: Gapuwiyak.
R01918,sms,15,medium,medium,high,medium,medium,high,True,,"stove not working, gapuwiyak"
R01919,kriol_inf,15,medium,low,high,low,low,high,True,,"stob nomo werk, fridj brok longa Gapuwiyak"
R01920,app_style,16,low,low,high,low,low,high,True,,"shower head dripping and a tile cracked, Milingimbi"
R01921,officer,16,low,low,high,low,low,high,True,,Shower head dripping; cracked tile in the bathroom. Location: Milingimbi.
R01922,sms,16,low,low,high,low,low,high,True,,"shower head dripping and a tile cracked, milingimbi"
R01923,kriol_inf,16,low,low,high,low,low,low,True,no_water,showa drip drip longa Milingimbi
R01924,app_style,16,low,medium,high,medium,medium,high,True,,"bath leaking through the floor slowly, Yirrkala"
R01925,officer,16,low,low,high,low,low,high,True,,Shower head dripping; cracked tile in the bathroom. Location: Yirrkala.
R01926,sms,16,low,medium,high,medium,medium,medium,True,no_water,"bath leaking through the floor slowly, yirrkala"
R01927,kriol_inf,16,low,low,high,low,low,low,True,no_water,showa drip drip longa Yirrkala
R01928,app_style,16,low,medium,high,medium,medium,high,True,,"bath leaking through the floor slowly, Batchelor"
R01929,officer,16,low,low,high,low,low,high,True,,Shower head dripping; cracked tile in the bathroom. Location: Batchelor.
R01930,sms,16,low,medium,high,medium,medium,high,True,,"bath leaking through the floor slowly, batchelor"
R01931,kriol_inf,16,low,low,high,low,low,low,True,no_water,showa drip drip longa Batchelor
R01932,app_style,16,low,low,high,low,low,high,True,,"shower head dripping and a tile cracked, Milikapiti"
R01933,officer,16,low,low,high,low,low,high,True,,Shower head dripping; cracked tile in the bathroom. Location: Milikapiti.
R01934,sms,16,low,low,high,low,low,high,True,,"shower head dripping and a tile cracked, milikapiti"
R01935,kriol_inf,16,low,low,high,low,low,low,True,no_water,showa drip drip longa Milikapiti
R01936,app_style,16,low,low,high,low,low,high,True,,"shower head dripping and a tile cracked, Elliott"
R01937,officer,16,low,low,high,low,low,high,True,,Shower head dripping; cracked tile in the bathroom. Location: Elliott.
R01938,sms,16,low,low,high,low,low,high,True,,"shower head dripping and a tile crakd, elliott"
R01939,kriol_inf,16,low,low,high,low,low,high,True,,showa drip drip longa Elliott
R01940,app_style,16,low,high,high,low,low,high,True,,"shower no water pressure, Wadeye"
R01941,officer,16,low,low,high,low,low,high,True,,Shower head dripping; cracked tile in the bathroom. Location: Wadeye.
R01942,sms,16,low,low,high,low,low,low,True,no_water,"shower no wata pressure, wadeye"
R01943,kriol_inf,16,low,low,high,low,low,high,True,,showa drip drip longa Wadeye
R01944,app_style,16,low,low,high,low,low,high,True,,"shower head dripping and a tile cracked, Pirlangimpi"
R01945,officer,16,low,low,high,low,low,high,True,,Shower head dripping; cracked tile in the bathroom. Location: Pirlangimpi.
R01946,sms,16,low,low,high,low,low,low,True,no_water,"shower head dripping and a tile cracked, pirlangimpi"
R01947,kriol_inf,16,low,low,high,low,low,low,True,no_water,showa drip drip longa Pirlangimpi
R01948,app_style,16,low,high,high,low,low,low,True,no_water,"shower no water pressure, Tennant Creek"
R01949,officer,16,low,low,high,low,low,high,True,,Shower head dripping; cracked tile in the bathroom. Location: Tennant Creek.
R01950,sms,16,low,low,high,low,low,low,True,no_water,"shower no wata pressure, tennant creek"
R01951,kriol_inf,16,low,low,high,low,low,high,True,,showa drip drip longa Tennant Creek
R01952,app_style,16,low,low,high,low,low,high,True,,"shower head dripping and a tile cracked, Daly Waters"
R01953,officer,16,low,low,high,low,low,high,True,,Shower head dripping; cracked tile in the bathroom. Location: Daly Waters.
R01954,sms,16,low,low,high,critical,low,critical,True,structural,"shower head dripping and a tile crakd, daly waters"
R01955,kriol_inf,16,low,low,high,medium,medium,medium,True,no_water,showa drip drip longa Daly Waters
R01956,app_style,16,low,low,high,low,low,high,True,,"shower head dripping and a tile cracked, Lajamanu"
R01957,officer,16,low,low,high,low,low,high,True,,Shower head dripping; cracked tile in the bathroom. Location: Lajamanu.
R01958,sms,16,low,low,high,low,low,high,True,,"shower head dripping and a tile crakd, lajamanu"
R01959,kriol_inf,16,low,low,high,medium,medium,medium,True,no_water,showa drip drip longa Lajamanu
R01960,app_style,16,low,medium,high,medium,medium,high,True,,"bath leaking through the floor slowly, Yirrkala"
R01961,officer,16,low,low,high,low,low,high,True,,Shower head dripping; cracked tile in the bathroom. Location: Yirrkala.
R01962,sms,16,low,medium,high,medium,medium,medium,True,no_water,"bath leakin through the floor slowly, yirrkala"
R01963,kriol_inf,16,low,low,high,low,low,low,True,no_water,showa drip drip longa Yirrkala
R01964,app_style,16,low,medium,high,medium,medium,high,True,,"bath leaking through the floor slowly, Mataranka"
R01965,officer,16,low,low,high,low,low,high,True,,Shower head dripping; cracked tile in the bathroom. Location: Mataranka.
R01966,sms,16,low,medium,high,medium,medium,medium,True,no_water,"bath leakin through the floor slowly, mataranka"
R01967,kriol_inf,16,low,low,high,low,low,low,True,no_water,showa drip drip longa Mataranka
R01968,app_style,16,low,high,high,low,low,high,True,,"shower no water pressure, Alyangula"
R01969,officer,16,low,low,high,low,low,high,True,,Shower head dripping; cracked tile in the bathroom. Location: Alyangula.
R01970,sms,16,low,low,high,low,low,low,True,no_water,"shower no wata pressure, alyangula"
R01971,kriol_inf,16,low,low,high,medium,medium,medium,True,no_water,showa drip drip longa Alyangula
R01972,app_style,16,low,high,high,low,low,high,True,,"shower no water pressure, Batchelor"
R01973,officer,16,low,low,high,low,low,high,True,,Shower head dripping; cracked tile in the bathroom. Location: Batchelor.
R01974,sms,16,low,low,high,low,low,low,True,no_water,"shower no wata pressure, batchelor"
R01975,kriol_inf,16,low,low,high,low,low,low,True,no_water,showa drip drip longa Batchelor
R01976,app_style,16,low,low,high,low,low,high,True,,"shower head dripping and a tile cracked, Daly Waters"
R01977,officer,16,low,low,high,low,low,high,True,,Shower head dripping; cracked tile in the bathroom. Location: Daly Waters.
R01978,sms,16,low,low,high,critical,low,critical,True,structural,"shower head dripping and a tile crakd, daly waters"
R01979,kriol_inf,16,low,low,high,medium,medium,medium,True,no_water,showa drip drip longa Daly Waters
R01980,app_style,16,low,medium,high,medium,medium,medium,True,no_water,"bath leaking through the floor slowly, Wurrumiyanga"
R01981,officer,16,low,low,high,low,low,high,True,,Shower head dripping; cracked tile in the bathroom. Location: Wurrumiyanga.
R01982,sms,16,low,medium,high,medium,medium,medium,True,no_water,"bath leaking through the floor slowly, wurrumiyanga"
R01983,kriol_inf,16,low,low,high,low,low,low,True,no_water,showa drip drip longa Wurrumiyanga
R01984,app_style,16,low,high,high,low,low,high,True,,"shower no water pressure, Minjilang"
R01985,officer,16,low,low,high,low,low,high,True,,Shower head dripping; cracked tile in the bathroom. Location: Minjilang.
R01986,sms,16,low,low,high,low,low,low,True,no_water,"shower no wata pressure, minjilang"
R01987,kriol_inf,16,low,low,high,medium,medium,medium,True,no_water,showa drip drip longa Minjilang
R01988,app_style,16,low,high,high,low,low,low,True,no_water,"shower no water pressure, Alice Springs"
R01989,officer,16,low,low,high,low,low,high,True,,Shower head dripping; cracked tile in the bathroom. Location: Alice Springs.
R01990,sms,16,low,low,high,low,low,low,True,no_water,"shower no wata pressure, alice springs"
R01991,kriol_inf,16,low,low,high,low,low,low,True,no_water,showa drip drip longa Alice Springs
R01992,app_style,16,low,high,high,low,low,high,True,,"shower no water pressure, Lajamanu"
R01993,officer,16,low,low,high,low,low,high,True,,Shower head dripping; cracked tile in the bathroom. Location: Lajamanu.
R01994,sms,16,low,low,high,low,low,low,True,no_water,"shower no wata pressure, lajamanu"
R01995,kriol_inf,16,low,low,high,medium,medium,medium,True,no_water,showa drip drip longa Lajamanu
R01996,app_style,16,low,low,high,low,low,high,True,,"shower head dripping and a tile cracked, Peppimenarti"
R01997,officer,16,low,low,high,low,low,high,True,,Shower head dripping; cracked tile in the bathroom. Location: Peppimenarti.
R01998,sms,16,low,low,high,low,low,high,True,,"shower head dripping and a tile crakd, peppimenarti"
R01999,kriol_inf,16,low,low,high,medium,medium,medium,True,no_water,showa drip drip longa Peppimenarti
R02000,app_style,16,low,medium,high,high,medium,high,True,no_water|water_contamination,"bath leaking through the floor slowly, Gunbalanya"
R02001,officer,16,low,low,high,low,low,high,True,,Shower head dripping; cracked tile in the bathroom. Location: Gunbalanya.
R02002,sms,16,low,medium,high,medium,medium,medium,True,no_water,"bath leakin through the floor slowly, gunbalanya"
R02003,kriol_inf,16,low,low,high,low,low,low,True,no_water,showa drip drip longa Gunbalanya
R02004,app_style,16,low,medium,high,medium,medium,high,True,,"bath leaking through the floor slowly, Darwin"
R02005,officer,16,low,low,high,low,low,high,True,,Shower head dripping; cracked tile in the bathroom. Location: Darwin.
R02006,sms,16,low,medium,high,medium,medium,medium,True,no_water,"bath leakin through the floor slowly, darwin"
R02007,kriol_inf,16,low,low,high,low,low,high,True,,showa drip drip longa Darwin
R02008,app_style,16,low,medium,high,medium,medium,medium,True,no_water,"bath leaking through the floor slowly, Docker River"
R02009,officer,16,low,low,high,low,low,high,True,,Shower head dripping; cracked tile in the bathroom. Location: Docker River.
R02010,sms,16,low,medium,high,medium,medium,high,True,,"bath leakin through the floor slowly, docker river"
R02011,kriol_inf,16,low,low,high,medium,medium,medium,True,no_water,showa drip drip longa Docker River
R02012,app_style,16,low,medium,high,high,medium,high,True,no_water|water_contamination,"bath leaking through the floor slowly, Gunbalanya"
R02013,officer,16,low,low,high,low,low,high,True,,Shower head dripping; cracked tile in the bathroom. Location: Gunbalanya.
R02014,sms,16,low,medium,high,medium,medium,medium,True,no_water,"bath leakin through the floor slowly, gunbalanya"
R02015,kriol_inf,16,low,low,high,low,low,low,True,no_water,showa drip drip longa Gunbalanya
R02016,app_style,16,low,medium,high,medium,medium,medium,True,no_water,"bath leaking through the floor slowly, Palmerston"
R02017,officer,16,low,low,high,low,low,high,True,,Shower head dripping; cracked tile in the bathroom. Location: Palmerston.
R02018,sms,16,low,medium,high,medium,medium,medium,True,no_water,"bath leakin through the floor slowly, palmerston"
R02019,kriol_inf,16,low,low,high,low,low,low,True,no_water,showa drip drip longa Palmerston
R02020,app_style,16,low,low,high,low,low,high,True,,"shower head dripping and a tile cracked, Warruwi"
R02021,officer,16,low,low,high,low,low,high,True,,Shower head dripping; cracked tile in the bathroom. Location: Warruwi.
R02022,sms,16,low,low,high,low,low,high,True,,"shower head dripping and a tile crakd, warruwi"
R02023,kriol_inf,16,low,low,high,low,low,high,True,,showa drip drip longa Warruwi
R02024,app_style,16,low,low,high,low,low,high,True,,"shower head dripping and a tile cracked, Umbakumba"
R02025,officer,16,low,low,high,low,low,high,True,,Shower head dripping; cracked tile in the bathroom. Location: Umbakumba.
R02026,sms,16,low,low,high,low,low,high,True,,"shower head dripping and a tile crakd, umbakumba"
R02027,kriol_inf,16,low,low,high,low,low,high,True,,showa drip drip longa Umbakumba
R02028,app_style,16,low,low,high,low,low,high,True,,"shower head dripping and a tile cracked, Elliott"
R02029,officer,16,low,low,high,low,low,high,True,,Shower head dripping; cracked tile in the bathroom. Location: Elliott.
R02030,sms,16,low,low,high,low,low,high,True,,"shower head dripping and a tile crakd, elliott"
R02031,kriol_inf,16,low,low,high,low,low,high,True,,showa drip drip longa Elliott
R02032,app_style,16,low,high,high,low,low,high,True,,"shower no water pressure, Yirrkala"
R02033,officer,16,low,low,high,low,low,high,True,,Shower head dripping; cracked tile in the bathroom. Location: Yirrkala.
R02034,sms,16,low,low,high,low,low,low,True,no_water,"shower no wata pressure, yirrkala"
R02035,kriol_inf,16,low,low,high,low,low,low,True,no_water,showa drip drip longa Yirrkala
R02036,app_style,16,low,low,high,low,low,high,True,,"shower head dripping and a tile cracked, Darwin"
R02037,officer,16,low,low,high,low,low,high,True,,Shower head dripping; cracked tile in the bathroom. Location: Darwin.
R02038,sms,16,low,low,high,low,low,high,True,,"shower head dripping and a tile crakd, darwin"
R02039,kriol_inf,16,low,low,high,low,low,high,True,,showa drip drip longa Darwin
R02040,app_style,17,critical,critical,critical,critical,critical,critical,True,medical_equipment,"oxygen machine has no power, Minjilang"
R02041,officer,17,critical,critical,critical,critical,critical,critical,True,medical_equipment,No power to the resident's oxygen concentrator. Location: Minjilang.
R02042,sms,17,critical,critical,critical,critical,high,critical,True,medical_equipment,"oxygen machine has no power, minjilang"
R02043,kriol_inf,17,critical,low,high,critical,low,critical,True,medical_equipment,oksijen masheen nomo pawa longa Minjilang
R02044,app_style,17,critical,critical,critical,critical,high,critical,True,medical_equipment,"oxygen machine has no power, Maningrida"
R02045,officer,17,critical,critical,critical,critical,critical,critical,True,medical_equipment,No power to the resident's oxygen concentrator. Location: Maningrida.
R02046,sms,17,critical,medium,high,medium,medium,medium,True,no_hot_water,"oxy machine has no power, maningrida"
R02047,kriol_inf,17,critical,low,high,low,low,high,True,,oksijen masheen nomo pawa longa Maningrida
R02048,app_style,17,critical,critical,critical,critical,medium,critical,True,medical_equipment,"dialysis needs a reliable socket, Ti Tree"
R02049,officer,17,critical,critical,critical,critical,high,critical,True,medical_equipment,No power to the resident's oxygen concentrator. Location: Ti Tree.
R02050,sms,17,critical,critical,critical,critical,medium,critical,True,medical_equipment,"dialysis needs a reliable socket, ti tree"
R02051,kriol_inf,17,critical,low,high,medium,medium,high,True,,oksijen masheen nomo pawa longa Ti Tree
R02052,app_style,17,critical,critical,critical,critical,high,critical,True,medical_equipment,"oxygen machine has no power, Batchelor"
R02053,officer,17,critical,critical,critical,critical,critical,critical,True,medical_equipment,No power to the resident's oxygen concentrator. Location: Batchelor.
R02054,sms,17,critical,medium,high,critical,critical,critical,True,medical_equipment,"oxy machine has no power, batchelor"
R02055,kriol_inf,17,critical,low,high,low,low,high,True,,oksijen masheen nomo pawa longa Batchelor
R02056,app_style,17,critical,critical,critical,critical,high,critical,True,medical_equipment,"oxygen machine has no power, Docker River"
R02057,officer,17,critical,critical,critical,critical,critical,critical,True,medical_equipment,No power to the resident's oxygen concentrator. Location: Docker River.
R02058,sms,17,critical,critical,critical,high,high,high,True,no_hot_water,"oxygen machine has no power, docker river"
R02059,kriol_inf,17,critical,low,high,low,low,high,True,,oksijen masheen nomo pawa longa Docker River
R02060,app_style,17,critical,critical,critical,critical,low,critical,True,medical_equipment,"cpap machine wont run, power point dead, Yuendumu"
R02061,officer,17,critical,critical,critical,critical,critical,critical,True,medical_equipment,No power to the resident's oxygen concentrator. Location: Yuendumu.
R02062,sms,17,critical,critical,critical,critical,medium,critical,True,medical_equipment,"cpap machine wont run, power point ded, yuendumu"
R02063,kriol_inf,17,critical,low,high,low,low,high,True,,oksijen masheen nomo pawa longa Yuendumu
R02064,app_style,17,critical,critical,critical,medium,medium,medium,True,no_hot_water,"cpap machine wont run, power point dead, Gapuwiyak"
R02065,officer,17,critical,critical,critical,critical,critical,critical,True,no_hot_water,No power to the resident's oxygen concentrator. Location: Gapuwiyak.
R02066,sms,17,critical,critical,critical,low,low,low,True,no_hot_water,"cpap machine wont run, power point ded, gapuwiyak"
R02067,kriol_inf,17,critical,low,high,critical,medium,critical,True,medical_equipment,oksijen masheen nomo pawa longa Gapuwiyak
R02068,app_style,17,critical,critical,critical,critical,medium,critical,True,medical_equipment,"dialysis needs a reliable socket, Maningrida"
R02069,officer,17,critical,critical,critical,critical,critical,critical,True,medical_equipment,No power to the resident's oxygen concentrator. Location: Maningrida.
R02070,sms,17,critical,critical,critical,critical,medium,critical,True,medical_equipment,"dialysis needs a reliable socket, maningrida"
R02071,kriol_inf,17,critical,low,high,low,low,high,True,,oksijen masheen nomo pawa longa Maningrida
R02072,app_style,17,critical,critical,critical,critical,medium,critical,True,medical_equipment,"dialysis needs a reliable socket, Timber Creek"
R02073,officer,17,critical,critical,critical,critical,critical,critical,True,medical_equipment,No power to the resident's oxygen concentrator. Location: Timber Creek.
R02074,sms,17,critical,critical,critical,critical,medium,critical,True,medical_equipment,"dialysis needs a reliable socket, timber creek"
R02075,kriol_inf,17,critical,low,high,critical,medium,critical,True,medical_equipment,oksijen masheen nomo pawa longa Timber Creek
R02076,app_style,17,critical,critical,critical,critical,high,critical,True,medical_equipment,"oxygen machine has no power, Wadeye"
R02077,officer,17,critical,critical,critical,critical,critical,critical,True,medical_equipment,No power to the resident's oxygen concentrator. Location: Wadeye.
R02078,sms,17,critical,critical,critical,critical,critical,critical,True,medical_equipment,"oxygen machine has no power, wadeye"
R02079,kriol_inf,17,critical,low,high,low,low,high,True,,oksijen masheen nomo pawa longa Wadeye
R02080,app_style,17,critical,critical,critical,low,low,low,True,no_hot_water,"cpap machine wont run, power point dead, Timber Creek"
R02081,officer,17,critical,critical,critical,critical,critical,critical,True,medical_equipment,No power to the resident's oxygen concentrator. Location: Timber Creek.
R02082,sms,17,critical,critical,critical,critical,medium,critical,True,medical_equipment,"cpap machine wont run, power point ded, timber creek"
R02083,kriol_inf,17,critical,low,high,critical,medium,critical,True,medical_equipment,oksijen masheen nomo pawa longa Timber Creek
R02084,app_style,17,critical,critical,critical,critical,medium,critical,True,medical_equipment,"oxygen machine has no power, Kalkarindji"
R02085,officer,17,critical,critical,critical,critical,critical,critical,True,medical_equipment,No power to the resident's oxygen concentrator. Location: Kalkarindji.
R02086,sms,17,critical,critical,critical,low,low,low,True,no_hot_water,"oxygen machine has no power, kalkarindji"
R02087,kriol_inf,17,critical,low,high,medium,medium,high,True,,oksijen masheen nomo pawa longa Kalkarindji
R02088,app_style,17,critical,critical,critical,critical,medium,critical,True,medical_equipment,"cpap machine wont run, power point dead, Darwin"
R02089,officer,17,critical,critical,critical,critical,high,critical,True,medical_equipment,No power to the resident's oxygen concentrator. Location: Darwin.
R02090,sms,17,critical,critical,critical,critical,low,critical,True,medical_equipment,"cpap machine wont run, power point ded, darwin"
R02091,kriol_inf,17,critical,low,high,medium,medium,high,True,,oksijen masheen nomo pawa longa Darwin
R02092,app_style,17,critical,critical,critical,critical,medium,critical,True,medical_equipment,"cpap machine wont run, power point dead, Daly Waters"
R02093,officer,17,critical,critical,critical,critical,critical,critical,True,medical_equipment,No power to the resident's oxygen concentrator. Location: Daly Waters.
R02094,sms,17,critical,critical,critical,medium,medium,medium,True,no_hot_water|no_water,"cpap machine wont run, power point dead, daly waters"
R02095,kriol_inf,17,critical,low,high,medium,medium,medium,True,no_water,oksijen masheen nomo pawa longa Daly Waters
R02096,app_style,17,critical,critical,critical,medium,medium,medium,True,no_hot_water,"cpap machine wont run, power point dead, Gapuwiyak"
R02097,officer,17,critical,critical,critical,critical,critical,critical,True,no_hot_water,No power to the resident's oxygen concentrator. Location: Gapuwiyak.
R02098,sms,17,critical,critical,critical,low,low,low,True,no_hot_water,"cpap machine wont run, power point ded, gapuwiyak"
R02099,kriol_inf,17,critical,low,high,critical,medium,critical,True,medical_equipment,oksijen masheen nomo pawa longa Gapuwiyak
R02100,app_style,17,critical,critical,critical,high,high,high,True,no_hot_water,"oxygen machine has no power, Mataranka"
R02101,officer,17,critical,critical,critical,critical,critical,critical,True,medical_equipment,No power to the resident's oxygen concentrator. Location: Mataranka.
R02102,sms,17,critical,medium,high,low,low,high,True,,"oxy machine has no power, mataranka"
R02103,kriol_inf,17,critical,low,high,medium,medium,medium,True,no_cooling_extreme_heat,oksijen masheen nomo pawa longa Mataranka
R02104,app_style,17,critical,critical,critical,critical,high,critical,True,medical_equipment|elder_safety,"dialysis needs a reliable socket, Milingimbi"
R02105,officer,17,critical,critical,critical,critical,critical,critical,True,medical_equipment,No power to the resident's oxygen concentrator. Location: Milingimbi.
R02106,sms,17,critical,critical,critical,critical,medium,critical,True,medical_equipment,"dialysis needs a reliable socket, milingimbi"
R02107,kriol_inf,17,critical,low,high,critical,medium,critical,True,medical_equipment,oksijen masheen nomo pawa longa Milingimbi
R02108,app_style,17,critical,critical,critical,critical,medium,critical,True,medical_equipment,"cpap machine wont run, power point dead, Palmerston"
R02109,officer,17,critical,critical,critical,critical,critical,critical,True,medical_equipment,No power to the resident's oxygen concentrator. Location: Palmerston.
R02110,sms,17,critical,critical,critical,critical,medium,critical,True,medical_equipment,"cpap machine wont run, power point ded, palmerston"
R02111,kriol_inf,17,critical,low,high,critical,medium,critical,True,medical_equipment,oksijen masheen nomo pawa longa Palmerston
R02112,app_style,17,critical,critical,critical,critical,medium,critical,True,medical_equipment,"dialysis needs a reliable socket, Wadeye"
R02113,officer,17,critical,critical,critical,critical,critical,critical,True,medical_equipment,No power to the resident's oxygen concentrator. Location: Wadeye.
R02114,sms,17,critical,critical,critical,critical,medium,critical,True,medical_equipment,"dialysis needs a reliable socket, wadeye"
R02115,kriol_inf,17,critical,low,high,low,low,high,True,,oksijen masheen nomo pawa longa Wadeye
R02116,app_style,17,critical,critical,critical,critical,medium,critical,True,medical_equipment,"oxygen machine has no power, Yirrkala"
R02117,officer,17,critical,critical,critical,critical,critical,critical,True,medical_equipment,No power to the resident's oxygen concentrator. Location: Yirrkala.
R02118,sms,17,critical,medium,high,critical,high,critical,True,medical_equipment,"oxy machine has no power, yirrkala"
R02119,kriol_inf,17,critical,low,high,critical,low,critical,True,medical_equipment,oksijen masheen nomo pawa longa Yirrkala
R02120,app_style,17,critical,critical,critical,critical,high,critical,True,medical_equipment,"dialysis needs a reliable socket, Minyerri"
R02121,officer,17,critical,critical,critical,critical,critical,critical,True,medical_equipment,No power to the resident's oxygen concentrator. Location: Minyerri.
R02122,sms,17,critical,critical,critical,critical,medium,critical,True,medical_equipment,"dialysis needs a reliable socket, minyerri"
R02123,kriol_inf,17,critical,low,high,critical,high,critical,True,medical_equipment,oksijen masheen nomo pawa longa Minyerri
R02124,app_style,17,critical,critical,critical,medium,medium,high,True,,"cpap machine wont run, power point dead, Kalkarindji"
R02125,officer,17,critical,critical,critical,critical,critical,critical,True,medical_equipment,No power to the resident's oxygen concentrator. Location: Kalkarindji.
R02126,sms,17,critical,critical,critical,critical,medium,critical,True,medical_equipment,"cpap machine wont run, power point ded, kalkarindji"
R02127,kriol_inf,17,critical,low,high,medium,medium,high,True,,oksijen masheen nomo pawa longa Kalkarindji
R02128,app_style,17,critical,critical,critical,critical,medium,critical,True,medical_equipment,"dialysis needs a reliable socket, Elliott"
R02129,officer,17,critical,critical,critical,critical,critical,critical,True,medical_equipment,No power to the resident's oxygen concentrator. Location: Elliott.
R02130,sms,17,critical,critical,critical,critical,medium,critical,True,medical_equipment,"dialysis needs a reliable socket, elliott"
R02131,kriol_inf,17,critical,low,high,low,low,high,True,,oksijen masheen nomo pawa longa Elliott
R02132,app_style,17,critical,critical,critical,low,low,low,True,no_hot_water,"cpap machine wont run, power point dead, Minyerri"
R02133,officer,17,critical,critical,critical,critical,critical,critical,True,medical_equipment,No power to the resident's oxygen concentrator. Location: Minyerri.
R02134,sms,17,critical,critical,critical,critical,medium,critical,True,medical_equipment,"cpap machine wont run, power point ded, minyerri"
R02135,kriol_inf,17,critical,low,high,critical,high,critical,True,medical_equipment,oksijen masheen nomo pawa longa Minyerri
R02136,app_style,17,critical,critical,critical,critical,high,critical,True,medical_equipment,"oxygen machine has no power, Timber Creek"
R02137,officer,17,critical,critical,critical,critical,critical,critical,True,medical_equipment,No power to the resident's oxygen concentrator. Location: Timber Creek.
R02138,sms,17,critical,medium,high,critical,high,critical,True,medical_equipment,"oxy machine has no power, timber creek"
R02139,kriol_inf,17,critical,low,high,critical,medium,critical,True,medical_equipment,oksijen masheen nomo pawa longa Timber Creek
R02140,app_style,17,critical,critical,critical,critical,low,critical,True,medical_equipment,"cpap machine wont run, power point dead, Milikapiti"
R02141,officer,17,critical,critical,critical,critical,critical,critical,True,medical_equipment,No power to the resident's oxygen concentrator. Location: Milikapiti.
R02142,sms,17,critical,critical,critical,critical,medium,critical,True,medical_equipment,"cpap machine wont run, power point ded, milikapiti"
R02143,kriol_inf,17,critical,low,high,low,low,high,True,,oksijen masheen nomo pawa longa Milikapiti
R02144,app_style,17,critical,critical,critical,high,high,high,True,no_hot_water,"oxygen machine has no power, Galiwin'ku"
R02145,officer,17,critical,critical,critical,critical,critical,critical,True,medical_equipment,No power to the resident's oxygen concentrator. Location: Galiwin'ku.
R02146,sms,17,critical,medium,high,medium,medium,high,True,,"oxy machine has no power, galiwinku"
R02147,kriol_inf,17,critical,low,high,low,low,high,True,,oksijen masheen nomo pawa longa Galiwin'ku
R02148,app_style,17,critical,critical,critical,critical,high,critical,True,medical_equipment,"oxygen machine has no power, Pirlangimpi"
R02149,officer,17,critical,critical,critical,critical,critical,critical,True,medical_equipment,No power to the resident's oxygen concentrator. Location: Pirlangimpi.
R02150,sms,17,critical,critical,critical,critical,high,critical,True,medical_equipment,"oxygen machine has no power, pirlangimpi"
R02151,kriol_inf,17,critical,low,high,low,low,high,True,,oksijen masheen nomo pawa longa Pirlangimpi
R02152,app_style,17,critical,critical,critical,critical,medium,critical,True,medical_equipment,"cpap machine wont run, power point dead, Lajamanu"
R02153,officer,17,critical,critical,critical,critical,high,critical,True,medical_equipment,No power to the resident's oxygen concentrator. Location: Lajamanu.
R02154,sms,17,critical,critical,critical,medium,medium,medium,True,no_hot_water,"cpap machine wont run, power point dead, lajamanu"
R02155,kriol_inf,17,critical,low,high,critical,medium,critical,True,medical_equipment,oksijen masheen nomo pawa longa Lajamanu
R02156,app_style,17,critical,critical,critical,medium,medium,medium,True,no_hot_water,"cpap machine wont run, power point dead, Yirrkala"
R02157,officer,17,critical,critical,critical,critical,critical,critical,True,medical_equipment,No power to the resident's oxygen concentrator. Location: Yirrkala.
R02158,sms,17,critical,critical,critical,critical,medium,critical,True,medical_equipment,"cpap machine wont run, power point ded, yirrkala"
R02159,kriol_inf,17,critical,low,high,critical,low,critical,True,medical_equipment,oksijen masheen nomo pawa longa Yirrkala
R02160,app_style,18,critical,critical,critical,medium,medium,high,True,,"wheelchair ramp fell apart and cant get in the house, Ngukurr"
R02161,officer,18,critical,critical,critical,critical,high,critical,True,structural,Wheelchair ramp has collapsed; resident with a disability cannot enter the dwelling. Location: Ngukurr.
R02162,sms,18,critical,critical,critical,critical,medium,critical,True,accessibility,"wheelchair ramp fell apart and cant get in the house, ngukurr"
R02163,kriol_inf,18,critical,medium,medium,critical,medium,critical,True,structural,"ramp brok, olmen la wilchea kan go insaid longa Ngukurr"
R02164,app_style,18,critical,medium,high,low,low,high,True,,"cant get the chair through the door, Humpty Doo"
R02165,officer,18,critical,critical,critical,critical,critical,critical,True,structural,Wheelchair ramp has collapsed; resident with a disability cannot enter the dwelling. Location: Humpty Doo.
R02166,sms,18,critical,medium,high,low,low,high,True,,"cant get the chair through the door, humpty doo"
R02167,kriol_inf,18,critical,medium,medium,critical,medium,critical,True,structural,"ramp brok, olmen la wilchea kan go insaid longa Humpty Doo"
R02168,app_style,18,critical,medium,high,low,low,high,True,,"cant get the chair through the door, Beswick"
R02169,officer,18,critical,critical,critical,critical,critical,critical,True,structural,Wheelchair ramp has collapsed; resident with a disability cannot enter the dwelling. Location: Beswick.
R02170,sms,18,critical,medium,high,low,low,high,True,,"cant get the chair through the door, beswick"
R02171,kriol_inf,18,critical,medium,medium,low,low,high,True,,"ramp brok, olmen la wilchea kan go insaid longa Beswick"
R02172,app_style,18,critical,medium,high,low,low,high,True,,"cant get the chair through the door, Lajamanu"
R02173,officer,18,critical,critical,critical,critical,high,critical,True,structural,Wheelchair ramp has collapsed; resident with a disability cannot enter the dwelling. Location: Lajamanu.
R02174,sms,18,critical,medium,high,low,low,high,True,,"cant get the chair through the door, lajamanu"
R02175,kriol_inf,18,critical,medium,medium,critical,medium,critical,True,structural,"ramp brok, olmen la wilchea kan go insaid longa Lajamanu"
R02176,app_style,18,critical,critical,critical,critical,medium,critical,True,accessibility,"wheelchair ramp fell apart and cant get in the house, Hermannsburg"
R02177,officer,18,critical,critical,critical,critical,high,critical,True,structural,Wheelchair ramp has collapsed; resident with a disability cannot enter the dwelling. Location: Hermannsburg.
R02178,sms,18,critical,medium,medium,critical,medium,critical,True,structural|accessibility,"wheelchar ramp fell apart and cant get in the hse, hermannsburg"
R02179,kriol_inf,18,critical,medium,medium,critical,medium,critical,True,structural,"ramp brok, olmen la wilchea kan go insaid longa Hermannsburg"
R02180,app_style,18,critical,medium,medium,high,high,high,True,accessibility,"grab rail fell off the wall in the bathroom, Minjilang"
R02181,officer,18,critical,critical,critical,critical,high,critical,True,structural,Wheelchair ramp has collapsed; resident with a disability cannot enter the dwelling. Location: Minjilang.
R02182,sms,18,critical,medium,medium,critical,medium,critical,True,structural,"grab rail fell off the wall in the bathroom, minjilang"
R02183,kriol_inf,18,critical,medium,medium,medium,medium,medium,True,accessibility,"ramp brok, olmen la wilchea kan go insaid longa Minjilang"
R02184,app_style,18,critical,critical,critical,medium,medium,high,True,,"wheelchair ramp fell apart and cant get in the house, Humpty Doo"
R02185,officer,18,critical,critical,critical,critical,critical,critical,True,structural,Wheelchair ramp has collapsed; resident with a disability cannot enter the dwelling. Location: Humpty Doo.
R02186,sms,18,critical,medium,medium,critical,medium,critical,True,structural,"wheelchar ramp fell apart and cant get in the hse, humpty doo"
R02187,kriol_inf,18,critical,medium,medium,critical,medium,critical,True,structural,"ramp brok, olmen la wilchea kan go insaid longa Humpty Doo"
R02188,app_style,18,critical,medium,medium,high,high,high,True,accessibility,"grab rail fell off the wall in the bathroom, Yirrkala"
R02189,officer,18,critical,critical,critical,critical,critical,critical,True,structural|accessibility,Wheelchair ramp has collapsed; resident with a disability cannot enter the dwelling. Location: Yirrkala.
R02190,sms,18,critical,medium,medium,medium,medium,high,True,,"grab rail fell off the wall in the bathroom, yirrkala"
R02191,kriol_inf,18,critical,medium,medium,medium,medium,high,True,,"ramp brok, olmen la wilchea kan go insaid longa Yirrkala"
R02192,app_style,18,critical,medium,medium,critical,high,critical,True,structural,"grab rail fell off the wall in the bathroom, Mutitjulu"
R02193,officer,18,critical,critical,critical,critical,high,critical,True,structural,Wheelchair ramp has collapsed; resident with a disability cannot enter the dwelling. Location: Mutitjulu.
R02194,sms,18,critical,medium,medium,medium,medium,high,True,,"grab rail fell off the wall in the bathroom, mutitjulu"
R02195,kriol_inf,18,critical,medium,medium,medium,medium,medium,True,accessibility,"ramp brok, olmen la wilchea kan go insaid longa Mutitjulu"
R02196,app_style,18,critical,medium,high,low,low,high,True,,"cant get the chair through the door, Beswick"
R02197,officer,18,critical,critical,critical,critical,critical,critical,True,structural,Wheelchair ramp has collapsed; resident with a disability cannot enter the dwelling. Location: Beswick.
R02198,sms,18,critical,medium,high,low,low,high,True,,"cant get the chair through the door, beswick"
R02199,kriol_inf,18,critical,medium,medium,low,low,high,True,,"ramp brok, olmen la wilchea kan go insaid longa Beswick"
R02200,app_style,18,critical,medium,high,low,low,high,True,,"cant get the chair through the door, Barunga"
R02201,officer,18,critical,critical,critical,critical,critical,critical,True,structural,Wheelchair ramp has collapsed; resident with a disability cannot enter the dwelling. Location: Barunga.
R02202,sms,18,critical,medium,high,low,low,high,True,,"cant get the chair through the door, barunga"
R02203,kriol_inf,18,critical,medium,medium,critical,medium,critical,True,structural,"ramp brok, olmen la wilchea kan go insaid longa Barunga"
R02204,app_style,18,critical,medium,high,low,low,high,True,,"cant get the chair through the door, Yuendumu"
R02205,officer,18,critical,critical,critical,critical,high,critical,True,structural,Wheelchair ramp has collapsed; resident with a disability cannot enter the dwelling. Location: Yuendumu.
R02206,sms,18,critical,medium,high,low,low,high,True,,"cant get the chair through the door, yuendumu"
R02207,kriol_inf,18,critical,medium,medium,medium,medium,high,True,,"ramp brok, olmen la wilchea kan go insaid longa Yuendumu"
R02208,app_style,18,critical,medium,high,low,low,high,True,,"cant get the chair through the door, Lajamanu"
R02209,officer,18,critical,critical,critical,critical,high,critical,True,structural,Wheelchair ramp has collapsed; resident with a disability cannot enter the dwelling. Location: Lajamanu.
R02210,sms,18,critical,medium,high,low,low,high,True,,"cant get the chair through the door, lajamanu"
R02211,kriol_inf,18,critical,medium,medium,critical,medium,critical,True,structural,"ramp brok, olmen la wilchea kan go insaid longa Lajamanu"
R02212,app_style,18,critical,critical,critical,medium,medium,high,True,,"wheelchair ramp fell apart and cant get in the house, Palumpa"
R02213,officer,18,critical,critical,critical,critical,high,critical,True,structural,Wheelchair ramp has collapsed; resident with a disability cannot enter the dwelling. Location: Palumpa.
R02214,sms,18,critical,medium,medium,critical,medium,critical,True,structural,"wheelchar ramp fell apart and cant get in the hse, palumpa"
R02215,kriol_inf,18,critical,medium,medium,medium,medium,high,True,,"ramp brok, olmen la wilchea kan go insaid longa Palumpa"
R02216,app_style,18,critical,medium,medium,medium,medium,medium,True,accessibility,"grab rail fell off the wall in the bathroom, Darwin"
R02217,officer,18,critical,critical,critical,critical,critical,critical,True,structural,Wheelchair ramp has collapsed; resident with a disability cannot enter the dwelling. Location: Darwin.
R02218,sms,18,critical,medium,medium,medium,medium,medium,True,accessibility,"grab rail fell off the wall in the bathroom, darwin"
R02219,kriol_inf,18,critical,medium,medium,medium,medium,high,True,,"ramp brok, olmen la wilchea kan go insaid longa Darwin"
R02220,app_style,18,critical,medium,high,low,low,high,True,,"cant get the chair through the door, Palmerston"
R02221,officer,18,critical,critical,critical,critical,high,critical,True,structural,Wheelchair ramp has collapsed; resident with a disability cannot enter the dwelling. Location: Palmerston.
R02222,sms,18,critical,medium,high,low,low,high,True,,"cant get the chair through the door, palmerston"
R02223,kriol_inf,18,critical,medium,medium,medium,medium,medium,True,accessibility,"ramp brok, olmen la wilchea kan go insaid longa Palmerston"
R02224,app_style,18,critical,critical,critical,medium,medium,high,True,,"wheelchair ramp fell apart and cant get in the house, Gapuwiyak"
R02225,officer,18,critical,critical,critical,critical,high,critical,True,structural,Wheelchair ramp has collapsed; resident with a disability cannot enter the dwelling. Location: Gapuwiyak.
R02226,sms,18,critical,critical,critical,medium,medium,high,True,,"wheelchair ramp fell apart and cant get in the house, gapuwiyak"
R02227,kriol_inf,18,critical,medium,medium,medium,medium,high,True,,"ramp brok, olmen la wilchea kan go insaid longa Gapuwiyak"
R02228,app_style,18,critical,medium,medium,critical,medium,critical,True,structural|accessibility,"grab rail fell off the wall in the bathroom, Pirlangimpi"
R02229,officer,18,critical,critical,critical,critical,high,critical,True,structural|accessibility,Wheelchair ramp has collapsed; resident with a disability cannot enter the dwelling. Location: Pirlangimpi.
R02230,sms,18,critical,medium,medium,medium,medium,high,True,,"grab rail fell off the wall in the bathroom, pirlangimpi"
R02231,kriol_inf,18,critical,medium,medium,critical,medium,critical,True,structural,"ramp brok, olmen la wilchea kan go insaid longa Pirlangimpi"
R02232,app_style,18,critical,medium,high,low,low,high,True,,"cant get the chair through the door, Wurrumiyanga"
R02233,officer,18,critical,critical,critical,critical,high,critical,True,structural,Wheelchair ramp has collapsed; resident with a disability cannot enter the dwelling. Location: Wurrumiyanga.
R02234,sms,18,critical,medium,high,low,low,high,True,,"cant get the chair through the door, wurrumiyanga"
R02235,kriol_inf,18,critical,medium,medium,critical,medium,critical,True,structural,"ramp brok, olmen la wilchea kan go insaid longa Wurrumiyanga"
R02236,app_style,18,critical,medium,medium,medium,medium,high,True,,"grab rail fell off the wall in the bathroom, Lajamanu"
R02237,officer,18,critical,critical,critical,critical,high,critical,True,structural,Wheelchair ramp has collapsed; resident with a disability cannot enter the dwelling. Location: Lajamanu.
R02238,sms,18,critical,medium,medium,critical,medium,critical,True,structural,"grab rail fell off the wall in the bathroom, lajamanu"
R02239,kriol_inf,18,critical,medium,medium,critical,medium,critical,True,structural,"ramp brok, olmen la wilchea kan go insaid longa Lajamanu"
R02240,app_style,18,critical,medium,medium,medium,medium,high,True,,"grab rail fell off the wall in the bathroom, Galiwin'ku"
R02241,officer,18,critical,critical,critical,critical,high,critical,True,structural|accessibility,Wheelchair ramp has collapsed; resident with a disability cannot enter the dwelling. Location: Galiwin'ku.
R02242,sms,18,critical,medium,medium,critical,medium,critical,True,structural,"grab rail fell off the wall in the bathroom, galiwinku"
R02243,kriol_inf,18,critical,medium,medium,critical,medium,critical,True,structural,"ramp brok, olmen la wilchea kan go insaid longa Galiwin'ku"
R02244,app_style,18,critical,medium,medium,high,high,high,True,accessibility,"grab rail fell off the wall in the bathroom, Palumpa"
R02245,officer,18,critical,critical,critical,critical,high,critical,True,structural,Wheelchair ramp has collapsed; resident with a disability cannot enter the dwelling. Location: Palumpa.
R02246,sms,18,critical,medium,medium,critical,medium,critical,True,structural,"grab rail fell off the wall in the bathroom, palumpa"
R02247,kriol_inf,18,critical,medium,medium,medium,medium,high,True,,"ramp brok, olmen la wilchea kan go insaid longa Palumpa"
R02248,app_style,18,critical,critical,critical,critical,medium,critical,True,structural,"wheelchair ramp fell apart and cant get in the house, Ramingining"
R02249,officer,18,critical,critical,critical,critical,high,critical,True,structural,Wheelchair ramp has collapsed; resident with a disability cannot enter the dwelling. Location: Ramingining.
R02250,sms,18,critical,medium,medium,critical,medium,critical,True,structural|accessibility,"wheelchar ramp fell apart and cant get in the hse, ramingining"
R02251,kriol_inf,18,critical,medium,medium,medium,medium,high,True,,"ramp brok, olmen la wilchea kan go insaid longa Ramingining"
R02252,app_style,18,critical,medium,high,low,low,high,True,,"cant get the chair through the door, Maningrida"
R02253,officer,18,critical,critical,critical,critical,high,critical,True,structural,Wheelchair ramp has collapsed; resident with a disability cannot enter the dwelling. Location: Maningrida.
R02254,sms,18,critical,medium,high,low,low,high,True,,"cant get the chair through the door, maningrida"
R02255,kriol_inf,18,critical,medium,medium,critical,medium,critical,True,structural,"ramp brok, olmen la wilchea kan go insaid longa Maningrida"
R02256,app_style,18,critical,medium,medium,critical,high,critical,True,structural,"grab rail fell off the wall in the bathroom, Peppimenarti"
R02257,officer,18,critical,critical,critical,critical,high,critical,True,structural|accessibility,Wheelchair ramp has collapsed; resident with a disability cannot enter the dwelling. Location: Peppimenarti.
R02258,sms,18,critical,medium,medium,critical,medium,critical,True,structural,"grab rail fell off the wall in the bathroom, peppimenarti"
R02259,kriol_inf,18,critical,medium,medium,low,low,high,True,,"ramp brok, olmen la wilchea kan go insaid longa Peppimenarti"
R02260,app_style,18,critical,critical,critical,critical,medium,critical,True,accessibility,"wheelchair ramp fell apart and cant get in the house, Peppimenarti"
R02261,officer,18,critical,critical,critical,critical,high,critical,True,structural|accessibility,Wheelchair ramp has collapsed; resident with a disability cannot enter the dwelling. Location: Peppimenarti.
R02262,sms,18,critical,critical,critical,critical,high,critical,True,structural,"wheelchair ramp fell apart and cant get in the hse, peppimenarti"
R02263,kriol_inf,18,critical,medium,medium,low,low,high,True,,"ramp brok, olmen la wilchea kan go insaid longa Peppimenarti"
R02264,app_style,18,critical,medium,high,low,low,high,True,,"cant get the chair through the door, Darwin"
R02265,officer,18,critical,critical,critical,critical,critical,critical,True,structural,Wheelchair ramp has collapsed; resident with a disability cannot enter the dwelling. Location: Darwin.
R02266,sms,18,critical,medium,high,low,low,high,True,,"cant get the chair through the door, darwin"
R02267,kriol_inf,18,critical,medium,medium,medium,medium,high,True,,"ramp brok, olmen la wilchea kan go insaid longa Darwin"
R02268,app_style,18,critical,medium,high,low,low,high,True,,"cant get the chair through the door, Alyangula"
R02269,officer,18,critical,critical,critical,critical,high,critical,True,structural,Wheelchair ramp has collapsed; resident with a disability cannot enter the dwelling. Location: Alyangula.
R02270,sms,18,critical,medium,high,low,low,high,True,,"cant get the chair through the door, alyangula"
R02271,kriol_inf,18,critical,medium,medium,medium,medium,high,True,,"ramp brok, olmen la wilchea kan go insaid longa Alyangula"
R02272,app_style,18,critical,medium,medium,medium,medium,high,True,,"grab rail fell off the wall in the bathroom, Lajamanu"
R02273,officer,18,critical,critical,critical,critical,high,critical,True,structural,Wheelchair ramp has collapsed; resident with a disability cannot enter the dwelling. Location: Lajamanu.
R02274,sms,18,critical,medium,medium,critical,medium,critical,True,structural,"grab rail fell off the wall in the bathroom, lajamanu"
R02275,kriol_inf,18,critical,medium,medium,critical,medium,critical,True,structural,"ramp brok, olmen la wilchea kan go insaid longa Lajamanu"
R02276,app_style,18,critical,medium,medium,medium,medium,high,True,,"grab rail fell off the wall in the bathroom, Milingimbi"
R02277,officer,18,critical,critical,critical,critical,high,critical,True,structural,Wheelchair ramp has collapsed; resident with a disability cannot enter the dwelling. Location: Milingimbi.
R02278,sms,18,critical,medium,medium,critical,high,critical,True,structural,"grab rail fell off the wall in the bathroom, milingimbi"
R02279,kriol_inf,18,critical,medium,medium,critical,medium,critical,True,structural,"ramp brok, olmen la wilchea kan go insaid longa Milingimbi"
R02280,app_style,19,medium,medium,medium,low,low,high,True,,"ants everywhere in the kitchen, Alyangula"
R02281,officer,19,medium,medium,high,low,low,high,True,,Ant infestation in the kitchen. Location: Alyangula.
R02282,sms,19,medium,medium,medium,low,low,high,True,,"ants everywhere in the kitchen, alyangula"
R02283,kriol_inf,19,medium,medium,medium,low,low,high,True,,ants ebriwea la kitchen longa Alyangula
R02284,app_style,19,medium,medium,medium,low,low,high,True,,"ants everywhere in the kitchen, Barunga"
R02285,officer,19,medium,medium,high,low,low,high,True,,Ant infestation in the kitchen. Location: Barunga.
R02286,sms,19,medium,medium,medium,low,low,high,True,,"ants everywhere in the kitchen, barunga"
R02287,kriol_inf,19,medium,medium,medium,low,low,high,True,,ants ebriwea la kitchen longa Barunga
R02288,app_style,19,medium,medium,medium,low,low,high,True,,"ants everywhere in the kitchen, Gapuwiyak"
R02289,officer,19,medium,medium,high,low,low,high,True,,Ant infestation in the kitchen. Location: Gapuwiyak.
R02290,sms,19,medium,medium,medium,low,low,high,True,,"ants everywhere in the kitchen, gapuwiyak"
R02291,kriol_inf,19,medium,medium,medium,low,low,high,True,,ants ebriwea la kitchen longa Gapuwiyak
R02292,app_style,19,medium,medium,medium,medium,medium,high,True,,"rats in the roof at night, Hermannsburg"
R02293,officer,19,medium,medium,high,low,low,high,True,,Ant infestation in the kitchen. Location: Hermannsburg.
R02294,sms,19,medium,medium,medium,medium,medium,high,True,,"rats in the roof at night, hermannsburg"
R02295,kriol_inf,19,medium,medium,medium,low,low,high,True,,ants ebriwea la kitchen longa Hermannsburg
R02296,app_style,19,medium,medium,medium,low,low,low,True,vermin_pest,"rats in the roof at night, Mutitjulu"
R02297,officer,19,medium,medium,high,low,low,high,True,,Ant infestation in the kitchen. Location: Mutitjulu.
R02298,sms,19,medium,medium,medium,medium,medium,medium,True,vermin_pest,"rats in the roof at night, mutitjulu"
R02299,kriol_inf,19,medium,medium,medium,low,low,high,True,,ants ebriwea la kitchen longa Mutitjulu
R02300,app_style,19,medium,medium,medium,medium,medium,high,True,,"termites in the back wall, Adelaide River"
R02301,officer,19,medium,medium,high,low,low,high,True,,Ant infestation in the kitchen. Location: Adelaide River.
R02302,sms,19,medium,medium,medium,medium,medium,high,True,,"termites in the back wall, adelaide river"
R02303,kriol_inf,19,medium,medium,medium,low,low,high,True,,ants ebriwea la kitchen longa Adelaide River
R02304,app_style,19,medium,medium,medium,medium,medium,high,True,,"rats in the roof at night, Borroloola"
R02305,officer,19,medium,medium,high,low,low,high,True,,Ant infestation in the kitchen. Location: Borroloola.
R02306,sms,19,medium,medium,medium,medium,medium,high,True,,"rats in the roof at night, borroloola"
R02307,kriol_inf,19,medium,medium,medium,low,low,high,True,,ants ebriwea la kitchen longa Borroloola
R02308,app_style,19,medium,medium,medium,medium,medium,high,True,,"termites in the back wall, Warruwi"
R02309,officer,19,medium,medium,high,low,low,high,True,,Ant infestation in the kitchen. Location: Warruwi.
R02310,sms,19,medium,medium,medium,medium,medium,high,True,,"termites in the back wall, warruwi"
R02311,kriol_inf,19,medium,medium,medium,low,low,high,True,,ants ebriwea la kitchen longa Warruwi
R02312,app_style,19,medium,medium,medium,medium,medium,high,True,,"termites in the back wall, Palmerston"
R02313,officer,19,medium,medium,high,low,low,high,True,,Ant infestation in the kitchen. Location: Palmerston.
R02314,sms,19,medium,medium,medium,medium,medium,high,True,,"termites in the back wall, palmerston"
R02315,kriol_inf,19,medium,medium,medium,low,low,high,True,,ants ebriwea la kitchen longa Palmerston
R02316,app_style,19,medium,medium,medium,low,low,high,True,,"ants everywhere in the kitchen, Barunga"
R02317,officer,19,medium,medium,high,low,low,high,True,,Ant infestation in the kitchen. Location: Barunga.
R02318,sms,19,medium,medium,medium,low,low,high,True,,"ants everywhere in the kitchen, barunga"
R02319,kriol_inf,19,medium,medium,medium,low,low,high,True,,ants ebriwea la kitchen longa Barunga
R02320,app_style,19,medium,medium,medium,low,low,low,True,vermin_pest,"rats in the roof at night, Robinson River"
R02321,officer,19,medium,medium,high,low,low,high,True,,Ant infestation in the kitchen. Location: Robinson River.
R02322,sms,19,medium,medium,medium,low,low,high,True,,"rats in the roof at night, robinson river"
R02323,kriol_inf,19,medium,medium,medium,low,low,high,True,,ants ebriwea la kitchen longa Robinson River
R02324,app_style,19,medium,medium,medium,low,low,high,True,,"ants everywhere in the kitchen, Robinson River"
R02325,officer,19,medium,medium,high,low,low,high,True,,Ant infestation in the kitchen. Location: Robinson River.
R02326,sms,19,medium,medium,medium,low,low,high,True,,"ants everywhere in the kitchen, robinson river"
R02327,kriol_inf,19,medium,medium,medium,low,low,high,True,,ants ebriwea la kitchen longa Robinson River
R02328,app_style,19,medium,medium,medium,low,low,high,True,,"ants everywhere in the kitchen, Milikapiti"
R02329,officer,19,medium,medium,high,low,low,high,True,,Ant infestation in the kitchen. Location: Milikapiti.
R02330,sms,19,medium,medium,medium,low,low,high,True,,"ants everywhere in the kitchen, milikapiti"
R02331,kriol_inf,19,medium,medium,medium,low,low,high,True,,ants ebriwea la kitchen longa Milikapiti
R02332,app_style,19,medium,medium,medium,medium,medium,high,True,,"termites in the back wall, Mutitjulu"
R02333,officer,19,medium,medium,high,low,low,high,True,,Ant infestation in the kitchen. Location: Mutitjulu.
R02334,sms,19,medium,medium,medium,medium,medium,high,True,,"termites in the back wall, mutitjulu"
R02335,kriol_inf,19,medium,medium,medium,low,low,high,True,,ants ebriwea la kitchen longa Mutitjulu
R02336,app_style,19,medium,medium,medium,medium,medium,high,True,,"rats in the roof at night, Numbulwar"
R02337,officer,19,medium,medium,high,low,low,high,True,,Ant infestation in the kitchen. Location: Numbulwar.
R02338,sms,19,medium,medium,medium,low,low,high,True,,"rats in the roof at night, numbulwar"
R02339,kriol_inf,19,medium,medium,medium,low,low,high,True,,ants ebriwea la kitchen longa Numbulwar
R02340,app_style,19,medium,medium,medium,low,low,high,True,,"ants everywhere in the kitchen, Pirlangimpi"
R02341,officer,19,medium,medium,high,low,low,high,True,,Ant infestation in the kitchen. Location: Pirlangimpi.
R02342,sms,19,medium,medium,medium,low,low,high,True,,"ants everywhere in the kitchen, pirlangimpi"
R02343,kriol_inf,19,medium,medium,medium,low,low,low,True,vermin_pest,ants ebriwea la kitchen longa Pirlangimpi
R02344,app_style,19,medium,medium,medium,low,low,low,True,vermin_pest,"ants everywhere in the kitchen, Umbakumba"
R02345,officer,19,medium,medium,high,low,low,high,True,,Ant infestation in the kitchen. Location: Umbakumba.
R02346,sms,19,medium,medium,medium,low,low,high,True,,"ants everywhere in the kitchen, umbakumba"
R02347,kriol_inf,19,medium,medium,medium,low,low,high,True,,ants ebriwea la kitchen longa Umbakumba
R02348,app_style,19,medium,medium,medium,medium,medium,high,True,,"rats in the roof at night, Ramingining"
R02349,officer,19,medium,medium,high,low,low,high,True,,Ant infestation in the kitchen. Location: Ramingining.
R02350,sms,19,medium,medium,medium,medium,medium,high,True,,"rats in the roof at night, ramingining"
R02351,kriol_inf,19,medium,medium,medium,medium,medium,high,True,,ants ebriwea la kitchen longa Ramingining
R02352,app_style,19,medium,medium,medium,low,low,low,True,vermin_pest,"rats in the roof at night, Maningrida"
R02353,officer,19,medium,medium,high,low,low,high,True,,Ant infestation in the kitchen. Location: Maningrida.
R02354,sms,19,medium,medium,medium,low,low,low,True,vermin_pest,"rats in the roof at night, maningrida"
R02355,kriol_inf,19,medium,medium,medium,low,low,high,True,,ants ebriwea la kitchen longa Maningrida
R02356,app_style,19,medium,medium,medium,low,low,high,True,,"ants everywhere in the kitchen, Beswick"
R02357,officer,19,medium,medium,high,low,low,high,True,,Ant infestation in the kitchen. Location: Beswick.
R02358,sms,19,medium,medium,medium,low,low,high,True,,"ants everywhere in the kitchen, beswick"
R02359,kriol_inf,19,medium,medium,medium,low,low,high,True,,ants ebriwea la kitchen longa Beswick
R02360,app_style,19,medium,medium,medium,medium,medium,high,True,,"termites in the back wall, Alice Springs"
R02361,officer,19,medium,medium,high,low,low,high,True,,Ant infestation in the kitchen. Location: Alice Springs.
R02362,sms,19,medium,medium,medium,medium,medium,high,True,,"termites in the back wall, alice springs"
R02363,kriol_inf,19,medium,medium,medium,low,low,high,True,,ants ebriwea la kitchen longa Alice Springs
R02364,app_style,19,medium,medium,medium,low,low,high,True,,"ants everywhere in the kitchen, Milikapiti"
R02365,officer,19,medium,medium,high,low,low,high,True,,Ant infestation in the kitchen. Location: Milikapiti.
R02366,sms,19,medium,medium,medium,low,low,high,True,,"ants everywhere in the kitchen, milikapiti"
R02367,kriol_inf,19,medium,medium,medium,low,low,high,True,,ants ebriwea la kitchen longa Milikapiti
R02368,app_style,19,medium,medium,medium,medium,medium,high,True,,"termites in the back wall, Barunga"
R02369,officer,19,medium,medium,high,low,low,high,True,,Ant infestation in the kitchen. Location: Barunga.
R02370,sms,19,medium,medium,medium,medium,medium,high,True,,"termites in the back wall, barunga"
R02371,kriol_inf,19,medium,medium,medium,low,low,high,True,,ants ebriwea la kitchen longa Barunga
R02372,app_style,19,medium,medium,medium,low,low,low,True,vermin_pest,"rats in the roof at night, Milikapiti"
R02373,officer,19,medium,medium,high,low,low,high,True,,Ant infestation in the kitchen. Location: Milikapiti.
R02374,sms,19,medium,medium,medium,low,low,low,True,vermin_pest,"rats in the roof at night, milikapiti"
R02375,kriol_inf,19,medium,medium,medium,low,low,high,True,,ants ebriwea la kitchen longa Milikapiti
R02376,app_style,19,medium,medium,medium,low,low,low,True,vermin_pest,"rats in the roof at night, Angurugu"
R02377,officer,19,medium,medium,high,low,low,high,True,,Ant infestation in the kitchen. Location: Angurugu.
R02378,sms,19,medium,medium,medium,medium,medium,high,True,,"rats in the roof at night, angurugu"
R02379,kriol_inf,19,medium,medium,medium,low,low,high,True,,ants ebriwea la kitchen longa Angurugu
R02380,app_style,19,medium,medium,medium,medium,medium,medium,True,vermin_pest,"rats in the roof at night, Darwin"
R02381,officer,19,medium,medium,high,low,low,high,True,,Ant infestation in the kitchen. Location: Darwin.
R02382,sms,19,medium,medium,medium,medium,medium,high,True,,"rats in the roof at night, darwin"
R02383,kriol_inf,19,medium,medium,medium,low,low,high,True,,ants ebriwea la kitchen longa Darwin
R02384,app_style,19,medium,medium,medium,low,low,high,True,,"termites in the back wall, Daly Waters"
R02385,officer,19,medium,medium,high,low,low,high,True,,Ant infestation in the kitchen. Location: Daly Waters.
R02386,sms,19,medium,medium,medium,high,medium,high,True,vermin_pest|water_contamination,"termites in the back wall, daly waters"
R02387,kriol_inf,19,medium,medium,medium,low,low,high,True,,ants ebriwea la kitchen longa Daly Waters
R02388,app_style,19,medium,medium,medium,medium,medium,high,True,,"termites in the back wall, Batchelor"
R02389,officer,19,medium,medium,high,low,low,high,True,,Ant infestation in the kitchen. Location: Batchelor.
R02390,sms,19,medium,medium,medium,medium,medium,high,True,,"termites in the back wall, batchelor"
R02391,kriol_inf,19,medium,medium,medium,low,low,high,True,,ants ebriwea la kitchen longa Batchelor
R02392,app_style,19,medium,medium,medium,medium,medium,high,True,,"termites in the back wall, Papunya"
R02393,officer,19,medium,medium,high,low,low,high,True,,Ant infestation in the kitchen. Location: Papunya.
R02394,sms,19,medium,medium,medium,medium,medium,high,True,,"termites in the back wall, papunya"
R02395,kriol_inf,19,medium,medium,medium,medium,medium,high,True,,ants ebriwea la kitchen longa Papunya
R02396,app_style,19,medium,medium,medium,low,low,high,True,,"ants everywhere in the kitchen, Beswick"
R02397,officer,19,medium,medium,high,low,low,high,True,,Ant infestation in the kitchen. Location: Beswick.
R02398,sms,19,medium,medium,medium,low,low,high,True,,"ants everywhere in the kitchen, beswick"
R02399,kriol_inf,19,medium,medium,medium,low,low,high,True,,ants ebriwea la kitchen longa Beswick
R02400,app_style,20,high,high,high,high,medium,high,True,vermin_pest|child_safety,"snake in the yard near the kids, got a baby here, Minyerri"
R02401,officer,20,high,high,high,high,medium,high,True,vermin_pest|child_safety,Snake sighted in the yard near young children. Location: Minyerri.
R02402,sms,20,high,medium,medium,medium,medium,medium,True,vermin_pest,"snake in the yard near the kidz, got a bub here, minyerri"
R02403,kriol_inf,20,high,low,high,low,low,high,True,,snek la yad klostu biginini longa Minyerri
R02404,app_style,20,high,high,high,medium,medium,medium,True,vermin_pest,"snake in the yard near the kids, got a baby here, Ti Tree"
R02405,officer,20,high,high,high,medium,medium,high,True,,Snake sighted in the yard near young children. Location: Ti Tree.
R02406,sms,20,high,high,high,high,medium,high,True,child_safety|vermin_pest,"snake in the yard near the kidz, got a baby here, ti tree"
R02407,kriol_inf,20,high,low,high,low,low,high,True,,snek la yad klostu biginini longa Ti Tree
R02408,app_style,20,high,high,high,medium,medium,medium,True,vermin_pest,"snake came into the laundry, got a baby here, Ngukurr"
R02409,officer,20,high,high,high,medium,medium,medium,True,child_safety,Snake sighted in the yard near young children. Location: Ngukurr.
R02410,sms,20,high,high,high,low,low,high,True,,"snake came into the laundry, got a baby here, ngukurr"
R02411,kriol_inf,20,high,low,high,low,low,high,True,,snek la yad klostu biginini longa Ngukurr
R02412,app_style,20,high,high,high,high,medium,high,True,child_safety|vermin_pest,"snake came into the laundry, got a baby here, Alice Springs"
R02413,officer,20,high,high,high,high,high,high,True,child_safety,Snake sighted in the yard near young children. Location: Alice Springs.
R02414,sms,20,high,medium,medium,low,low,low,True,vermin_pest,"snake came into the laundry, got a bub here, alice springs"
R02415,kriol_inf,20,high,low,high,low,low,high,True,,snek la yad klostu biginini longa Alice Springs
R02416,app_style,20,high,high,high,high,medium,high,True,vermin_pest|child_safety,"snake in the yard near the kids, got a baby here, Robinson River"
R02417,officer,20,high,high,high,medium,medium,high,True,,Snake sighted in the yard near young children. Location: Robinson River.
R02418,sms,20,high,medium,medium,high,medium,high,True,vermin_pest|child_safety,"snake in the yard near the kidz, got a bub here, robinson river"
R02419,kriol_inf,20,high,low,high,low,low,high,True,,snek la yad klostu biginini longa Robinson River
R02420,app_style,20,high,high,high,high,medium,high,True,vermin_pest|child_safety,"snake in the yard near the kids, got a baby here, Pine Creek"
R02421,officer,20,high,high,high,medium,medium,high,True,,Snake sighted in the yard near young children. Location: Pine Creek.
R02422,sms,20,high,high,high,high,low,high,True,vermin_pest|child_safety,"snake in the yard near the kids, got a bub here, pine creek"
R02423,kriol_inf,20,high,low,high,low,low,high,True,,snek la yad klostu biginini longa Pine Creek
R02424,app_style,20,high,high,high,high,medium,high,True,vermin_pest|child_safety,"snake in the yard near the kids, got a baby here, Mutitjulu"
R02425,officer,20,high,high,high,medium,medium,high,True,,Snake sighted in the yard near young children. Location: Mutitjulu.
R02426,sms,20,high,medium,medium,high,medium,high,True,vermin_pest|child_safety,"snake in the yard near the kidz, got a bub here, mutitjulu"
R02427,kriol_inf,20,high,low,high,low,low,high,True,,snek la yad klostu biginini longa Mutitjulu
R02428,app_style,20,high,high,high,medium,medium,medium,True,vermin_pest,"snake came into the laundry, got a baby here, Ngukurr"
R02429,officer,20,high,high,high,medium,medium,medium,True,child_safety,Snake sighted in the yard near young children. Location: Ngukurr.
R02430,sms,20,high,high,high,low,low,high,True,,"snake came into the laundry, got a baby here, ngukurr"
R02431,kriol_inf,20,high,low,high,low,low,high,True,,snek la yad klostu biginini longa Ngukurr
R02432,app_style,20,high,high,high,high,medium,high,True,vermin_pest|child_safety,"snake in the yard near the kids, got a baby here, Umbakumba"
R02433,officer,20,high,high,high,high,high,high,True,child_safety|vermin_pest,Snake sighted in the yard near young children. Location: Umbakumba.
R02434,sms,20,high,medium,medium,high,medium,high,True,vermin_pest|child_safety,"snake in the yard near the kidz, got a bub here, umbakumba"
R02435,kriol_inf,20,high,low,high,low,low,high,True,,snek la yad klostu biginini longa Umbakumba
R02436,app_style,20,high,high,high,high,medium,high,True,child_safety|vermin_pest,"snake in the yard near the kids, got a baby here, Gapuwiyak"
R02437,officer,20,high,high,high,medium,medium,medium,True,child_safety,Snake sighted in the yard near young children. Location: Gapuwiyak.
R02438,sms,20,high,high,high,high,medium,high,True,vermin_pest|child_safety,"snake in the yard near the kids, got a baby here, gapuwiyak"
R02439,kriol_inf,20,high,low,high,low,low,high,True,,snek la yad klostu biginini longa Gapuwiyak
R02440,app_style,20,high,high,high,high,medium,high,True,vermin_pest|child_safety,"snake came into the laundry, got a baby here, Katherine"
R02441,officer,20,high,high,high,high,low,high,True,child_safety|vermin_pest,Snake sighted in the yard near young children. Location: Katherine.
R02442,sms,20,high,medium,medium,medium,medium,medium,True,vermin_pest,"snake came into the laundry, got a bub here, katherine"
R02443,kriol_inf,20,high,low,high,low,low,high,True,,snek la yad klostu biginini longa Katherine
R02444,app_style,20,high,high,high,high,medium,high,True,vermin_pest|child_safety,"snake in the yard near the kids, got a baby here, Pine Creek"
R02445,officer,20,high,high,high,medium,medium,high,True,,Snake sighted in the yard near young children. Location: Pine Creek.
R02446,sms,20,high,high,high,high,medium,high,True,vermin_pest|child_safety,"snake in the yard near the kids, got a baby here, pine creek"
R02447,kriol_inf,20,high,low,high,low,low,high,True,,snek la yad klostu biginini longa Pine Creek
R02448,app_style,20,high,high,high,high,medium,high,True,vermin_pest|child_safety,"snake came into the laundry, got a baby here, Timber Creek"
R02449,officer,20,high,high,high,medium,medium,high,True,,Snake sighted in the yard near young children. Location: Timber Creek.
R02450,sms,20,high,medium,medium,medium,medium,medium,True,vermin_pest,"snake came into the laundry, got a bub here, timber creek"
R02451,kriol_inf,20,high,low,high,low,low,high,True,,snek la yad klostu biginini longa Timber Creek
R02452,app_style,20,high,high,high,medium,medium,medium,True,vermin_pest,"snake in the yard near the kids, got a baby here, Angurugu"
R02453,officer,20,high,high,high,medium,medium,high,True,,Snake sighted in the yard near young children. Location: Angurugu.
R02454,sms,20,high,high,high,medium,medium,medium,True,vermin_pest,"snake in the yard near the kidz, got a baby here, angurugu"
R02455,kriol_inf,20,high,low,high,low,low,high,True,,snek la yad klostu biginini longa Angurugu
R02456,app_style,20,high,high,high,medium,medium,medium,True,vermin_pest,"snake in the yard near the kids, got a baby here, Wadeye"
R02457,officer,20,high,high,high,medium,medium,medium,True,child_safety,Snake sighted in the yard near young children. Location: Wadeye.
R02458,sms,20,high,medium,medium,high,medium,high,True,vermin_pest|child_safety,"snake in the yard near the kidz, got a bub here, wadeye"
R02459,kriol_inf,20,high,low,high,low,low,high,True,,snek la yad klostu biginini longa Wadeye
R02460,app_style,20,high,high,high,high,medium,high,True,vermin_pest|child_safety,"snake in the yard near the kids, got a baby here, Darwin"
R02461,officer,20,high,high,high,high,medium,high,True,child_safety|vermin_pest,Snake sighted in the yard near young children. Location: Darwin.
R02462,sms,20,high,high,high,high,medium,high,True,vermin_pest|child_safety,"snake in the yard near the kids, got a bub here, darwin"
R02463,kriol_inf,20,high,low,high,low,low,high,True,,snek la yad klostu biginini longa Darwin
R02464,app_style,20,high,high,high,high,high,high,True,vermin_pest|child_safety,"snake came into the laundry, got a baby here, Warruwi"
R02465,officer,20,high,high,high,high,medium,high,True,child_safety|vermin_pest,Snake sighted in the yard near young children. Location: Warruwi.
R02466,sms,20,high,medium,medium,medium,medium,medium,True,vermin_pest,"snake came into the laundry, got a bub here, warruwi"
R02467,kriol_inf,20,high,low,high,low,low,high,True,,snek la yad klostu biginini longa Warruwi
R02468,app_style,20,high,high,high,high,medium,high,True,vermin_pest|child_safety,"snake in the yard near the kids, got a baby here, Borroloola"
R02469,officer,20,high,high,high,high,high,high,True,child_safety,Snake sighted in the yard near young children. Location: Borroloola.
R02470,sms,20,high,high,high,high,medium,high,True,vermin_pest|child_safety,"snake in the yard near the kids, got a bub here, borroloola"
R02471,kriol_inf,20,high,low,high,low,low,high,True,,snek la yad klostu biginini longa Borroloola
R02472,app_style,20,high,high,high,high,medium,high,True,child_safety|vermin_pest,"snake in the yard near the kids, got a baby here, Hermannsburg"
R02473,officer,20,high,high,high,high,medium,high,True,child_safety|vermin_pest,Snake sighted in the yard near young children. Location: Hermannsburg.
R02474,sms,20,high,medium,medium,high,medium,high,True,vermin_pest|child_safety,"snake in the yard near the kidz, got a bub here, hermannsburg"
R02475,kriol_inf,20,high,low,high,low,low,high,True,,snek la yad klostu biginini longa Hermannsburg
R02476,app_style,20,high,high,high,medium,medium,medium,True,vermin_pest,"snake came into the laundry, got a baby here, Maningrida"
R02477,officer,20,high,high,high,high,medium,high,True,child_safety|vermin_pest,Snake sighted in the yard near young children. Location: Maningrida.
R02478,sms,20,high,medium,medium,medium,medium,medium,True,vermin_pest,"snake came into the laundry, got a bub here, maningrida"
R02479,kriol_inf,20,high,low,high,low,low,high,True,,snek la yad klostu biginini longa Maningrida
R02480,app_style,20,high,high,high,medium,medium,medium,True,vermin_pest,"snake in the yard near the kids, got a baby here, Tennant Creek"
R02481,officer,20,high,high,high,medium,medium,high,True,,Snake sighted in the yard near young children. Location: Tennant Creek.
R02482,sms,20,high,high,high,high,medium,high,True,vermin_pest|child_safety,"snake in the yard near the kids, got a bub here, tennant creek"
R02483,kriol_inf,20,high,low,high,critical,medium,critical,True,sewage,snek la yad klostu biginini longa Tennant Creek
R02484,app_style,20,high,high,high,high,high,high,True,vermin_pest|child_safety,"snake came into the laundry, got a baby here, Humpty Doo"
R02485,officer,20,high,high,high,medium,medium,high,True,,Snake sighted in the yard near young children. Location: Humpty Doo.
R02486,sms,20,high,medium,medium,low,low,low,True,vermin_pest,"snake came into the laundry, got a bub here, humpty doo"
R02487,kriol_inf,20,high,low,high,low,low,high,True,,snek la yad klostu biginini longa Humpty Doo
R02488,app_style,20,high,high,high,high,medium,high,True,vermin_pest|child_safety,"snake in the yard near the kids, got a baby here, Elliott"
R02489,officer,20,high,high,high,medium,medium,high,True,,Snake sighted in the yard near young children. Location: Elliott.
R02490,sms,20,high,medium,medium,critical,medium,critical,True,vermin_pest|medical_equipment,"snake in the yard near the kidz, got a bub here, elliott"
R02491,kriol_inf,20,high,low,high,low,low,high,True,,snek la yad klostu biginini longa Elliott
R02492,app_style,20,high,high,high,low,low,low,True,vermin_pest,"snake in the yard near the kids, got a baby here, Milikapiti"
R02493,officer,20,high,high,high,medium,medium,high,True,,Snake sighted in the yard near young children. Location: Milikapiti.
R02494,sms,20,high,medium,medium,high,medium,high,True,vermin_pest|child_safety,"snake in the yard near the kidz, got a bub here, milikapiti"
R02495,kriol_inf,20,high,low,high,low,low,high,True,,snek la yad klostu biginini longa Milikapiti
R02496,app_style,20,high,high,high,high,medium,high,True,child_safety|vermin_pest,"snake in the yard near the kids, got a baby here, Hermannsburg"
R02497,officer,20,high,high,high,high,medium,high,True,child_safety|vermin_pest,Snake sighted in the yard near young children. Location: Hermannsburg.
R02498,sms,20,high,high,high,medium,medium,medium,True,vermin_pest,"snake in the yard near the kidz, got a baby here, hermannsburg"
R02499,kriol_inf,20,high,low,high,low,low,high,True,,snek la yad klostu biginini longa Hermannsburg
R02500,app_style,20,high,high,high,low,low,low,True,vermin_pest,"snake in the yard near the kids, got a baby here, Timber Creek"
R02501,officer,20,high,high,high,medium,medium,high,True,,Snake sighted in the yard near young children. Location: Timber Creek.
R02502,sms,20,high,high,high,medium,medium,high,True,,"snake in the yard near the kidz, got a baby here, timber creek"
R02503,kriol_inf,20,high,low,high,low,low,high,True,,snek la yad klostu biginini longa Timber Creek
R02504,app_style,20,high,high,high,medium,medium,medium,True,vermin_pest,"snake came into the laundry, got a baby here, Mataranka"
R02505,officer,20,high,high,high,high,high,high,True,,Snake sighted in the yard near young children. Location: Mataranka.
R02506,sms,20,high,medium,medium,medium,medium,medium,True,vermin_pest,"snake came into the laundry, got a bub here, mataranka"
R02507,kriol_inf,20,high,low,high,low,low,high,True,,snek la yad klostu biginini longa Mataranka
R02508,app_style,20,high,high,high,high,medium,high,True,vermin_pest|child_safety,"snake in the yard near the kids, got a baby here, Numbulwar"
R02509,officer,20,high,high,high,high,high,high,True,child_safety,Snake sighted in the yard near young children. Location: Numbulwar.
R02510,sms,20,high,medium,medium,high,medium,high,True,vermin_pest|child_safety,"snake in the yard near the kidz, got a bub here, numbulwar"
R02511,kriol_inf,20,high,low,high,low,low,high,True,,snek la yad klostu biginini longa Numbulwar
R02512,app_style,20,high,high,high,high,high,high,True,vermin_pest|child_safety,"snake came into the laundry, got a baby here, Kalkarindji"
R02513,officer,20,high,high,high,medium,medium,high,True,,Snake sighted in the yard near young children. Location: Kalkarindji.
R02514,sms,20,high,high,high,medium,medium,medium,True,vermin_pest,"snake came into the laundry, got a baby here, kalkarindji"
R02515,kriol_inf,20,high,low,high,low,low,high,True,,snek la yad klostu biginini longa Kalkarindji
R02516,app_style,20,high,high,high,medium,medium,medium,True,child_safety,"snake in the yard near the kids, got a baby here, Minjilang"
R02517,officer,20,high,high,high,medium,medium,medium,True,child_safety,Snake sighted in the yard near young children. Location: Minjilang.
R02518,sms,20,high,high,high,medium,medium,medium,True,vermin_pest,"snake in the yard near the kidz, got a baby here, minjilang"
R02519,kriol_inf,20,high,low,high,low,low,high,True,,snek la yad klostu biginini longa Minjilang
R02520,app_style,21,low,medium,medium,low,low,high,True,,"mosquito screens torn, Yirrkala"
R02521,officer,21,low,low,high,low,low,high,True,,Fly screens torn. Location: Yirrkala.
R02522,sms,21,low,medium,medium,low,low,high,True,,"mosquito screens torn, yirrkala"
R02523,kriol_inf,21,low,low,high,low,low,high,True,,skrin brok longa Yirrkala
R02524,app_style,21,low,low,high,low,low,high,True,,"general wear and tear, Mutitjulu"
R02525,officer,21,low,low,high,low,low,high,True,,Fly screens torn. Location: Mutitjulu.
R02526,sms,21,low,low,high,low,low,high,True,,"general wear and tear, mutitjulu"
R02527,kriol_inf,21,low,low,high,low,low,high,True,,skrin brok longa Mutitjulu
R02528,app_style,21,low,low,high,low,low,high,True,,"loose hinge on the cupboard, Daly Waters"
R02529,officer,21,low,low,high,low,low,high,True,,Fly screens torn. Location: Daly Waters.
R02530,sms,21,low,low,high,low,low,low,True,no_water,"loose hinge on the cupboard, daly waters"
R02531,kriol_inf,21,low,low,high,low,low,high,True,,skrin brok longa Daly Waters
R02532,app_style,21,low,low,high,low,low,high,True,,"loose hinge on the cupboard, Mutitjulu"
R02533,officer,21,low,low,high,low,low,high,True,,Fly screens torn. Location: Mutitjulu.
R02534,sms,21,low,low,high,low,low,high,True,,"loose hinge on the cupboard, mutitjulu"
R02535,kriol_inf,21,low,low,high,low,low,high,True,,skrin brok longa Mutitjulu
R02536,app_style,21,low,low,high,low,low,high,True,,"loose hinge on the cupboard, Papunya"
R02537,officer,21,low,low,high,low,low,high,True,,Fly screens torn. Location: Papunya.
R02538,sms,21,low,low,high,low,low,high,True,,"loose hinge on the cupboard, papunya"
R02539,kriol_inf,21,low,low,high,low,low,high,True,,skrin brok longa Papunya
R02540,app_style,21,low,low,high,low,low,high,True,,"general wear and tear, Yirrkala"
R02541,officer,21,low,low,high,low,low,high,True,,Fly screens torn. Location: Yirrkala.
R02542,sms,21,low,low,high,low,low,high,True,,"general wear and tear, yirrkala"
R02543,kriol_inf,21,low,low,high,low,low,high,True,,skrin brok longa Yirrkala
R02544,app_style,21,low,low,high,low,low,high,True,,"loose hinge on the cupboard, Milingimbi"
R02545,officer,21,low,low,high,low,low,high,True,,Fly screens torn. Location: Milingimbi.
R02546,sms,21,low,low,high,low,low,high,True,,"loose hinge on the cupboard, milingimbi"
R02547,kriol_inf,21,low,low,high,low,low,high,True,,skrin brok longa Milingimbi
R02548,app_style,21,low,low,high,low,low,high,True,,"general wear and tear, Palmerston"
R02549,officer,21,low,low,high,low,low,high,True,,Fly screens torn. Location: Palmerston.
R02550,sms,21,low,low,high,low,low,high,True,,"general wear and tear, palmerston"
R02551,kriol_inf,21,low,low,high,low,low,high,True,,skrin brok longa Palmerston
R02552,app_style,21,low,medium,medium,low,low,high,True,,"mosquito screens torn, Kalkarindji"
R02553,officer,21,low,low,high,low,low,high,True,,Fly screens torn. Location: Kalkarindji.
R02554,sms,21,low,medium,medium,low,low,high,True,,"mosquito screens torn, kalkarindji"
R02555,kriol_inf,21,low,low,high,low,low,high,True,,skrin brok longa Kalkarindji
R02556,app_style,21,low,low,high,low,low,high,True,,"general wear and tear, Papunya"
R02557,officer,21,low,low,high,low,low,high,True,,Fly screens torn. Location: Papunya.
R02558,sms,21,low,low,high,low,low,high,True,,"general wear and tear, papunya"
R02559,kriol_inf,21,low,low,high,low,low,high,True,,skrin brok longa Papunya
R02560,app_style,21,low,low,high,low,low,high,True,,"general wear and tear, Lajamanu"
R02561,officer,21,low,low,high,low,low,high,True,,Fly screens torn. Location: Lajamanu.
R02562,sms,21,low,low,high,low,low,high,True,,"general wear and tear, lajamanu"
R02563,kriol_inf,21,low,low,high,low,low,high,True,,skrin brok longa Lajamanu
R02564,app_style,21,low,low,high,low,low,high,True,,"loose hinge on the cupboard, Warruwi"
R02565,officer,21,low,low,high,low,low,high,True,,Fly screens torn. Location: Warruwi.
R02566,sms,21,low,low,high,low,low,high,True,,"loose hinge on the cupboard, warruwi"
R02567,kriol_inf,21,low,low,high,low,low,high,True,,skrin brok longa Warruwi
R02568,app_style,21,low,low,high,low,low,high,True,,"loose hinge on the cupboard, Ramingining"
R02569,officer,21,low,low,high,low,low,high,True,,Fly screens torn. Location: Ramingining.
R02570,sms,21,low,low,high,low,low,high,True,,"loose hinge on the cupboard, ramingining"
R02571,kriol_inf,21,low,low,high,low,low,high,True,,skrin brok longa Ramingining
R02572,app_style,21,low,medium,medium,low,low,high,True,,"mosquito screens torn, Elliott"
R02573,officer,21,low,low,high,low,low,high,True,,Fly screens torn. Location: Elliott.
R02574,sms,21,low,medium,medium,low,low,high,True,,"mosquito screens torn, elliott"
R02575,kriol_inf,21,low,low,high,low,low,high,True,,skrin brok longa Elliott
R02576,app_style,21,low,medium,medium,low,low,high,True,,"mosquito screens torn, Borroloola"
R02577,officer,21,low,low,high,low,low,high,True,,Fly screens torn. Location: Borroloola.
R02578,sms,21,low,medium,medium,low,low,high,True,,"mosquito screens torn, borroloola"
R02579,kriol_inf,21,low,low,high,low,low,high,True,,skrin brok longa Borroloola
R02580,app_style,21,low,low,high,low,low,high,True,,"general wear and tear, Warruwi"
R02581,officer,21,low,low,high,low,low,high,True,,Fly screens torn. Location: Warruwi.
R02582,sms,21,low,low,high,low,low,high,True,,"general wear and tear, warruwi"
R02583,kriol_inf,21,low,low,high,low,low,high,True,,skrin brok longa Warruwi
R02584,app_style,21,low,low,high,low,low,high,True,,"general wear and tear, Wurrumiyanga"
R02585,officer,21,low,low,high,low,low,high,True,,Fly screens torn. Location: Wurrumiyanga.
R02586,sms,21,low,low,high,low,low,high,True,,"general wear and tear, wurrumiyanga"
R02587,kriol_inf,21,low,low,high,low,low,high,True,,skrin brok longa Wurrumiyanga
R02588,app_style,21,low,low,high,low,low,high,True,,"loose hinge on the cupboard, Borroloola"
R02589,officer,21,low,low,high,low,low,high,True,,Fly screens torn. Location: Borroloola.
R02590,sms,21,low,low,high,low,low,high,True,,"loose hinge on the cupboard, borroloola"
R02591,kriol_inf,21,low,low,high,low,low,high,True,,skrin brok longa Borroloola
R02592,app_style,21,low,low,high,low,low,high,True,,"loose hinge on the cupboard, Warruwi"
R02593,officer,21,low,low,high,low,low,high,True,,Fly screens torn. Location: Warruwi.
R02594,sms,21,low,low,high,low,low,high,True,,"loose hinge on the cupboard, warruwi"
R02595,kriol_inf,21,low,low,high,low,low,high,True,,skrin brok longa Warruwi
R02596,app_style,21,low,low,high,low,low,high,True,,"loose hinge on the cupboard, Daly Waters"
R02597,officer,21,low,low,high,low,low,high,True,,Fly screens torn. Location: Daly Waters.
R02598,sms,21,low,low,high,low,low,low,True,no_water,"loose hinge on the cupboard, daly waters"
R02599,kriol_inf,21,low,low,high,low,low,high,True,,skrin brok longa Daly Waters
R02600,app_style,21,low,low,high,low,low,high,True,,"loose hinge on the cupboard, Mataranka"
R02601,officer,21,low,low,high,low,low,high,True,,Fly screens torn. Location: Mataranka.
R02602,sms,21,low,low,high,low,low,high,True,,"loose hinge on the cupboard, mataranka"
R02603,kriol_inf,21,low,low,high,low,low,high,True,,skrin brok longa Mataranka
R02604,app_style,21,low,low,high,low,low,high,True,,"loose hinge on the cupboard, Alice Springs"
R02605,officer,21,low,low,high,low,low,high,True,,Fly screens torn. Location: Alice Springs.
R02606,sms,21,low,low,high,low,low,high,True,,"loose hinge on the cupboard, alice springs"
R02607,kriol_inf,21,low,low,high,low,low,high,True,,skrin brok longa Alice Springs
R02608,app_style,21,low,medium,medium,low,low,high,True,,"mosquito screens torn, Numbulwar"
R02609,officer,21,low,low,high,low,low,high,True,,Fly screens torn. Location: Numbulwar.
R02610,sms,21,low,medium,medium,low,low,high,True,,"mosquito screens torn, numbulwar"
R02611,kriol_inf,21,low,low,high,low,low,high,True,,skrin brok longa Numbulwar
R02612,app_style,21,low,low,high,low,low,high,True,,"general wear and tear, Pine Creek"
R02613,officer,21,low,low,high,low,low,high,True,,Fly screens torn. Location: Pine Creek.
R02614,sms,21,low,low,high,low,low,high,True,,"general wear and tear, pine creek"
R02615,kriol_inf,21,low,low,high,low,low,high,True,,skrin brok longa Pine Creek
R02616,app_style,21,low,medium,medium,low,low,high,True,,"mosquito screens torn, Katherine"
R02617,officer,21,low,low,high,low,low,high,True,,Fly screens torn. Location: Katherine.
R02618,sms,21,low,medium,medium,low,low,high,True,,"mosquito screens torn, katherine"
R02619,kriol_inf,21,low,low,high,low,low,high,True,,skrin brok longa Katherine
R02620,app_style,21,low,low,high,low,low,high,True,,"loose hinge on the cupboard, Minyerri"
R02621,officer,21,low,low,high,low,low,high,True,,Fly screens torn. Location: Minyerri.
R02622,sms,21,low,low,high,low,low,high,True,,"loose hinge on the cupboard, minyerri"
R02623,kriol_inf,21,low,low,high,low,low,high,True,,skrin brok longa Minyerri
R02624,app_style,21,low,medium,medium,low,low,high,True,,"mosquito screens torn, Palumpa"
R02625,officer,21,low,low,high,low,low,high,True,,Fly screens torn. Location: Palumpa.
R02626,sms,21,low,medium,medium,low,low,high,True,,"mosquito screens torn, palumpa"
R02627,kriol_inf,21,low,low,high,low,low,high,True,,skrin brok longa Palumpa
R02628,app_style,21,low,medium,medium,low,low,high,True,,"mosquito screens torn, Mataranka"
R02629,officer,21,low,low,high,low,low,high,True,,Fly screens torn. Location: Mataranka.
R02630,sms,21,low,medium,medium,low,low,high,True,,"mosquito screens torn, mataranka"
R02631,kriol_inf,21,low,low,high,low,low,high,True,,skrin brok longa Mataranka
R02632,app_style,21,low,medium,medium,low,low,high,True,,"mosquito screens torn, Peppimenarti"
R02633,officer,21,low,low,high,low,low,high,True,,Fly screens torn. Location: Peppimenarti.
R02634,sms,21,low,medium,medium,low,low,high,True,,"mosquito screens torn, peppimenarti"
R02635,kriol_inf,21,low,low,high,low,low,high,True,,skrin brok longa Peppimenarti
R02636,app_style,21,low,medium,medium,low,low,high,True,,"mosquito screens torn, Barunga"
R02637,officer,21,low,low,high,low,low,high,True,,Fly screens torn. Location: Barunga.
R02638,sms,21,low,medium,medium,low,low,high,True,,"mosquito screens torn, barunga"
R02639,kriol_inf,21,low,low,high,low,low,high,True,,skrin brok longa Barunga
